"id","kategori","deger"
"2","A","425"
"6","A","240"
"7","A","447"
"15","A","177"
"21","A","420"
"30","A","292"
"31","A","213"
"35","A","282"
"37","A","298"
"38","A","320"
"57","A","359"
"59","A","452"
"62","A","379"
"63","A","268"
"67","A","261"
"72","A","86"
"74","A","290"
"82","A","344"
"87","A","351"
"99","A","443"
"116","A","186"
"119","A","491"
"121","A","343"
"124","A","311"
"127","A","310"
"131","A","134"
"132","A","217"
"133","A","450"
"135","A","175"
"136","A","271"
"137","A","347"
"139","A","417"
"141","A","304"
"148","A","49"
"152","A","135"
"154","A","59"
"158","A","419"
"161","A","17"
"165","A","265"
"171","A","163"
"178","A","240"
"180","A","280"
"184","A","468"
"185","A","464"
"192","A","59"
"198","A","156"
"203","A","362"
"205","A","487"
"209","A","44"
"212","A","377"
"215","A","115"
"217","A","380"
"226","A","233"
"228","A","138"
"229","A","442"
"243","A","461"
"246","A","89"
"247","A","53"
"248","A","87"
"251","A","190"
"253","A","283"
"254","A","433"
"260","A","292"
"262","A","147"
"263","A","84"
"274","A","332"
"276","A","459"
"278","A","431"
"286","A","297"
"287","A","294"
"288","A","387"
"290","A","426"
"292","A","282"
"298","A","278"
"300","A","397"
"301","A","328"
"305","A","338"
"317","A","380"
"321","A","426"
"330","A","232"
"331","A","135"
"336","A","307"
"351","A","433"
"352","A","427"
"358","A","487"
"361","A","109"
"362","A","299"
"374","A","395"
"377","A","38"
"379","A","497"
"383","A","452"
"384","A","446"
"388","A","183"
"389","A","337"
"399","A","164"
"403","A","231"
"413","A","377"
"415","A","154"
"416","A","304"
"425","A","271"
"426","A","483"
"428","A","330"
"430","A","39"
"432","A","95"
"440","A","254"
"442","A","378"
"454","A","192"
"461","A","216"
"463","A","379"
"467","A","322"
"468","A","313"
"470","A","462"
"476","A","125"
"478","A","118"
"482","A","102"
"484","A","324"
"488","A","233"
"489","A","498"
"491","A","389"
"492","A","145"
"494","A","451"
"498","A","316"
"501","A","75"
"502","A","197"
"505","A","287"
"510","A","490"
"530","A","207"
"532","A","35"
"533","A","212"
"538","A","245"
"544","A","238"
"546","A","89"
"550","A","93"
"552","A","367"
"554","A","479"
"572","A","394"
"576","A","45"
"581","A","33"
"589","A","455"
"590","A","146"
"592","A","312"
"596","A","116"
"600","A","487"
"610","A","455"
"616","A","86"
"624","A","358"
"626","A","244"
"630","A","155"
"632","A","411"
"633","A","427"
"636","A","296"
"643","A","451"
"645","A","219"
"646","A","361"
"647","A","446"
"649","A","71"
"653","A","377"
"655","A","264"
"662","A","89"
"664","A","202"
"665","A","34"
"668","A","169"
"670","A","150"
"675","A","13"
"681","A","195"
"684","A","146"
"687","A","22"
"692","A","284"
"702","A","445"
"704","A","432"
"705","A","291"
"712","A","314"
"723","A","13"
"724","A","368"
"725","A","368"
"728","A","290"
"731","A","193"
"732","A","284"
"737","A","214"
"738","A","55"
"743","A","225"
"748","A","338"
"751","A","401"
"758","A","222"
"762","A","149"
"764","A","21"
"766","A","230"
"769","A","305"
"770","A","364"
"771","A","294"
"772","A","385"
"775","A","153"
"776","A","265"
"780","A","294"
"785","A","174"
"792","A","245"
"794","A","344"
"796","A","405"
"798","A","434"
"800","A","251"
"802","A","116"
"803","A","222"
"807","A","455"
"809","A","151"
"812","A","84"
"815","A","440"
"816","A","198"
"819","A","292"
"830","A","365"
"831","A","431"
"834","A","92"
"837","A","470"
"839","A","372"
"842","A","466"
"844","A","304"
"845","A","29"
"852","A","405"
"855","A","479"
"861","A","31"
"865","A","94"
"866","A","40"
"870","A","267"
"873","A","499"
"878","A","118"
"879","A","44"
"880","A","400"
"885","A","496"
"886","A","284"
"889","A","106"
"892","A","22"
"893","A","443"
"900","A","273"
"911","A","166"
"912","A","93"
"920","A","234"
"922","A","464"
"924","A","352"
"926","A","304"
"929","A","427"
"932","A","310"
"933","A","362"
"935","A","315"
"937","A","165"
"941","A","21"
"943","A","342"
"944","A","385"
"946","A","283"
"949","A","275"
"952","A","277"
"957","A","497"
"960","A","267"
"961","A","38"
"965","A","366"
"966","A","171"
"972","A","186"
"983","A","34"
"995","A","250"
"996","A","228"
"1002","A","294"
"1003","A","12"
"1004","A","286"
"1005","A","424"
"1007","A","232"
"1010","A","361"
"1011","A","289"
"1014","A","12"
"1019","A","355"
"1021","A","47"
"1028","A","170"
"1029","A","131"
"1032","A","459"
"1034","A","198"
"1038","A","146"
"1040","A","158"
"1043","A","291"
"1047","A","282"
"1048","A","260"
"1049","A","181"
"1051","A","138"
"1054","A","209"
"1055","A","451"
"1060","A","161"
"1061","A","180"
"1063","A","383"
"1066","A","125"
"1068","A","274"
"1069","A","459"
"1070","A","227"
"1074","A","20"
"1075","A","458"
"1077","A","238"
"1079","A","17"
"1081","A","219"
"1082","A","274"
"1085","A","468"
"1086","A","311"
"1103","A","309"
"1106","A","361"
"1110","A","419"
"1111","A","466"
"1117","A","153"
"1118","A","487"
"1139","A","31"
"1141","A","378"
"1149","A","257"
"1150","A","461"
"1151","A","217"
"1155","A","150"
"1157","A","262"
"1161","A","426"
"1164","A","372"
"1166","A","44"
"1174","A","208"
"1187","A","426"
"1192","A","231"
"1195","A","188"
"1199","A","450"
"1200","A","210"
"1204","A","482"
"1206","A","108"
"1208","A","258"
"1209","A","67"
"1210","A","238"
"1215","A","311"
"1218","A","395"
"1220","A","304"
"1222","A","426"
"1224","A","40"
"1232","A","182"
"1233","A","176"
"1236","A","370"
"1238","A","226"
"1240","A","424"
"1254","A","130"
"1268","A","157"
"1276","A","144"
"1278","A","315"
"1282","A","352"
"1283","A","78"
"1289","A","124"
"1290","A","308"
"1291","A","30"
"1293","A","41"
"1297","A","363"
"1298","A","96"
"1308","A","170"
"1312","A","365"
"1313","A","439"
"1322","A","366"
"1324","A","303"
"1325","A","57"
"1326","A","436"
"1327","A","37"
"1329","A","434"
"1343","A","61"
"1349","A","481"
"1362","A","107"
"1368","A","311"
"1375","A","249"
"1377","A","295"
"1384","A","310"
"1386","A","326"
"1389","A","211"
"1394","A","128"
"1399","A","245"
"1402","A","244"
"1407","A","494"
"1412","A","366"
"1416","A","212"
"1418","A","314"
"1419","A","120"
"1420","A","293"
"1421","A","256"
"1430","A","43"
"1431","A","81"
"1437","A","491"
"1440","A","131"
"1445","A","412"
"1451","A","284"
"1454","A","314"
"1455","A","252"
"1460","A","94"
"1461","A","301"
"1462","A","177"
"1469","A","41"
"1470","A","96"
"1472","A","341"
"1481","A","41"
"1483","A","73"
"1487","A","165"
"1488","A","380"
"1489","A","362"
"1490","A","465"
"1495","A","217"
"1512","A","48"
"1513","A","154"
"1519","A","395"
"1521","A","76"
"1522","A","413"
"1523","A","10"
"1524","A","142"
"1527","A","432"
"1533","A","483"
"1536","A","99"
"1539","A","90"
"1543","A","83"
"1548","A","299"
"1550","A","351"
"1551","A","144"
"1555","A","448"
"1566","A","443"
"1582","A","324"
"1586","A","129"
"1587","A","242"
"1597","A","125"
"1599","A","334"
"1603","A","55"
"1607","A","40"
"1610","A","451"
"1613","A","368"
"1617","A","398"
"1619","A","488"
"1620","A","371"
"1626","A","19"
"1627","A","247"
"1634","A","321"
"1636","A","65"
"1637","A","10"
"1638","A","247"
"1641","A","71"
"1642","A","240"
"1644","A","179"
"1648","A","302"
"1658","A","195"
"1667","A","404"
"1671","A","302"
"1673","A","297"
"1674","A","62"
"1675","A","138"
"1682","A","194"
"1683","A","104"
"1685","A","468"
"1687","A","199"
"1688","A","95"
"1694","A","141"
"1696","A","141"
"1698","A","319"
"1700","A","198"
"1710","A","425"
"1711","A","449"
"1712","A","65"
"1713","A","109"
"1719","A","223"
"1727","A","381"
"1734","A","432"
"1736","A","155"
"1747","A","486"
"1754","A","311"
"1756","A","44"
"1757","A","487"
"1764","A","182"
"1767","A","468"
"1769","A","410"
"1772","A","118"
"1788","A","194"
"1790","A","245"
"1799","A","147"
"1801","A","304"
"1804","A","184"
"1807","A","229"
"1811","A","49"
"1813","A","171"
"1824","A","146"
"1825","A","242"
"1829","A","470"
"1831","A","33"
"1839","A","286"
"1848","A","394"
"1851","A","457"
"1853","A","213"
"1856","A","126"
"1857","A","69"
"1859","A","427"
"1867","A","26"
"1868","A","16"
"1871","A","491"
"1876","A","287"
"1879","A","408"
"1882","A","303"
"1883","A","351"
"1884","A","358"
"1889","A","315"
"1892","A","47"
"1894","A","98"
"1901","A","114"
"1902","A","375"
"1903","A","397"
"1906","A","456"
"1907","A","221"
"1909","A","472"
"1919","A","31"
"1921","A","74"
"1925","A","376"
"1926","A","202"
"1932","A","480"
"1944","A","164"
"1946","A","438"
"1955","A","347"
"1958","A","320"
"1961","A","360"
"1964","A","98"
"1965","A","169"
"1966","A","451"
"1968","A","189"
"1969","A","211"
"1970","A","454"
"1971","A","493"
"1975","A","24"
"1980","A","392"
"1989","A","55"
"1993","A","149"
"1994","A","462"
"1995","A","86"
"1997","A","159"
"1999","A","297"
"2008","A","55"
"2009","A","345"
"2011","A","465"
"2016","A","86"
"2018","A","55"
"2023","A","115"
"2024","A","467"
"2031","A","259"
"2034","A","151"
"2040","A","467"
"2042","A","366"
"2049","A","191"
"2060","A","44"
"2067","A","160"
"2070","A","57"
"2080","A","358"
"2082","A","36"
"2084","A","86"
"2085","A","332"
"2087","A","367"
"2089","A","324"
"2101","A","491"
"2102","A","155"
"2111","A","322"
"2113","A","12"
"2114","A","328"
"2116","A","78"
"2118","A","471"
"2123","A","494"
"2126","A","284"
"2130","A","441"
"2131","A","241"
"2133","A","194"
"2135","A","116"
"2143","A","445"
"2144","A","292"
"2146","A","126"
"2147","A","217"
"2150","A","194"
"2152","A","394"
"2153","A","234"
"2159","A","13"
"2160","A","426"
"2161","A","443"
"2172","A","231"
"2174","A","490"
"2181","A","75"
"2184","A","173"
"2186","A","369"
"2191","A","256"
"2193","A","494"
"2194","A","183"
"2199","A","92"
"2200","A","84"
"2204","A","162"
"2205","A","121"
"2209","A","280"
"2210","A","106"
"2217","A","178"
"2223","A","353"
"2225","A","478"
"2227","A","118"
"2228","A","46"
"2231","A","194"
"2234","A","79"
"2239","A","345"
"2240","A","477"
"2242","A","127"
"2246","A","327"
"2249","A","272"
"2250","A","194"
"2260","A","451"
"2265","A","415"
"2268","A","410"
"2270","A","345"
"2271","A","388"
"2272","A","380"
"2275","A","122"
"2278","A","284"
"2287","A","10"
"2288","A","216"
"2289","A","44"
"2296","A","339"
"2300","A","391"
"2301","A","201"
"2303","A","210"
"2304","A","129"
"2305","A","253"
"2313","A","202"
"2315","A","404"
"2317","A","390"
"2325","A","288"
"2333","A","288"
"2334","A","119"
"2339","A","106"
"2342","A","251"
"2343","A","137"
"2344","A","105"
"2351","A","415"
"2359","A","479"
"2367","A","265"
"2368","A","496"
"2378","A","191"
"2381","A","153"
"2384","A","261"
"2394","A","89"
"2400","A","430"
"2403","A","366"
"2405","A","97"
"2418","A","358"
"2420","A","103"
"2422","A","424"
"2423","A","379"
"2427","A","344"
"2428","A","25"
"2440","A","350"
"2445","A","239"
"2446","A","128"
"2449","A","252"
"2454","A","350"
"2455","A","393"
"2458","A","401"
"2464","A","437"
"2467","A","247"
"2468","A","186"
"2479","A","271"
"2480","A","168"
"2481","A","74"
"2482","A","113"
"2491","A","142"
"2494","A","38"
"2502","A","214"
"2506","A","64"
"2511","A","376"
"2514","A","193"
"2519","A","255"
"2520","A","433"
"2526","A","238"
"2527","A","137"
"2529","A","158"
"2540","A","340"
"2541","A","461"
"2542","A","419"
"2545","A","349"
"2551","A","201"
"2552","A","78"
"2554","A","122"
"2563","A","119"
"2569","A","373"
"2571","A","490"
"2572","A","415"
"2573","A","50"
"2574","A","323"
"2576","A","37"
"2577","A","222"
"2594","A","342"
"2597","A","276"
"2601","A","281"
"2603","A","408"
"2607","A","219"
"2632","A","99"
"2642","A","19"
"2643","A","110"
"2644","A","21"
"2651","A","489"
"2653","A","32"
"2655","A","225"
"2665","A","71"
"2668","A","117"
"2675","A","313"
"2676","A","120"
"2680","A","303"
"2683","A","346"
"2685","A","91"
"2688","A","122"
"2691","A","263"
"2700","A","287"
"2703","A","149"
"2706","A","63"
"2721","A","333"
"2724","A","390"
"2727","A","403"
"2729","A","478"
"2743","A","144"
"2744","A","362"
"2746","A","452"
"2747","A","488"
"2751","A","351"
"2756","A","382"
"2761","A","339"
"2763","A","129"
"2764","A","322"
"2768","A","227"
"2769","A","283"
"2771","A","271"
"2776","A","85"
"2787","A","371"
"2791","A","178"
"2792","A","475"
"2793","A","405"
"2798","A","91"
"2799","A","271"
"2804","A","355"
"2806","A","58"
"2808","A","493"
"2810","A","355"
"2811","A","234"
"2812","A","266"
"2822","A","228"
"2827","A","183"
"2829","A","478"
"2832","A","151"
"2833","A","422"
"2837","A","160"
"2838","A","68"
"2840","A","98"
"2841","A","475"
"2842","A","324"
"2848","A","277"
"2855","A","173"
"2857","A","132"
"2858","A","186"
"2872","A","286"
"2881","A","401"
"2882","A","382"
"2885","A","86"
"2888","A","474"
"2893","A","56"
"2902","A","223"
"2907","A","479"
"2911","A","213"
"2914","A","334"
"2915","A","215"
"2920","A","19"
"2922","A","117"
"2923","A","290"
"2932","A","379"
"2933","A","150"
"2934","A","42"
"2935","A","364"
"2937","A","113"
"2938","A","20"
"2939","A","414"
"2940","A","471"
"2942","A","160"
"2946","A","429"
"2955","A","445"
"2956","A","394"
"2959","A","441"
"2961","A","229"
"2966","A","424"
"2967","A","386"
"2969","A","413"
"2974","A","15"
"2977","A","119"
"2978","A","27"
"2979","A","392"
"2980","A","294"
"2982","A","383"
"2995","A","237"
"2997","A","493"
"3004","A","422"
"3005","A","274"
"3007","A","110"
"3009","A","250"
"3012","A","48"
"3026","A","107"
"3027","A","171"
"3033","A","379"
"3036","A","399"
"3042","A","57"
"3043","A","118"
"3048","A","59"
"3051","A","121"
"3055","A","231"
"3066","A","82"
"3067","A","469"
"3070","A","325"
"3078","A","43"
"3083","A","209"
"3085","A","336"
"3094","A","107"
"3097","A","413"
"3101","A","227"
"3105","A","11"
"3108","A","233"
"3110","A","62"
"3115","A","409"
"3116","A","404"
"3121","A","460"
"3124","A","445"
"3133","A","141"
"3138","A","409"
"3141","A","195"
"3143","A","298"
"3147","A","265"
"3149","A","290"
"3150","A","302"
"3153","A","385"
"3161","A","349"
"3163","A","103"
"3164","A","370"
"3165","A","159"
"3167","A","427"
"3172","A","68"
"3177","A","170"
"3179","A","156"
"3180","A","481"
"3193","A","219"
"3197","A","331"
"3198","A","272"
"3201","A","348"
"3203","A","331"
"3206","A","276"
"3209","A","416"
"3210","A","19"
"3214","A","417"
"3218","A","118"
"3226","A","245"
"3236","A","285"
"3247","A","460"
"3248","A","96"
"3249","A","72"
"3252","A","16"
"3258","A","317"
"3262","A","212"
"3270","A","388"
"3276","A","213"
"3281","A","379"
"3282","A","257"
"3284","A","258"
"3292","A","425"
"3293","A","178"
"3299","A","484"
"3302","A","285"
"3305","A","149"
"3307","A","471"
"3308","A","243"
"3311","A","309"
"3312","A","90"
"3313","A","305"
"3330","A","23"
"3335","A","454"
"3339","A","166"
"3352","A","455"
"3354","A","151"
"3366","A","363"
"3368","A","189"
"3369","A","124"
"3371","A","203"
"3375","A","130"
"3380","A","197"
"3384","A","90"
"3386","A","407"
"3387","A","40"
"3388","A","258"
"3391","A","203"
"3394","A","86"
"3397","A","471"
"3404","A","148"
"3409","A","218"
"3414","A","312"
"3423","A","104"
"3427","A","59"
"3432","A","356"
"3436","A","287"
"3439","A","366"
"3441","A","317"
"3442","A","471"
"3451","A","238"
"3456","A","76"
"3457","A","95"
"3461","A","96"
"3469","A","352"
"3474","A","380"
"3482","A","220"
"3483","A","360"
"3485","A","358"
"3491","A","250"
"3495","A","497"
"3501","A","214"
"3502","A","448"
"3503","A","136"
"3504","A","341"
"3507","A","24"
"3508","A","75"
"3509","A","303"
"3511","A","234"
"3512","A","107"
"3515","A","448"
"3517","A","227"
"3521","A","499"
"3525","A","168"
"3536","A","401"
"3537","A","433"
"3539","A","344"
"3542","A","105"
"3544","A","143"
"3545","A","176"
"3546","A","485"
"3548","A","146"
"3550","A","171"
"3551","A","214"
"3552","A","320"
"3556","A","485"
"3557","A","224"
"3564","A","22"
"3573","A","47"
"3575","A","271"
"3579","A","60"
"3581","A","410"
"3584","A","410"
"3586","A","499"
"3588","A","483"
"3590","A","164"
"3593","A","14"
"3594","A","74"
"3599","A","357"
"3600","A","268"
"3602","A","434"
"3618","A","392"
"3619","A","340"
"3631","A","288"
"3636","A","314"
"3637","A","115"
"3642","A","374"
"3647","A","493"
"3648","A","314"
"3649","A","461"
"3656","A","179"
"3663","A","468"
"3664","A","252"
"3675","A","123"
"3679","A","327"
"3680","A","240"
"3686","A","277"
"3692","A","322"
"3697","A","170"
"3699","A","82"
"3706","A","65"
"3708","A","365"
"3711","A","158"
"3712","A","490"
"3714","A","397"
"3729","A","99"
"3732","A","333"
"3733","A","260"
"3736","A","62"
"3737","A","352"
"3748","A","86"
"3751","A","26"
"3752","A","450"
"3753","A","276"
"3760","A","434"
"3765","A","44"
"3767","A","315"
"3774","A","315"
"3776","A","10"
"3778","A","363"
"3787","A","300"
"3789","A","422"
"3796","A","48"
"3798","A","58"
"3799","A","342"
"3808","A","343"
"3811","A","395"
"3813","A","256"
"3814","A","333"
"3824","A","348"
"3828","A","176"
"3836","A","76"
"3838","A","113"
"3842","A","169"
"3848","A","469"
"3849","A","49"
"3851","A","208"
"3855","A","467"
"3859","A","412"
"3876","A","423"
"3882","A","407"
"3887","A","290"
"3893","A","344"
"3897","A","56"
"3899","A","462"
"3903","A","187"
"3909","A","182"
"3912","A","70"
"3913","A","182"
"3914","A","387"
"3928","A","188"
"3931","A","378"
"3932","A","77"
"3934","A","427"
"3938","A","452"
"3940","A","268"
"3944","A","411"
"3946","A","233"
"3948","A","24"
"3950","A","263"
"3957","A","255"
"3958","A","194"
"3960","A","16"
"3962","A","337"
"3963","A","224"
"3966","A","271"
"3976","A","453"
"3978","A","38"
"3981","A","123"
"3987","A","377"
"3991","A","325"
"3993","A","165"
"4013","A","242"
"4014","A","308"
"4017","A","138"
"4018","A","183"
"4026","A","455"
"4027","A","292"
"4030","A","183"
"4045","A","17"
"4052","A","363"
"4053","A","161"
"4055","A","30"
"4057","A","315"
"4061","A","391"
"4063","A","205"
"4066","A","82"
"4067","A","418"
"4070","A","141"
"4071","A","329"
"4072","A","345"
"4073","A","34"
"4075","A","16"
"4079","A","305"
"4083","A","415"
"4084","A","100"
"4086","A","70"
"4087","A","211"
"4092","A","120"
"4095","A","65"
"4096","A","202"
"4102","A","337"
"4104","A","311"
"4105","A","287"
"4109","A","30"
"4116","A","249"
"4131","A","35"
"4135","A","83"
"4146","A","49"
"4153","A","468"
"4154","A","352"
"4159","A","312"
"4162","A","251"
"4168","A","80"
"4176","A","444"
"4181","A","250"
"4191","A","227"
"4193","A","14"
"4194","A","82"
"4197","A","411"
"4213","A","471"
"4220","A","396"
"4222","A","66"
"4226","A","413"
"4231","A","244"
"4239","A","120"
"4245","A","214"
"4247","A","114"
"4249","A","269"
"4250","A","23"
"4252","A","403"
"4263","A","374"
"4264","A","494"
"4266","A","201"
"4268","A","135"
"4274","A","30"
"4276","A","178"
"4278","A","19"
"4279","A","126"
"4287","A","289"
"4293","A","485"
"4294","A","436"
"4304","A","275"
"4309","A","297"
"4310","A","442"
"4314","A","153"
"4320","A","201"
"4325","A","111"
"4326","A","119"
"4333","A","204"
"4335","A","383"
"4346","A","68"
"4349","A","200"
"4358","A","145"
"4363","A","42"
"4365","A","164"
"4366","A","276"
"4367","A","362"
"4373","A","498"
"4375","A","359"
"4378","A","179"
"4382","A","403"
"4395","A","492"
"4405","A","285"
"4406","A","495"
"4415","A","261"
"4422","A","445"
"4425","A","349"
"4429","A","464"
"4433","A","393"
"4441","A","360"
"4442","A","439"
"4445","A","61"
"4447","A","323"
"4449","A","474"
"4452","A","224"
"4455","A","129"
"4457","A","212"
"4461","A","475"
"4468","A","326"
"4469","A","25"
"4472","A","251"
"4478","A","123"
"4480","A","268"
"4489","A","214"
"4491","A","496"
"4492","A","380"
"4495","A","231"
"4498","A","397"
"4499","A","438"
"4500","A","485"
"4501","A","304"
"4502","A","211"
"4503","A","63"
"4506","A","294"
"4510","A","411"
"4512","A","287"
"4522","A","35"
"4526","A","275"
"4529","A","431"
"4533","A","479"
"4534","A","498"
"4544","A","40"
"4553","A","237"
"4554","A","97"
"4560","A","292"
"4562","A","472"
"4563","A","435"
"4572","A","371"
"4573","A","39"
"4574","A","56"
"4575","A","184"
"4576","A","59"
"4582","A","203"
"4585","A","56"
"4586","A","182"
"4587","A","138"
"4589","A","128"
"4591","A","365"
"4597","A","98"
"4600","A","111"
"4601","A","432"
"4602","A","144"
"4609","A","113"
"4610","A","13"
"4612","A","291"
"4613","A","406"
"4614","A","361"
"4615","A","436"
"4617","A","385"
"4622","A","332"
"4624","A","216"
"4630","A","85"
"4633","A","193"
"4634","A","177"
"4641","A","452"
"4642","A","366"
"4643","A","427"
"4645","A","143"
"4647","A","497"
"4648","A","233"
"4653","A","418"
"4655","A","49"
"4660","A","449"
"4663","A","400"
"4671","A","302"
"4675","A","287"
"4681","A","163"
"4682","A","101"
"4687","A","251"
"4691","A","331"
"4692","A","267"
"4697","A","311"
"4703","A","305"
"4704","A","159"
"4711","A","435"
"4713","A","154"
"4720","A","59"
"4721","A","118"
"4726","A","76"
"4728","A","29"
"4731","A","32"
"4732","A","414"
"4734","A","398"
"4737","A","432"
"4740","A","78"
"4743","A","475"
"4749","A","227"
"4751","A","133"
"4752","A","20"
"4765","A","264"
"4774","A","90"
"4778","A","25"
"4784","A","442"
"4787","A","314"
"4789","A","111"
"4790","A","231"
"4794","A","130"
"4806","A","454"
"4807","A","67"
"4810","A","34"
"4818","A","196"
"4821","A","37"
"4822","A","286"
"4824","A","94"
"4831","A","401"
"4845","A","410"
"4847","A","298"
"4850","A","174"
"4852","A","84"
"4853","A","37"
"4856","A","439"
"4863","A","262"
"4864","A","363"
"4865","A","273"
"4866","A","52"
"4871","A","30"
"4872","A","440"
"4877","A","354"
"4878","A","78"
"4879","A","156"
"4880","A","116"
"4881","A","176"
"4883","A","39"
"4885","A","456"
"4893","A","275"
"4896","A","266"
"4897","A","10"
"4901","A","393"
"4907","A","408"
"4911","A","62"
"4913","A","480"
"4919","A","336"
"4920","A","32"
"4926","A","142"
"4930","A","71"
"4932","A","348"
"4935","A","480"
"4936","A","37"
"4937","A","346"
"4944","A","402"
"4948","A","120"
"4952","A","383"
"4957","A","123"
"4958","A","231"
"4961","A","357"
"4966","A","84"
"4982","A","120"
"4990","A","316"
"4993","A","411"
"4995","A","37"
"5006","A","297"
"5010","A","160"
"5013","A","457"
"5014","A","479"
"5015","A","168"
"5016","A","28"
"5017","A","209"
"5025","A","389"
"5026","A","50"
"5029","A","16"
"5036","A","270"
"5045","A","185"
"5049","A","383"
"5054","A","276"
"5062","A","455"
"5068","A","266"
"5070","A","366"
"5071","A","486"
"5072","A","71"
"5074","A","252"
"5075","A","53"
"5078","A","47"
"5081","A","267"
"5083","A","19"
"5090","A","183"
"5105","A","322"
"5106","A","333"
"5109","A","322"
"5110","A","52"
"5117","A","95"
"5128","A","166"
"5144","A","100"
"5146","A","477"
"5148","A","358"
"5149","A","203"
"5150","A","24"
"5152","A","276"
"5153","A","433"
"5154","A","353"
"5156","A","88"
"5158","A","466"
"5159","A","397"
"5162","A","461"
"5181","A","90"
"5188","A","290"
"5203","A","10"
"5205","A","235"
"5207","A","12"
"5209","A","366"
"5211","A","463"
"5217","A","73"
"5222","A","323"
"5224","A","241"
"5226","A","246"
"5228","A","162"
"5231","A","34"
"5232","A","19"
"5235","A","172"
"5244","A","178"
"5246","A","156"
"5252","A","113"
"5253","A","92"
"5257","A","273"
"5258","A","142"
"5261","A","207"
"5267","A","454"
"5268","A","455"
"5270","A","406"
"5271","A","354"
"5272","A","316"
"5276","A","99"
"5279","A","240"
"5281","A","50"
"5282","A","248"
"5287","A","154"
"5289","A","123"
"5290","A","100"
"5296","A","47"
"5305","A","77"
"5308","A","229"
"5309","A","352"
"5311","A","201"
"5312","A","135"
"5317","A","268"
"5318","A","273"
"5324","A","330"
"5326","A","278"
"5328","A","194"
"5329","A","436"
"5331","A","233"
"5342","A","161"
"5347","A","354"
"5349","A","129"
"5353","A","79"
"5354","A","253"
"5355","A","334"
"5359","A","330"
"5362","A","120"
"5365","A","23"
"5366","A","301"
"5371","A","24"
"5376","A","181"
"5380","A","469"
"5385","A","91"
"5387","A","101"
"5393","A","70"
"5399","A","481"
"5406","A","132"
"5411","A","161"
"5413","A","266"
"5418","A","308"
"5419","A","403"
"5420","A","88"
"5425","A","454"
"5431","A","252"
"5433","A","64"
"5438","A","107"
"5442","A","275"
"5444","A","353"
"5447","A","256"
"5453","A","465"
"5454","A","383"
"5455","A","46"
"5459","A","331"
"5468","A","121"
"5470","A","99"
"5480","A","253"
"5481","A","302"
"5487","A","87"
"5489","A","326"
"5492","A","83"
"5495","A","187"
"5496","A","330"
"5505","A","31"
"5506","A","19"
"5513","A","491"
"5516","A","223"
"5520","A","421"
"5522","A","345"
"5525","A","251"
"5529","A","152"
"5536","A","126"
"5538","A","332"
"5540","A","32"
"5550","A","485"
"5556","A","332"
"5559","A","190"
"5562","A","169"
"5563","A","202"
"5566","A","112"
"5573","A","80"
"5584","A","206"
"5587","A","218"
"5588","A","493"
"5601","A","21"
"5603","A","487"
"5605","A","67"
"5608","A","339"
"5614","A","485"
"5622","A","42"
"5625","A","44"
"5631","A","163"
"5634","A","366"
"5635","A","123"
"5638","A","148"
"5645","A","81"
"5656","A","67"
"5658","A","491"
"5659","A","226"
"5662","A","114"
"5663","A","392"
"5666","A","413"
"5673","A","210"
"5675","A","351"
"5676","A","232"
"5678","A","168"
"5682","A","267"
"5686","A","329"
"5691","A","285"
"5693","A","440"
"5695","A","238"
"5697","A","234"
"5701","A","212"
"5703","A","182"
"5706","A","40"
"5713","A","105"
"5714","A","19"
"5715","A","274"
"5717","A","381"
"5718","A","164"
"5722","A","38"
"5723","A","29"
"5724","A","338"
"5726","A","152"
"5731","A","345"
"5737","A","327"
"5745","A","373"
"5746","A","433"
"5755","A","424"
"5756","A","96"
"5758","A","170"
"5766","A","333"
"5772","A","405"
"5773","A","109"
"5780","A","479"
"5783","A","78"
"5790","A","416"
"5791","A","245"
"5793","A","203"
"5797","A","158"
"5798","A","439"
"5801","A","343"
"5803","A","37"
"5804","A","462"
"5805","A","310"
"5806","A","111"
"5810","A","240"
"5811","A","119"
"5817","A","488"
"5818","A","280"
"5833","A","324"
"5834","A","409"
"5835","A","361"
"5841","A","465"
"5842","A","448"
"5847","A","290"
"5858","A","29"
"5860","A","171"
"5862","A","61"
"5874","A","468"
"5875","A","378"
"5880","A","289"
"5881","A","357"
"5886","A","153"
"5888","A","71"
"5889","A","484"
"5891","A","222"
"5892","A","458"
"5894","A","260"
"5897","A","431"
"5898","A","155"
"5908","A","454"
"5913","A","499"
"5915","A","351"
"5916","A","310"
"5919","A","133"
"5920","A","190"
"5921","A","167"
"5922","A","311"
"5927","A","69"
"5929","A","64"
"5931","A","423"
"5935","A","45"
"5938","A","116"
"5939","A","102"
"5949","A","267"
"5957","A","163"
"5960","A","372"
"5965","A","254"
"5968","A","419"
"5969","A","155"
"5970","A","458"
"5973","A","238"
"5974","A","360"
"5975","A","115"
"5980","A","328"
"5991","A","188"
"6001","A","109"
"6002","A","249"
"6019","A","402"
"6020","A","385"
"6023","A","249"
"6025","A","255"
"6028","A","492"
"6030","A","458"
"6031","A","169"
"6032","A","145"
"6035","A","303"
"6039","A","375"
"6043","A","222"
"6046","A","166"
"6053","A","135"
"6054","A","51"
"6065","A","179"
"6068","A","164"
"6073","A","114"
"6074","A","468"
"6078","A","162"
"6080","A","202"
"6084","A","475"
"6087","A","387"
"6088","A","278"
"6092","A","304"
"6093","A","150"
"6095","A","387"
"6102","A","116"
"6116","A","499"
"6121","A","323"
"6131","A","457"
"6139","A","412"
"6140","A","58"
"6144","A","259"
"6150","A","39"
"6152","A","259"
"6155","A","436"
"6157","A","490"
"6163","A","41"
"6170","A","28"
"6171","A","362"
"6173","A","340"
"6174","A","234"
"6175","A","480"
"6178","A","167"
"6179","A","272"
"6182","A","249"
"6185","A","49"
"6186","A","243"
"6194","A","79"
"6203","A","254"
"6205","A","186"
"6210","A","379"
"6212","A","177"
"6218","A","477"
"6220","A","236"
"6221","A","160"
"6225","A","47"
"6228","A","400"
"6229","A","112"
"6237","A","472"
"6238","A","57"
"6240","A","81"
"6246","A","347"
"6251","A","178"
"6266","A","125"
"6272","A","202"
"6281","A","202"
"6282","A","337"
"6283","A","394"
"6286","A","380"
"6288","A","294"
"6291","A","262"
"6293","A","382"
"6294","A","475"
"6298","A","79"
"6300","A","71"
"6312","A","201"
"6322","A","57"
"6323","A","445"
"6328","A","142"
"6335","A","444"
"6341","A","85"
"6342","A","156"
"6345","A","208"
"6347","A","247"
"6348","A","496"
"6349","A","190"
"6352","A","140"
"6356","A","416"
"6362","A","252"
"6363","A","227"
"6371","A","153"
"6372","A","337"
"6373","A","98"
"6378","A","188"
"6379","A","64"
"6385","A","89"
"6389","A","454"
"6394","A","238"
"6395","A","212"
"6396","A","165"
"6397","A","179"
"6398","A","445"
"6401","A","433"
"6405","A","342"
"6407","A","399"
"6410","A","170"
"6416","A","291"
"6419","A","169"
"6420","A","211"
"6422","A","254"
"6424","A","384"
"6431","A","189"
"6432","A","109"
"6435","A","245"
"6437","A","165"
"6444","A","370"
"6446","A","34"
"6460","A","370"
"6478","A","180"
"6479","A","190"
"6481","A","294"
"6483","A","165"
"6490","A","132"
"6491","A","99"
"6495","A","292"
"6497","A","165"
"6499","A","423"
"6502","A","64"
"6504","A","458"
"6505","A","114"
"6507","A","138"
"6508","A","19"
"6513","A","332"
"6515","A","11"
"6516","A","347"
"6518","A","23"
"6522","A","270"
"6524","A","247"
"6525","A","206"
"6526","A","459"
"6528","A","160"
"6530","A","261"
"6532","A","415"
"6535","A","462"
"6536","A","253"
"6542","A","119"
"6545","A","302"
"6548","A","82"
"6549","A","24"
"6550","A","324"
"6553","A","485"
"6558","A","142"
"6561","A","415"
"6565","A","201"
"6566","A","165"
"6570","A","22"
"6573","A","248"
"6586","A","127"
"6592","A","462"
"6593","A","385"
"6594","A","131"
"6597","A","208"
"6598","A","371"
"6603","A","89"
"6606","A","377"
"6632","A","419"
"6633","A","110"
"6638","A","115"
"6642","A","82"
"6645","A","412"
"6648","A","123"
"6650","A","239"
"6656","A","386"
"6658","A","229"
"6662","A","31"
"6666","A","54"
"6670","A","78"
"6672","A","420"
"6677","A","450"
"6682","A","16"
"6683","A","105"
"6689","A","311"
"6690","A","121"
"6697","A","287"
"6699","A","257"
"6710","A","409"
"6721","A","183"
"6725","A","61"
"6731","A","172"
"6732","A","243"
"6734","A","242"
"6737","A","323"
"6740","A","127"
"6747","A","359"
"6758","A","400"
"6761","A","168"
"6764","A","49"
"6765","A","136"
"6769","A","399"
"6770","A","439"
"6774","A","375"
"6781","A","58"
"6788","A","428"
"6791","A","209"
"6797","A","16"
"6799","A","87"
"6807","A","275"
"6811","A","99"
"6814","A","461"
"6820","A","49"
"6821","A","358"
"6822","A","100"
"6827","A","212"
"6835","A","497"
"6843","A","324"
"6855","A","316"
"6856","A","449"
"6857","A","417"
"6860","A","122"
"6862","A","327"
"6863","A","27"
"6869","A","133"
"6871","A","494"
"6882","A","489"
"6885","A","170"
"6887","A","112"
"6892","A","200"
"6896","A","165"
"6901","A","468"
"6910","A","287"
"6912","A","447"
"6914","A","85"
"6917","A","351"
"6918","A","457"
"6923","A","67"
"6927","A","489"
"6935","A","272"
"6936","A","144"
"6943","A","248"
"6959","A","459"
"6960","A","417"
"6962","A","141"
"6963","A","96"
"6977","A","485"
"6981","A","393"
"6992","A","77"
"6998","A","180"
"7003","A","435"
"7007","A","62"
"7009","A","329"
"7013","A","499"
"7017","A","227"
"7023","A","473"
"7026","A","428"
"7027","A","145"
"7031","A","104"
"7050","A","48"
"7053","A","43"
"7055","A","50"
"7067","A","66"
"7074","A","351"
"7076","A","258"
"7077","A","202"
"7080","A","18"
"7102","A","313"
"7116","A","32"
"7117","A","145"
"7122","A","335"
"7125","A","203"
"7128","A","328"
"7130","A","220"
"7131","A","426"
"7137","A","247"
"7145","A","376"
"7146","A","246"
"7148","A","96"
"7153","A","283"
"7155","A","445"
"7157","A","57"
"7165","A","463"
"7174","A","322"
"7178","A","133"
"7179","A","176"
"7180","A","77"
"7181","A","175"
"7182","A","438"
"7185","A","222"
"7186","A","319"
"7196","A","16"
"7197","A","19"
"7205","A","126"
"7210","A","133"
"7216","A","116"
"7222","A","303"
"7232","A","196"
"7235","A","331"
"7237","A","378"
"7240","A","383"
"7242","A","463"
"7245","A","129"
"7252","A","443"
"7253","A","124"
"7257","A","374"
"7260","A","281"
"7261","A","258"
"7264","A","333"
"7265","A","381"
"7267","A","86"
"7268","A","270"
"7274","A","209"
"7283","A","255"
"7285","A","482"
"7286","A","17"
"7288","A","248"
"7289","A","142"
"7296","A","367"
"7299","A","448"
"7302","A","499"
"7306","A","286"
"7308","A","197"
"7310","A","447"
"7313","A","222"
"7318","A","124"
"7323","A","268"
"7328","A","119"
"7329","A","39"
"7331","A","257"
"7334","A","409"
"7340","A","94"
"7344","A","451"
"7345","A","267"
"7347","A","442"
"7348","A","462"
"7354","A","264"
"7364","A","337"
"7365","A","75"
"7368","A","319"
"7369","A","166"
"7370","A","354"
"7378","A","458"
"7379","A","396"
"7384","A","53"
"7385","A","404"
"7390","A","22"
"7391","A","393"
"7400","A","164"
"7409","A","325"
"7415","A","42"
"7419","A","438"
"7423","A","82"
"7424","A","154"
"7438","A","100"
"7443","A","466"
"7454","A","106"
"7463","A","292"
"7464","A","27"
"7473","A","343"
"7482","A","99"
"7487","A","420"
"7491","A","120"
"7492","A","295"
"7508","A","107"
"7510","A","468"
"7515","A","186"
"7516","A","270"
"7518","A","142"
"7521","A","207"
"7523","A","162"
"7524","A","420"
"7527","A","121"
"7535","A","366"
"7536","A","250"
"7538","A","321"
"7540","A","76"
"7542","A","304"
"7551","A","162"
"7562","A","304"
"7564","A","209"
"7568","A","292"
"7570","A","164"
"7572","A","278"
"7573","A","385"
"7575","A","74"
"7578","A","255"
"7580","A","342"
"7581","A","497"
"7582","A","78"
"7586","A","236"
"7597","A","463"
"7602","A","290"
"7603","A","340"
"7608","A","378"
"7612","A","230"
"7619","A","327"
"7621","A","201"
"7625","A","235"
"7627","A","331"
"7628","A","438"
"7629","A","380"
"7634","A","42"
"7636","A","276"
"7640","A","17"
"7645","A","83"
"7646","A","271"
"7649","A","138"
"7650","A","18"
"7652","A","189"
"7655","A","281"
"7662","A","258"
"7665","A","68"
"7667","A","15"
"7668","A","124"
"7670","A","278"
"7675","A","437"
"7678","A","96"
"7680","A","170"
"7684","A","126"
"7694","A","449"
"7695","A","295"
"7698","A","43"
"7710","A","422"
"7722","A","280"
"7723","A","43"
"7724","A","199"
"7728","A","135"
"7732","A","409"
"7737","A","387"
"7750","A","42"
"7754","A","422"
"7764","A","316"
"7766","A","211"
"7775","A","472"
"7776","A","74"
"7784","A","461"
"7785","A","147"
"7786","A","129"
"7792","A","241"
"7794","A","330"
"7799","A","242"
"7803","A","149"
"7813","A","72"
"7814","A","295"
"7826","A","391"
"7831","A","449"
"7832","A","476"
"7834","A","394"
"7841","A","413"
"7847","A","216"
"7851","A","327"
"7856","A","116"
"7858","A","147"
"7860","A","412"
"7861","A","227"
"7865","A","373"
"7867","A","71"
"7873","A","435"
"7876","A","221"
"7880","A","152"
"7884","A","37"
"7890","A","49"
"7891","A","483"
"7901","A","331"
"7902","A","197"
"7904","A","493"
"7907","A","124"
"7913","A","277"
"7920","A","371"
"7924","A","343"
"7929","A","325"
"7938","A","231"
"7959","A","167"
"7962","A","425"
"7964","A","352"
"7965","A","440"
"7968","A","346"
"7970","A","169"
"7976","A","483"
"7979","A","145"
"7986","A","73"
"7989","A","267"
"7990","A","308"
"7991","A","265"
"7999","A","477"
"8001","A","256"
"8003","A","416"
"8007","A","231"
"8009","A","246"
"8018","A","389"
"8022","A","35"
"8026","A","404"
"8030","A","176"
"8037","A","75"
"8046","A","22"
"8048","A","133"
"8053","A","356"
"8058","A","338"
"8062","A","311"
"8065","A","10"
"8067","A","280"
"8078","A","277"
"8079","A","387"
"8080","A","259"
"8084","A","477"
"8094","A","163"
"8100","A","435"
"8104","A","96"
"8107","A","241"
"8115","A","382"
"8116","A","245"
"8120","A","123"
"8123","A","222"
"8138","A","276"
"8144","A","347"
"8147","A","259"
"8156","A","476"
"8158","A","219"
"8163","A","27"
"8164","A","365"
"8166","A","355"
"8170","A","174"
"8173","A","41"
"8175","A","429"
"8180","A","356"
"8185","A","148"
"8189","A","26"
"8192","A","131"
"8195","A","270"
"8202","A","221"
"8211","A","471"
"8214","A","141"
"8217","A","226"
"8220","A","469"
"8223","A","14"
"8227","A","112"
"8239","A","261"
"8245","A","183"
"8248","A","119"
"8250","A","115"
"8251","A","40"
"8259","A","192"
"8263","A","155"
"8265","A","190"
"8275","A","70"
"8276","A","402"
"8279","A","96"
"8285","A","348"
"8286","A","169"
"8291","A","327"
"8292","A","120"
"8302","A","104"
"8303","A","221"
"8306","A","128"
"8315","A","75"
"8319","A","451"
"8320","A","286"
"8321","A","447"
"8324","A","16"
"8328","A","55"
"8329","A","215"
"8332","A","204"
"8335","A","109"
"8346","A","361"
"8354","A","260"
"8357","A","364"
"8359","A","89"
"8360","A","33"
"8362","A","161"
"8366","A","239"
"8369","A","156"
"8373","A","98"
"8378","A","257"
"8380","A","247"
"8388","A","238"
"8390","A","255"
"8391","A","161"
"8393","A","140"
"8398","A","217"
"8399","A","312"
"8413","A","315"
"8415","A","385"
"8441","A","421"
"8444","A","205"
"8456","A","363"
"8458","A","415"
"8466","A","62"
"8467","A","348"
"8469","A","30"
"8472","A","105"
"8473","A","329"
"8474","A","359"
"8475","A","238"
"8478","A","311"
"8484","A","26"
"8491","A","420"
"8493","A","46"
"8499","A","452"
"8501","A","202"
"8503","A","299"
"8505","A","133"
"8512","A","144"
"8518","A","488"
"8519","A","198"
"8523","A","25"
"8529","A","295"
"8537","A","128"
"8541","A","31"
"8543","A","399"
"8544","A","309"
"8547","A","384"
"8550","A","29"
"8555","A","152"
"8556","A","431"
"8558","A","280"
"8562","A","42"
"8568","A","340"
"8572","A","210"
"8573","A","84"
"8576","A","246"
"8587","A","33"
"8591","A","85"
"8599","A","349"
"8600","A","277"
"8607","A","441"
"8620","A","255"
"8623","A","182"
"8624","A","145"
"8630","A","233"
"8638","A","70"
"8642","A","436"
"8644","A","345"
"8646","A","103"
"8648","A","309"
"8654","A","462"
"8656","A","161"
"8659","A","177"
"8660","A","385"
"8663","A","168"
"8668","A","157"
"8678","A","128"
"8680","A","412"
"8690","A","366"
"8692","A","11"
"8700","A","213"
"8702","A","223"
"8703","A","417"
"8715","A","54"
"8716","A","197"
"8718","A","18"
"8721","A","407"
"8723","A","275"
"8725","A","262"
"8734","A","185"
"8741","A","177"
"8748","A","499"
"8749","A","422"
"8760","A","496"
"8762","A","397"
"8766","A","175"
"8769","A","389"
"8772","A","307"
"8773","A","118"
"8774","A","476"
"8780","A","472"
"8783","A","175"
"8784","A","287"
"8786","A","277"
"8793","A","375"
"8794","A","122"
"8797","A","496"
"8798","A","142"
"8804","A","391"
"8806","A","397"
"8811","A","434"
"8813","A","446"
"8816","A","482"
"8824","A","228"
"8831","A","415"
"8836","A","112"
"8839","A","451"
"8851","A","125"
"8852","A","402"
"8853","A","99"
"8854","A","97"
"8863","A","168"
"8869","A","118"
"8872","A","138"
"8878","A","202"
"8883","A","272"
"8886","A","131"
"8887","A","380"
"8903","A","317"
"8908","A","432"
"8910","A","230"
"8911","A","316"
"8920","A","313"
"8931","A","159"
"8938","A","478"
"8941","A","59"
"8942","A","197"
"8943","A","36"
"8944","A","189"
"8955","A","421"
"8960","A","494"
"8961","A","498"
"8962","A","223"
"8966","A","321"
"8982","A","291"
"8983","A","105"
"8984","A","363"
"8985","A","248"
"8987","A","443"
"8991","A","392"
"8992","A","78"
"8993","A","169"
"8996","A","378"
"8998","A","56"
"9000","A","84"
"9002","A","192"
"9004","A","93"
"9007","A","327"
"9010","A","80"
"9011","A","425"
"9014","A","383"
"9021","A","475"
"9023","A","43"
"9028","A","338"
"9030","A","469"
"9032","A","405"
"9035","A","341"
"9037","A","202"
"9038","A","28"
"9039","A","317"
"9044","A","242"
"9047","A","214"
"9051","A","182"
"9055","A","410"
"9056","A","269"
"9059","A","125"
"9067","A","406"
"9068","A","220"
"9069","A","161"
"9071","A","108"
"9075","A","424"
"9083","A","316"
"9089","A","262"
"9090","A","319"
"9096","A","258"
"9097","A","143"
"9098","A","239"
"9101","A","495"
"9105","A","115"
"9107","A","486"
"9109","A","49"
"9115","A","177"
"9116","A","428"
"9119","A","383"
"9121","A","220"
"9123","A","146"
"9130","A","233"
"9132","A","177"
"9135","A","275"
"9136","A","326"
"9138","A","174"
"9141","A","238"
"9143","A","427"
"9147","A","464"
"9159","A","20"
"9161","A","434"
"9165","A","314"
"9168","A","439"
"9174","A","391"
"9175","A","17"
"9177","A","333"
"9178","A","423"
"9193","A","91"
"9205","A","486"
"9208","A","338"
"9214","A","251"
"9221","A","361"
"9222","A","175"
"9235","A","48"
"9237","A","366"
"9238","A","155"
"9244","A","497"
"9250","A","221"
"9252","A","427"
"9254","A","129"
"9267","A","260"
"9272","A","149"
"9286","A","454"
"9287","A","93"
"9288","A","483"
"9289","A","71"
"9299","A","435"
"9303","A","248"
"9310","A","303"
"9314","A","309"
"9315","A","327"
"9319","A","300"
"9320","A","58"
"9323","A","216"
"9326","A","105"
"9338","A","491"
"9339","A","78"
"9342","A","404"
"9365","A","41"
"9366","A","32"
"9371","A","314"
"9376","A","480"
"9377","A","65"
"9378","A","465"
"9384","A","262"
"9385","A","96"
"9390","A","473"
"9394","A","66"
"9395","A","51"
"9402","A","456"
"9403","A","490"
"9405","A","97"
"9408","A","332"
"9410","A","55"
"9411","A","442"
"9412","A","392"
"9415","A","136"
"9420","A","143"
"9422","A","70"
"9428","A","389"
"9433","A","129"
"9435","A","361"
"9436","A","428"
"9437","A","497"
"9442","A","171"
"9443","A","398"
"9445","A","302"
"9446","A","365"
"9448","A","413"
"9450","A","153"
"9459","A","360"
"9463","A","228"
"9466","A","492"
"9468","A","402"
"9469","A","315"
"9473","A","360"
"9479","A","473"
"9482","A","288"
"9495","A","415"
"9496","A","142"
"9500","A","486"
"9501","A","374"
"9502","A","213"
"9505","A","218"
"9507","A","347"
"9528","A","138"
"9531","A","170"
"9535","A","153"
"9536","A","430"
"9539","A","44"
"9554","A","417"
"9556","A","50"
"9557","A","14"
"9565","A","452"
"9571","A","495"
"9576","A","144"
"9578","A","145"
"9581","A","404"
"9588","A","31"
"9592","A","332"
"9601","A","376"
"9606","A","201"
"9607","A","234"
"9609","A","60"
"9610","A","323"
"9612","A","362"
"9613","A","193"
"9615","A","38"
"9617","A","130"
"9618","A","89"
"9622","A","41"
"9628","A","207"
"9633","A","374"
"9634","A","124"
"9639","A","139"
"9645","A","205"
"9656","A","318"
"9657","A","216"
"9658","A","484"
"9663","A","462"
"9665","A","96"
"9668","A","440"
"9674","A","159"
"9675","A","483"
"9679","A","262"
"9685","A","219"
"9688","A","493"
"9692","A","345"
"9693","A","289"
"9694","A","203"
"9698","A","429"
"9705","A","104"
"9711","A","326"
"9713","A","89"
"9714","A","118"
"9715","A","13"
"9725","A","13"
"9726","A","30"
"9727","A","418"
"9739","A","104"
"9742","A","323"
"9743","A","436"
"9754","A","447"
"9760","A","462"
"9771","A","31"
"9773","A","445"
"9780","A","467"
"9783","A","271"
"9784","A","263"
"9787","A","323"
"9789","A","418"
"9790","A","134"
"9795","A","107"
"9796","A","134"
"9798","A","29"
"9799","A","498"
"9802","A","400"
"9806","A","310"
"9808","A","171"
"9809","A","335"
"9810","A","222"
"9817","A","442"
"9818","A","149"
"9821","A","120"
"9824","A","124"
"9825","A","199"
"9830","A","433"
"9831","A","478"
"9833","A","130"
"9834","A","271"
"9836","A","457"
"9837","A","364"
"9848","A","178"
"9849","A","172"
"9854","A","283"
"9860","A","161"
"9865","A","404"
"9868","A","380"
"9871","A","180"
"9874","A","254"
"9876","A","416"
"9878","A","492"
"9883","A","275"
"9890","A","444"
"9898","A","365"
"9901","A","271"
"9902","A","478"
"9903","A","74"
"9910","A","354"
"9918","A","209"
"9925","A","411"
"9927","A","156"
"9928","A","174"
"9934","A","224"
"9941","A","44"
"9945","A","248"
"9946","A","296"
"9953","A","334"
"9960","A","85"
"9963","A","306"
"9965","A","312"
"9986","A","265"
"9989","A","361"
"9999","A","296"
"10009","A","175"
"10011","A","241"
"10015","A","442"
"10021","A","227"
"10023","A","340"
"10024","A","367"
"10025","A","35"
"10028","A","112"
"10030","A","133"
"10032","A","293"
"10034","A","393"
"10035","A","499"
"10041","A","412"
"10054","A","337"
"10057","A","387"
"10058","A","110"
"10063","A","247"
"10068","A","460"
"10071","A","477"
"10073","A","354"
"10076","A","57"
"10080","A","293"
"10085","A","210"
"10089","A","237"
"10092","A","180"
"10098","A","466"
"10101","A","274"
"10106","A","397"
"10109","A","168"
"10114","A","85"
"10116","A","282"
"10125","A","22"
"10126","A","94"
"10131","A","243"
"10140","A","425"
"10149","A","109"
"10152","A","237"
"10153","A","443"
"10157","A","371"
"10162","A","192"
"10171","A","167"
"10177","A","226"
"10181","A","169"
"10186","A","166"
"10191","A","222"
"10192","A","405"
"10196","A","94"
"10197","A","62"
"10203","A","298"
"10210","A","306"
"10213","A","166"
"10217","A","467"
"10223","A","186"
"10225","A","182"
"10227","A","134"
"10232","A","161"
"10240","A","203"
"10244","A","257"
"10245","A","148"
"10248","A","331"
"10250","A","198"
"10254","A","103"
"10256","A","416"
"10270","A","261"
"10271","A","257"
"10276","A","447"
"10287","A","281"
"10290","A","12"
"10291","A","351"
"10292","A","293"
"10296","A","198"
"10297","A","115"
"10298","A","177"
"10314","A","87"
"10316","A","234"
"10321","A","283"
"10322","A","466"
"10324","A","206"
"10325","A","85"
"10327","A","121"
"10328","A","321"
"10329","A","459"
"10333","A","173"
"10338","A","29"
"10344","A","144"
"10346","A","182"
"10350","A","392"
"10353","A","264"
"10355","A","201"
"10357","A","279"
"10364","A","30"
"10368","A","475"
"10371","A","488"
"10379","A","90"
"10380","A","118"
"10383","A","129"
"10385","A","16"
"10390","A","159"
"10394","A","107"
"10395","A","46"
"10408","A","434"
"10413","A","215"
"10415","A","199"
"10416","A","195"
"10417","A","127"
"10423","A","338"
"10426","A","256"
"10429","A","88"
"10430","A","239"
"10432","A","330"
"10440","A","345"
"10443","A","341"
"10447","A","428"
"10458","A","361"
"10464","A","383"
"10466","A","142"
"10471","A","12"
"10487","A","43"
"10491","A","409"
"10493","A","494"
"10505","A","81"
"10508","A","97"
"10512","A","323"
"10515","A","92"
"10524","A","92"
"10530","A","290"
"10531","A","85"
"10533","A","294"
"10535","A","384"
"10536","A","394"
"10539","A","68"
"10548","A","224"
"10551","A","437"
"10553","A","353"
"10558","A","71"
"10563","A","473"
"10564","A","436"
"10566","A","307"
"10575","A","10"
"10577","A","339"
"10579","A","360"
"10582","A","356"
"10584","A","128"
"10585","A","404"
"10586","A","222"
"10587","A","302"
"10588","A","431"
"10590","A","427"
"10594","A","141"
"10602","A","24"
"10603","A","316"
"10606","A","490"
"10608","A","81"
"10610","A","76"
"10617","A","112"
"10618","A","248"
"10622","A","261"
"10633","A","321"
"10635","A","385"
"10637","A","429"
"10641","A","398"
"10642","A","60"
"10645","A","346"
"10646","A","479"
"10647","A","476"
"10650","A","428"
"10652","A","92"
"10655","A","243"
"10657","A","147"
"10659","A","283"
"10664","A","347"
"10666","A","205"
"10673","A","180"
"10674","A","384"
"10675","A","350"
"10677","A","283"
"10678","A","170"
"10679","A","103"
"10691","A","256"
"10692","A","459"
"10700","A","429"
"10701","A","80"
"10704","A","182"
"10708","A","171"
"10712","A","139"
"10715","A","28"
"10716","A","408"
"10721","A","143"
"10722","A","292"
"10727","A","86"
"10730","A","178"
"10734","A","414"
"10740","A","420"
"10741","A","42"
"10745","A","385"
"10750","A","359"
"10755","A","245"
"10758","A","286"
"10759","A","234"
"10760","A","192"
"10761","A","98"
"10762","A","20"
"10781","A","434"
"10782","A","93"
"10797","A","48"
"10799","A","319"
"10806","A","311"
"10814","A","186"
"10825","A","241"
"10831","A","225"
"10832","A","218"
"10834","A","245"
"10838","A","195"
"10853","A","351"
"10857","A","382"
"10869","A","258"
"10879","A","324"
"10889","A","246"
"10891","A","219"
"10893","A","173"
"10895","A","195"
"10902","A","345"
"10906","A","167"
"10909","A","495"
"10911","A","464"
"10913","A","441"
"10922","A","287"
"10923","A","292"
"10931","A","454"
"10933","A","339"
"10937","A","380"
"10940","A","233"
"10943","A","359"
"10945","A","158"
"10946","A","431"
"10948","A","24"
"10949","A","414"
"10967","A","452"
"10971","A","36"
"10972","A","457"
"10973","A","371"
"10974","A","126"
"10975","A","72"
"10977","A","207"
"10980","A","166"
"10981","A","411"
"10986","A","237"
"10990","A","283"
"10995","A","60"
"11005","A","127"
"11007","A","159"
"11010","A","307"
"11014","A","267"
"11018","A","419"
"11022","A","219"
"11023","A","209"
"11026","A","212"
"11036","A","325"
"11039","A","282"
"11040","A","258"
"11042","A","75"
"11043","A","302"
"11045","A","289"
"11049","A","417"
"11054","A","199"
"11055","A","214"
"11068","A","357"
"11077","A","459"
"11078","A","451"
"11081","A","370"
"11084","A","136"
"11086","A","252"
"11089","A","237"
"11093","A","207"
"11100","A","159"
"11103","A","269"
"11107","A","37"
"11114","A","359"
"11116","A","190"
"11118","A","355"
"11127","A","19"
"11130","A","462"
"11135","A","266"
"11136","A","290"
"11148","A","14"
"11155","A","425"
"11156","A","315"
"11167","A","60"
"11170","A","133"
"11171","A","133"
"11176","A","337"
"11183","A","245"
"11184","A","32"
"11188","A","294"
"11191","A","159"
"11194","A","202"
"11195","A","380"
"11196","A","423"
"11203","A","47"
"11208","A","425"
"11210","A","341"
"11215","A","88"
"11220","A","86"
"11231","A","141"
"11235","A","101"
"11236","A","33"
"11240","A","165"
"11245","A","362"
"11254","A","320"
"11255","A","298"
"11257","A","18"
"11262","A","416"
"11267","A","414"
"11269","A","85"
"11273","A","488"
"11275","A","440"
"11283","A","345"
"11284","A","193"
"11285","A","483"
"11286","A","17"
"11287","A","212"
"11291","A","10"
"11293","A","307"
"11295","A","187"
"11301","A","335"
"11302","A","430"
"11307","A","44"
"11312","A","177"
"11313","A","88"
"11314","A","392"
"11316","A","203"
"11321","A","124"
"11323","A","464"
"11326","A","159"
"11329","A","290"
"11338","A","360"
"11344","A","478"
"11345","A","422"
"11346","A","145"
"11348","A","195"
"11349","A","28"
"11351","A","492"
"11353","A","36"
"11363","A","66"
"11365","A","464"
"11366","A","270"
"11378","A","104"
"11384","A","195"
"11387","A","246"
"11393","A","114"
"11395","A","474"
"11401","A","20"
"11411","A","121"
"11413","A","175"
"11414","A","356"
"11418","A","339"
"11425","A","193"
"11429","A","227"
"11430","A","302"
"11438","A","385"
"11440","A","318"
"11444","A","373"
"11445","A","44"
"11451","A","372"
"11453","A","460"
"11454","A","353"
"11460","A","182"
"11464","A","378"
"11468","A","195"
"11475","A","446"
"11478","A","419"
"11479","A","407"
"11484","A","150"
"11487","A","384"
"11488","A","240"
"11495","A","179"
"11505","A","53"
"11508","A","478"
"11513","A","25"
"11519","A","228"
"11520","A","279"
"11526","A","479"
"11527","A","372"
"11528","A","322"
"11530","A","132"
"11531","A","124"
"11532","A","312"
"11536","A","229"
"11538","A","362"
"11539","A","71"
"11540","A","147"
"11543","A","245"
"11548","A","318"
"11550","A","153"
"11554","A","236"
"11555","A","402"
"11568","A","333"
"11576","A","125"
"11577","A","271"
"11579","A","441"
"11583","A","391"
"11586","A","337"
"11591","A","341"
"11593","A","440"
"11595","A","152"
"11596","A","251"
"11599","A","67"
"11605","A","139"
"11608","A","316"
"11609","A","428"
"11611","A","403"
"11618","A","435"
"11620","A","124"
"11626","A","413"
"11628","A","44"
"11630","A","247"
"11639","A","186"
"11641","A","10"
"11650","A","164"
"11652","A","234"
"11660","A","449"
"11663","A","323"
"11666","A","113"
"11671","A","250"
"11674","A","166"
"11682","A","445"
"11689","A","64"
"11695","A","86"
"11700","A","16"
"11702","A","17"
"11706","A","126"
"11708","A","307"
"11725","A","263"
"11728","A","99"
"11729","A","380"
"11731","A","23"
"11733","A","162"
"11742","A","142"
"11745","A","350"
"11746","A","254"
"11747","A","349"
"11749","A","294"
"11752","A","76"
"11754","A","410"
"11757","A","186"
"11761","A","457"
"11765","A","258"
"11767","A","20"
"11770","A","326"
"11771","A","488"
"11774","A","86"
"11783","A","175"
"11787","A","444"
"11790","A","127"
"11809","A","158"
"11810","A","411"
"11811","A","451"
"11812","A","19"
"11814","A","177"
"11817","A","38"
"11821","A","41"
"11822","A","335"
"11838","A","182"
"11843","A","327"
"11846","A","409"
"11849","A","183"
"11852","A","429"
"11853","A","396"
"11857","A","275"
"11860","A","94"
"11861","A","143"
"11863","A","169"
"11864","A","117"
"11875","A","339"
"11883","A","358"
"11887","A","226"
"11901","A","31"
"11906","A","214"
"11908","A","167"
"11909","A","162"
"11914","A","43"
"11917","A","186"
"11918","A","446"
"11919","A","47"
"11920","A","59"
"11930","A","109"
"11931","A","371"
"11947","A","268"
"11948","A","388"
"11949","A","438"
"11951","A","485"
"11954","A","407"
"11958","A","392"
"11962","A","424"
"11969","A","152"
"11972","A","239"
"11977","A","260"
"11978","A","389"
"11980","A","418"
"11982","A","221"
"11983","A","87"
"11984","A","452"
"11987","A","286"
"11991","A","255"
"11993","A","370"
"11997","A","385"
"11998","A","118"
"12000","A","238"
"12001","A","167"
"12003","A","70"
"12004","A","221"
"12008","A","29"
"12009","A","281"
"12014","A","108"
"12018","A","214"
"12019","A","31"
"12024","A","477"
"12027","A","457"
"12031","A","381"
"12041","A","286"
"12042","A","299"
"12045","A","329"
"12054","A","127"
"12060","A","20"
"12067","A","317"
"12069","A","94"
"12072","A","250"
"12076","A","475"
"12081","A","123"
"12089","A","498"
"12091","A","130"
"12094","A","154"
"12095","A","200"
"12096","A","140"
"12097","A","80"
"12098","A","104"
"12100","A","124"
"12102","A","485"
"12105","A","157"
"12109","A","17"
"12112","A","484"
"12117","A","181"
"12121","A","111"
"12122","A","147"
"12124","A","282"
"12126","A","400"
"12132","A","426"
"12135","A","283"
"12140","A","204"
"12145","A","433"
"12146","A","451"
"12149","A","54"
"12160","A","231"
"12161","A","493"
"12166","A","498"
"12168","A","55"
"12173","A","314"
"12175","A","154"
"12177","A","288"
"12178","A","174"
"12184","A","264"
"12186","A","394"
"12187","A","116"
"12189","A","376"
"12193","A","465"
"12195","A","339"
"12207","A","202"
"12210","A","464"
"12218","A","429"
"12222","A","68"
"12229","A","198"
"12231","A","416"
"12242","A","303"
"12249","A","231"
"12260","A","212"
"12261","A","243"
"12263","A","473"
"12286","A","103"
"12288","A","34"
"12297","A","88"
"12304","A","110"
"12311","A","367"
"12312","A","413"
"12319","A","13"
"12326","A","425"
"12327","A","91"
"12332","A","217"
"12333","A","396"
"12336","A","316"
"12337","A","262"
"12340","A","121"
"12343","A","385"
"12345","A","252"
"12356","A","482"
"12361","A","179"
"12362","A","236"
"12370","A","350"
"12380","A","87"
"12392","A","95"
"12396","A","174"
"12403","A","420"
"12410","A","25"
"12422","A","285"
"12423","A","325"
"12428","A","56"
"12429","A","346"
"12430","A","49"
"12438","A","203"
"12439","A","268"
"12451","A","349"
"12459","A","263"
"12463","A","13"
"12480","A","274"
"12487","A","329"
"12491","A","366"
"12493","A","463"
"12495","A","171"
"12499","A","169"
"12514","A","377"
"12518","A","479"
"12525","A","258"
"12526","A","278"
"12538","A","437"
"12542","A","53"
"12545","A","385"
"12546","A","427"
"12552","A","375"
"12555","A","119"
"12561","A","324"
"12565","A","304"
"12568","A","17"
"12572","A","452"
"12573","A","95"
"12576","A","11"
"12579","A","408"
"12586","A","499"
"12590","A","266"
"12606","A","499"
"12611","A","353"
"12620","A","411"
"12621","A","239"
"12627","A","124"
"12628","A","414"
"12629","A","246"
"12631","A","150"
"12632","A","327"
"12633","A","237"
"12634","A","340"
"12636","A","455"
"12637","A","82"
"12642","A","161"
"12643","A","469"
"12644","A","435"
"12646","A","176"
"12651","A","277"
"12652","A","266"
"12653","A","214"
"12658","A","440"
"12659","A","187"
"12660","A","77"
"12661","A","32"
"12667","A","316"
"12673","A","423"
"12677","A","15"
"12682","A","242"
"12693","A","268"
"12696","A","237"
"12698","A","272"
"12713","A","75"
"12714","A","369"
"12716","A","105"
"12717","A","484"
"12721","A","364"
"12724","A","382"
"12726","A","184"
"12728","A","69"
"12737","A","372"
"12741","A","175"
"12742","A","55"
"12749","A","380"
"12750","A","408"
"12752","A","78"
"12753","A","363"
"12755","A","286"
"12760","A","225"
"12761","A","189"
"12764","A","177"
"12774","A","413"
"12776","A","269"
"12782","A","374"
"12785","A","411"
"12787","A","309"
"12799","A","358"
"12800","A","332"
"12804","A","57"
"12808","A","367"
"12816","A","314"
"12817","A","43"
"12818","A","495"
"12826","A","205"
"12828","A","218"
"12834","A","459"
"12849","A","31"
"12851","A","250"
"12855","A","13"
"12865","A","284"
"12867","A","31"
"12872","A","31"
"12874","A","168"
"12877","A","24"
"12889","A","25"
"12895","A","287"
"12904","A","378"
"12912","A","55"
"12913","A","119"
"12919","A","411"
"12924","A","38"
"12931","A","13"
"12937","A","31"
"12947","A","191"
"12952","A","148"
"12953","A","266"
"12958","A","307"
"12963","A","133"
"12978","A","136"
"12979","A","124"
"12981","A","477"
"12986","A","198"
"12987","A","151"
"12989","A","161"
"12990","A","60"
"12994","A","465"
"12998","A","97"
"12999","A","188"
"13002","A","186"
"13007","A","423"
"13014","A","220"
"13015","A","343"
"13019","A","277"
"13023","A","192"
"13029","A","29"
"13032","A","76"
"13037","A","499"
"13043","A","198"
"13045","A","196"
"13048","A","317"
"13049","A","208"
"13050","A","60"
"13051","A","78"
"13058","A","110"
"13059","A","343"
"13061","A","139"
"13066","A","60"
"13069","A","28"
"13074","A","342"
"13082","A","280"
"13083","A","421"
"13084","A","117"
"13085","A","365"
"13089","A","309"
"13090","A","64"
"13091","A","130"
"13093","A","402"
"13100","A","288"
"13101","A","69"
"13102","A","399"
"13103","A","70"
"13105","A","364"
"13109","A","291"
"13113","A","409"
"13116","A","167"
"13118","A","333"
"13120","A","47"
"13121","A","474"
"13123","A","38"
"13124","A","66"
"13128","A","331"
"13133","A","216"
"13134","A","99"
"13136","A","460"
"13138","A","494"
"13143","A","96"
"13147","A","125"
"13148","A","344"
"13155","A","236"
"13160","A","214"
"13162","A","454"
"13171","A","399"
"13173","A","454"
"13174","A","490"
"13175","A","443"
"13177","A","13"
"13179","A","370"
"13187","A","226"
"13196","A","159"
"13198","A","469"
"13200","A","249"
"13201","A","485"
"13202","A","449"
"13207","A","451"
"13208","A","471"
"13223","A","115"
"13224","A","366"
"13225","A","116"
"13227","A","426"
"13231","A","253"
"13233","A","155"
"13234","A","429"
"13242","A","38"
"13247","A","404"
"13264","A","265"
"13265","A","167"
"13267","A","292"
"13271","A","436"
"13275","A","46"
"13276","A","344"
"13291","A","299"
"13297","A","426"
"13305","A","181"
"13317","A","432"
"13319","A","254"
"13322","A","229"
"13325","A","292"
"13327","A","416"
"13329","A","419"
"13337","A","262"
"13340","A","56"
"13344","A","398"
"13350","A","274"
"13353","A","120"
"13361","A","438"
"13362","A","405"
"13367","A","393"
"13368","A","318"
"13369","A","91"
"13375","A","130"
"13393","A","424"
"13395","A","167"
"13399","A","231"
"13406","A","415"
"13410","A","379"
"13411","A","236"
"13412","A","272"
"13414","A","121"
"13419","A","373"
"13421","A","328"
"13422","A","129"
"13430","A","329"
"13438","A","494"
"13440","A","171"
"13442","A","451"
"13446","A","340"
"13447","A","289"
"13448","A","455"
"13454","A","96"
"13455","A","300"
"13456","A","386"
"13464","A","288"
"13469","A","148"
"13471","A","194"
"13472","A","475"
"13473","A","420"
"13475","A","272"
"13480","A","81"
"13483","A","337"
"13486","A","376"
"13488","A","117"
"13490","A","174"
"13492","A","228"
"13493","A","434"
"13498","A","104"
"13499","A","392"
"13500","A","12"
"13504","A","207"
"13510","A","178"
"13512","A","278"
"13517","A","21"
"13519","A","181"
"13520","A","277"
"13521","A","291"
"13525","A","437"
"13528","A","313"
"13530","A","250"
"13535","A","166"
"13541","A","81"
"13553","A","420"
"13554","A","41"
"13561","A","494"
"13563","A","424"
"13564","A","124"
"13568","A","199"
"13572","A","89"
"13577","A","29"
"13580","A","237"
"13584","A","369"
"13585","A","276"
"13586","A","340"
"13587","A","186"
"13590","A","183"
"13595","A","292"
"13597","A","443"
"13598","A","363"
"13600","A","436"
"13607","A","156"
"13611","A","217"
"13613","A","88"
"13616","A","389"
"13617","A","294"
"13620","A","177"
"13624","A","175"
"13628","A","134"
"13630","A","185"
"13631","A","483"
"13636","A","395"
"13638","A","281"
"13657","A","285"
"13658","A","346"
"13662","A","123"
"13664","A","498"
"13669","A","375"
"13676","A","328"
"13680","A","372"
"13682","A","188"
"13688","A","86"
"13695","A","140"
"13696","A","306"
"13704","A","455"
"13706","A","319"
"13708","A","472"
"13711","A","278"
"13715","A","336"
"13723","A","132"
"13728","A","195"
"13732","A","371"
"13733","A","477"
"13737","A","119"
"13739","A","472"
"13741","A","295"
"13742","A","18"
"13744","A","315"
"13750","A","336"
"13759","A","111"
"13760","A","237"
"13761","A","471"
"13762","A","243"
"13774","A","199"
"13775","A","427"
"13780","A","447"
"13781","A","94"
"13783","A","203"
"13789","A","173"
"13799","A","491"
"13801","A","153"
"13812","A","493"
"13814","A","151"
"13817","A","285"
"13820","A","393"
"13822","A","210"
"13827","A","138"
"13844","A","427"
"13850","A","381"
"13851","A","187"
"13852","A","323"
"13855","A","139"
"13856","A","248"
"13862","A","436"
"13869","A","421"
"13870","A","217"
"13871","A","394"
"13874","A","198"
"13879","A","17"
"13881","A","296"
"13882","A","375"
"13884","A","209"
"13889","A","245"
"13890","A","91"
"13894","A","47"
"13901","A","240"
"13907","A","491"
"13914","A","494"
"13915","A","242"
"13919","A","85"
"13922","A","396"
"13934","A","434"
"13935","A","140"
"13947","A","88"
"13951","A","117"
"13954","A","186"
"13958","A","249"
"13963","A","305"
"13965","A","151"
"13967","A","451"
"13969","A","37"
"13971","A","21"
"13973","A","79"
"13974","A","333"
"13979","A","71"
"13981","A","347"
"13983","A","488"
"13992","A","304"
"13996","A","18"
"13999","A","399"
"14001","A","463"
"14004","A","430"
"14005","A","470"
"14008","A","284"
"14010","A","384"
"14014","A","264"
"14019","A","374"
"14021","A","425"
"14023","A","258"
"14030","A","51"
"14032","A","370"
"14033","A","171"
"14039","A","109"
"14042","A","454"
"14046","A","25"
"14047","A","442"
"14050","A","92"
"14056","A","151"
"14061","A","197"
"14066","A","283"
"14067","A","173"
"14076","A","451"
"14079","A","192"
"14081","A","84"
"14082","A","60"
"14085","A","273"
"14090","A","433"
"14094","A","479"
"14096","A","459"
"14097","A","159"
"14098","A","370"
"14101","A","216"
"14102","A","145"
"14103","A","92"
"14107","A","234"
"14112","A","272"
"14116","A","330"
"14119","A","419"
"14127","A","119"
"14140","A","87"
"14147","A","319"
"14149","A","212"
"14150","A","12"
"14155","A","218"
"14156","A","442"
"14158","A","375"
"14165","A","300"
"14171","A","486"
"14178","A","394"
"14181","A","419"
"14185","A","377"
"14186","A","59"
"14191","A","459"
"14193","A","50"
"14198","A","233"
"14202","A","458"
"14213","A","388"
"14217","A","390"
"14221","A","436"
"14227","A","160"
"14229","A","103"
"14234","A","445"
"14237","A","413"
"14241","A","141"
"14242","A","488"
"14251","A","61"
"14254","A","240"
"14255","A","489"
"14272","A","126"
"14273","A","285"
"14274","A","422"
"14277","A","287"
"14278","A","193"
"14282","A","433"
"14283","A","384"
"14289","A","431"
"14296","A","361"
"14297","A","361"
"14298","A","135"
"14302","A","35"
"14305","A","239"
"14317","A","99"
"14318","A","311"
"14325","A","223"
"14328","A","56"
"14331","A","286"
"14339","A","184"
"14340","A","221"
"14345","A","66"
"14351","A","252"
"14359","A","179"
"14360","A","111"
"14363","A","131"
"14364","A","55"
"14366","A","51"
"14369","A","342"
"14374","A","384"
"14375","A","395"
"14376","A","234"
"14382","A","260"
"14385","A","265"
"14386","A","490"
"14392","A","80"
"14393","A","315"
"14407","A","11"
"14408","A","86"
"14411","A","147"
"14422","A","251"
"14425","A","88"
"14429","A","431"
"14433","A","357"
"14434","A","298"
"14435","A","298"
"14440","A","347"
"14443","A","236"
"14446","A","219"
"14451","A","242"
"14452","A","401"
"14455","A","461"
"14461","A","176"
"14462","A","225"
"14466","A","149"
"14471","A","192"
"14477","A","406"
"14489","A","82"
"14497","A","118"
"14500","A","245"
"14501","A","37"
"14502","A","118"
"14511","A","20"
"14517","A","102"
"14518","A","72"
"14519","A","402"
"14523","A","393"
"14526","A","428"
"14531","A","403"
"14540","A","411"
"14551","A","393"
"14553","A","347"
"14555","A","407"
"14556","A","86"
"14557","A","348"
"14559","A","444"
"14561","A","308"
"14563","A","15"
"14566","A","167"
"14567","A","82"
"14569","A","137"
"14571","A","335"
"14572","A","221"
"14575","A","11"
"14578","A","10"
"14580","A","248"
"14584","A","380"
"14585","A","413"
"14586","A","233"
"14587","A","65"
"14592","A","142"
"14596","A","78"
"14599","A","336"
"14601","A","400"
"14605","A","417"
"14606","A","493"
"14607","A","328"
"14614","A","290"
"14617","A","121"
"14619","A","69"
"14623","A","14"
"14630","A","117"
"14636","A","296"
"14639","A","34"
"14642","A","131"
"14644","A","70"
"14646","A","23"
"14653","A","173"
"14662","A","74"
"14664","A","193"
"14666","A","199"
"14667","A","30"
"14669","A","11"
"14677","A","358"
"14687","A","396"
"14688","A","152"
"14692","A","145"
"14695","A","14"
"14700","A","297"
"14702","A","325"
"14707","A","137"
"14709","A","496"
"14713","A","181"
"14714","A","344"
"14722","A","183"
"14726","A","188"
"14728","A","301"
"14731","A","22"
"14732","A","53"
"14733","A","54"
"14734","A","312"
"14736","A","376"
"14747","A","469"
"14748","A","443"
"14749","A","157"
"14755","A","92"
"14758","A","252"
"14760","A","309"
"14765","A","196"
"14772","A","275"
"14776","A","486"
"14782","A","370"
"14789","A","271"
"14793","A","47"
"14798","A","65"
"14799","A","448"
"14801","A","139"
"14808","A","44"
"14817","A","445"
"14818","A","336"
"14823","A","110"
"14825","A","425"
"14826","A","52"
"14828","A","27"
"14834","A","274"
"14835","A","228"
"14842","A","219"
"14846","A","168"
"14849","A","200"
"14852","A","269"
"14861","A","343"
"14864","A","431"
"14869","A","158"
"14872","A","20"
"14874","A","146"
"14875","A","216"
"14876","A","188"
"14878","A","225"
"14879","A","470"
"14883","A","204"
"14887","A","202"
"14892","A","316"
"14893","A","317"
"14896","A","80"
"14897","A","108"
"14900","A","482"
"14902","A","136"
"14908","A","234"
"14909","A","82"
"14914","A","348"
"14916","A","106"
"14920","A","13"
"14923","A","73"
"14924","A","272"
"14929","A","179"
"14930","A","253"
"14932","A","283"
"14938","A","359"
"14939","A","425"
"14940","A","95"
"14941","A","59"
"14946","A","210"
"14949","A","284"
"14950","A","245"
"14955","A","494"
"14957","A","422"
"14963","A","200"
"14967","A","497"
"14969","A","232"
"14970","A","250"
"14972","A","22"
"14974","A","385"
"14977","A","442"
"14983","A","493"
"14984","A","292"
"14991","A","287"
"14993","A","399"
"14994","A","315"
"14995","A","158"
"14997","A","309"
"15003","A","340"
"15004","A","73"
"15005","A","263"
"15006","A","39"
"15011","A","375"
"15017","A","297"
"15018","A","420"
"15022","A","206"
"15023","A","277"
"15035","A","313"
"15037","A","367"
"15042","A","444"
"15049","A","66"
"15052","A","168"
"15055","A","321"
"15056","A","232"
"15061","A","176"
"15063","A","445"
"15067","A","310"
"15071","A","178"
"15077","A","112"
"15078","A","467"
"15079","A","19"
"15080","A","17"
"15081","A","218"
"15087","A","46"
"15089","A","158"
"15091","A","440"
"15093","A","103"
"15107","A","124"
"15109","A","444"
"15110","A","304"
"15111","A","494"
"15112","A","196"
"15114","A","165"
"15123","A","417"
"15126","A","459"
"15129","A","474"
"15135","A","469"
"15145","A","243"
"15154","A","423"
"15159","A","152"
"15162","A","56"
"15164","A","238"
"15165","A","254"
"15166","A","104"
"15168","A","316"
"15170","A","491"
"15171","A","391"
"15175","A","381"
"15177","A","491"
"15178","A","146"
"15181","A","342"
"15183","A","146"
"15187","A","91"
"15189","A","164"
"15192","A","470"
"15196","A","222"
"15198","A","482"
"15204","A","487"
"15206","A","426"
"15209","A","472"
"15210","A","176"
"15217","A","179"
"15221","A","172"
"15224","A","116"
"15231","A","370"
"15234","A","89"
"15235","A","452"
"15238","A","218"
"15239","A","29"
"15242","A","482"
"15244","A","333"
"15247","A","134"
"15248","A","87"
"15253","A","408"
"15254","A","381"
"15257","A","184"
"15261","A","25"
"15262","A","80"
"15267","A","479"
"15274","A","98"
"15275","A","133"
"15280","A","225"
"15281","A","365"
"15283","A","56"
"15287","A","328"
"15288","A","244"
"15291","A","324"
"15295","A","105"
"15296","A","224"
"15302","A","492"
"15306","A","138"
"15309","A","145"
"15310","A","477"
"15313","A","185"
"15314","A","479"
"15316","A","153"
"15317","A","234"
"15324","A","375"
"15325","A","257"
"15326","A","258"
"15328","A","209"
"15330","A","217"
"15333","A","216"
"15337","A","83"
"15339","A","40"
"15340","A","111"
"15342","A","321"
"15353","A","354"
"15354","A","283"
"15355","A","81"
"15356","A","361"
"15357","A","277"
"15368","A","212"
"15374","A","114"
"15378","A","320"
"15379","A","396"
"15382","A","72"
"15389","A","71"
"15390","A","375"
"15393","A","471"
"15397","A","331"
"15399","A","270"
"15400","A","411"
"15401","A","436"
"15402","A","233"
"15419","A","103"
"15420","A","258"
"15421","A","220"
"15430","A","105"
"15436","A","157"
"15437","A","484"
"15438","A","385"
"15443","A","353"
"15448","A","364"
"15455","A","254"
"15465","A","387"
"15471","A","258"
"15472","A","248"
"15482","A","265"
"15490","A","207"
"15492","A","448"
"15495","A","146"
"15498","A","125"
"15500","A","22"
"15502","A","27"
"15504","A","17"
"15508","A","69"
"15510","A","124"
"15513","A","53"
"15514","A","113"
"15523","A","469"
"15527","A","414"
"15528","A","298"
"15530","A","374"
"15536","A","151"
"15537","A","229"
"15542","A","180"
"15544","A","193"
"15545","A","154"
"15547","A","61"
"15553","A","143"
"15557","A","352"
"15558","A","11"
"15564","A","166"
"15575","A","201"
"15576","A","309"
"15577","A","18"
"15578","A","357"
"15581","A","149"
"15583","A","223"
"15589","A","307"
"15595","A","403"
"15599","A","292"
"15603","A","38"
"15604","A","273"
"15606","A","462"
"15609","A","478"
"15610","A","111"
"15620","A","418"
"15622","A","125"
"15626","A","368"
"15627","A","149"
"15630","A","419"
"15634","A","40"
"15636","A","408"
"15642","A","170"
"15648","A","456"
"15654","A","33"
"15656","A","251"
"15658","A","149"
"15667","A","274"
"15670","A","142"
"15672","A","388"
"15676","A","398"
"15679","A","467"
"15683","A","316"
"15689","A","344"
"15697","A","326"
"15699","A","337"
"15702","A","455"
"15709","A","276"
"15714","A","17"
"15716","A","253"
"15724","A","342"
"15727","A","342"
"15737","A","68"
"15744","A","294"
"15747","A","246"
"15751","A","382"
"15757","A","293"
"15764","A","31"
"15769","A","322"
"15777","A","192"
"15781","A","206"
"15782","A","351"
"15787","A","304"
"15792","A","152"
"15794","A","426"
"15797","A","447"
"15801","A","129"
"15806","A","117"
"15809","A","111"
"15811","A","252"
"15814","A","42"
"15826","A","129"
"15828","A","453"
"15829","A","14"
"15831","A","255"
"15832","A","479"
"15835","A","214"
"15837","A","99"
"15840","A","92"
"15849","A","387"
"15852","A","352"
"15855","A","15"
"15858","A","439"
"15862","A","73"
"15864","A","23"
"15869","A","177"
"15873","A","356"
"15874","A","58"
"15875","A","445"
"15884","A","112"
"15885","A","216"
"15886","A","440"
"15887","A","85"
"15888","A","106"
"15891","A","387"
"15898","A","175"
"15922","A","23"
"15928","A","255"
"15930","A","40"
"15932","A","211"
"15935","A","334"
"15939","A","415"
"15943","A","443"
"15950","A","311"
"15951","A","87"
"15952","A","466"
"15953","A","146"
"15954","A","426"
"15955","A","66"
"15957","A","264"
"15961","A","260"
"15962","A","304"
"15971","A","341"
"15973","A","329"
"15975","A","36"
"15978","A","274"
"15980","A","201"
"15983","A","122"
"15988","A","377"
"15996","A","157"
"15999","A","164"
"16004","A","31"
"16005","A","498"
"16008","A","31"
"16014","A","461"
"16020","A","493"
"16023","A","372"
"16024","A","12"
"16038","A","410"
"16046","A","414"
"16047","A","393"
"16052","A","136"
"16054","A","424"
"16055","A","290"
"16065","A","85"
"16066","A","355"
"16067","A","408"
"16069","A","314"
"16080","A","359"
"16081","A","24"
"16089","A","87"
"16091","A","129"
"16095","A","224"
"16100","A","214"
"16102","A","238"
"16103","A","369"
"16108","A","306"
"16110","A","497"
"16115","A","473"
"16116","A","239"
"16127","A","184"
"16128","A","191"
"16130","A","229"
"16134","A","92"
"16136","A","86"
"16143","A","317"
"16146","A","332"
"16149","A","23"
"16158","A","213"
"16159","A","481"
"16162","A","183"
"16164","A","484"
"16167","A","257"
"16172","A","144"
"16181","A","281"
"16185","A","321"
"16190","A","224"
"16194","A","93"
"16198","A","389"
"16205","A","17"
"16213","A","440"
"16218","A","244"
"16226","A","87"
"16233","A","393"
"16238","A","469"
"16242","A","465"
"16243","A","77"
"16246","A","151"
"16248","A","206"
"16252","A","94"
"16255","A","98"
"16256","A","43"
"16260","A","57"
"16264","A","35"
"16266","A","108"
"16270","A","467"
"16273","A","363"
"16274","A","222"
"16275","A","362"
"16281","A","37"
"16283","A","472"
"16288","A","315"
"16289","A","379"
"16298","A","10"
"16302","A","91"
"16320","A","42"
"16323","A","199"
"16325","A","483"
"16326","A","11"
"16327","A","61"
"16337","A","17"
"16339","A","440"
"16349","A","368"
"16351","A","213"
"16353","A","77"
"16356","A","37"
"16358","A","93"
"16362","A","486"
"16365","A","360"
"16366","A","213"
"16370","A","176"
"16373","A","353"
"16374","A","361"
"16375","A","411"
"16382","A","252"
"16384","A","110"
"16388","A","243"
"16393","A","178"
"16394","A","471"
"16403","A","92"
"16405","A","186"
"16406","A","221"
"16408","A","147"
"16411","A","441"
"16413","A","88"
"16415","A","148"
"16424","A","492"
"16425","A","145"
"16428","A","357"
"16437","A","124"
"16439","A","97"
"16441","A","489"
"16445","A","337"
"16448","A","455"
"16451","A","416"
"16462","A","177"
"16464","A","358"
"16465","A","438"
"16466","A","92"
"16471","A","183"
"16474","A","148"
"16480","A","421"
"16486","A","91"
"16490","A","239"
"16492","A","223"
"16493","A","36"
"16494","A","420"
"16508","A","232"
"16513","A","375"
"16516","A","17"
"16519","A","80"
"16535","A","492"
"16537","A","201"
"16545","A","237"
"16547","A","232"
"16548","A","246"
"16555","A","192"
"16556","A","85"
"16557","A","436"
"16558","A","52"
"16560","A","102"
"16562","A","323"
"16571","A","56"
"16573","A","487"
"16576","A","389"
"16579","A","82"
"16586","A","16"
"16587","A","486"
"16588","A","383"
"16593","A","27"
"16598","A","135"
"16599","A","484"
"16602","A","239"
"16607","A","15"
"16609","A","174"
"16624","A","146"
"16633","A","422"
"16641","A","411"
"16645","A","445"
"16647","A","235"
"16649","A","59"
"16651","A","310"
"16655","A","54"
"16663","A","183"
"16665","A","96"
"16666","A","88"
"16669","A","354"
"16675","A","78"
"16677","A","93"
"16678","A","277"
"16683","A","64"
"16688","A","382"
"16689","A","401"
"16699","A","297"
"16704","A","280"
"16707","A","170"
"16713","A","112"
"16714","A","126"
"16715","A","152"
"16718","A","336"
"16719","A","109"
"16722","A","214"
"16727","A","438"
"16728","A","48"
"16733","A","399"
"16735","A","484"
"16740","A","169"
"16741","A","290"
"16745","A","487"
"16761","A","199"
"16762","A","256"
"16767","A","152"
"16775","A","294"
"16776","A","35"
"16781","A","78"
"16788","A","183"
"16795","A","411"
"16799","A","224"
"16800","A","486"
"16804","A","323"
"16805","A","117"
"16809","A","399"
"16813","A","94"
"16814","A","221"
"16820","A","310"
"16837","A","292"
"16840","A","168"
"16854","A","72"
"16855","A","410"
"16858","A","59"
"16859","A","109"
"16863","A","403"
"16865","A","313"
"16871","A","23"
"16882","A","373"
"16883","A","215"
"16884","A","31"
"16886","A","249"
"16888","A","40"
"16891","A","368"
"16897","A","335"
"16903","A","269"
"16907","A","418"
"16908","A","412"
"16912","A","24"
"16916","A","170"
"16919","A","32"
"16921","A","327"
"16924","A","110"
"16929","A","345"
"16931","A","298"
"16940","A","280"
"16946","A","314"
"16950","A","231"
"16954","A","354"
"16956","A","474"
"16959","A","74"
"16961","A","35"
"16962","A","204"
"16964","A","68"
"16968","A","148"
"16971","A","293"
"16974","A","400"
"16975","A","106"
"16981","A","184"
"16983","A","235"
"16985","A","30"
"16986","A","355"
"16989","A","78"
"16994","A","352"
"16995","A","137"
"16997","A","358"
"16998","A","411"
"17008","A","26"
"17012","A","57"
"17013","A","176"
"17014","A","458"
"17018","A","461"
"17019","A","489"
"17020","A","478"
"17028","A","196"
"17031","A","150"
"17032","A","181"
"17033","A","28"
"17038","A","178"
"17039","A","416"
"17044","A","238"
"17045","A","296"
"17052","A","365"
"17055","A","255"
"17057","A","259"
"17059","A","392"
"17062","A","305"
"17064","A","10"
"17066","A","228"
"17067","A","443"
"17068","A","36"
"17072","A","212"
"17075","A","219"
"17079","A","223"
"17082","A","159"
"17097","A","455"
"17101","A","214"
"17102","A","76"
"17105","A","50"
"17106","A","204"
"17118","A","241"
"17119","A","491"
"17120","A","360"
"17123","A","210"
"17124","A","29"
"17125","A","342"
"17131","A","269"
"17134","A","457"
"17135","A","146"
"17138","A","390"
"17141","A","208"
"17150","A","66"
"17153","A","326"
"17156","A","122"
"17157","A","331"
"17164","A","361"
"17168","A","445"
"17169","A","245"
"17174","A","224"
"17175","A","383"
"17176","A","21"
"17187","A","473"
"17189","A","362"
"17192","A","431"
"17193","A","285"
"17194","A","397"
"17195","A","20"
"17197","A","368"
"17201","A","39"
"17209","A","353"
"17214","A","107"
"17216","A","97"
"17219","A","452"
"17222","A","343"
"17223","A","435"
"17224","A","201"
"17235","A","294"
"17238","A","420"
"17239","A","276"
"17240","A","182"
"17244","A","318"
"17252","A","213"
"17253","A","252"
"17263","A","361"
"17264","A","124"
"17267","A","61"
"17282","A","75"
"17284","A","300"
"17286","A","107"
"17287","A","242"
"17288","A","467"
"17289","A","110"
"17292","A","161"
"17295","A","325"
"17299","A","307"
"17309","A","383"
"17310","A","138"
"17318","A","123"
"17325","A","14"
"17333","A","31"
"17355","A","86"
"17358","A","425"
"17361","A","382"
"17362","A","34"
"17367","A","167"
"17376","A","407"
"17379","A","57"
"17383","A","174"
"17390","A","404"
"17399","A","193"
"17401","A","398"
"17406","A","380"
"17407","A","438"
"17410","A","480"
"17411","A","388"
"17419","A","218"
"17426","A","100"
"17432","A","303"
"17434","A","274"
"17436","A","152"
"17438","A","36"
"17440","A","182"
"17442","A","48"
"17446","A","294"
"17452","A","150"
"17453","A","399"
"17460","A","46"
"17469","A","209"
"17474","A","359"
"17477","A","394"
"17478","A","18"
"17487","A","362"
"17491","A","458"
"17495","A","142"
"17497","A","293"
"17502","A","99"
"17505","A","89"
"17516","A","332"
"17522","A","84"
"17526","A","85"
"17531","A","332"
"17532","A","296"
"17533","A","270"
"17534","A","93"
"17535","A","241"
"17537","A","184"
"17538","A","257"
"17540","A","266"
"17550","A","456"
"17553","A","395"
"17554","A","294"
"17565","A","372"
"17566","A","432"
"17567","A","216"
"17572","A","40"
"17576","A","462"
"17580","A","254"
"17582","A","279"
"17596","A","275"
"17598","A","357"
"17599","A","110"
"17614","A","263"
"17615","A","243"
"17620","A","73"
"17628","A","215"
"17629","A","289"
"17632","A","362"
"17640","A","364"
"17654","A","362"
"17655","A","411"
"17658","A","153"
"17659","A","354"
"17669","A","325"
"17673","A","139"
"17674","A","380"
"17677","A","276"
"17678","A","242"
"17679","A","468"
"17681","A","70"
"17685","A","298"
"17686","A","149"
"17691","A","461"
"17696","A","360"
"17698","A","270"
"17700","A","478"
"17701","A","27"
"17703","A","141"
"17705","A","285"
"17706","A","62"
"17713","A","172"
"17718","A","146"
"17731","A","102"
"17736","A","194"
"17737","A","163"
"17742","A","265"
"17746","A","51"
"17758","A","430"
"17760","A","290"
"17761","A","368"
"17763","A","427"
"17764","A","351"
"17765","A","213"
"17775","A","489"
"17790","A","413"
"17792","A","372"
"17795","A","395"
"17797","A","434"
"17800","A","444"
"17802","A","62"
"17813","A","327"
"17816","A","250"
"17831","A","492"
"17832","A","206"
"17833","A","458"
"17836","A","88"
"17837","A","489"
"17841","A","54"
"17844","A","363"
"17845","A","369"
"17847","A","407"
"17850","A","386"
"17855","A","69"
"17861","A","409"
"17874","A","129"
"17877","A","328"
"17883","A","442"
"17889","A","459"
"17893","A","162"
"17895","A","469"
"17899","A","149"
"17902","A","394"
"17908","A","456"
"17909","A","126"
"17914","A","470"
"17924","A","151"
"17927","A","101"
"17928","A","198"
"17929","A","29"
"17930","A","162"
"17931","A","468"
"17932","A","198"
"17933","A","36"
"17940","A","58"
"17942","A","140"
"17944","A","449"
"17947","A","64"
"17949","A","471"
"17950","A","435"
"17955","A","380"
"17959","A","248"
"17961","A","327"
"17962","A","19"
"17977","A","370"
"17978","A","350"
"17980","A","489"
"17981","A","199"
"17984","A","60"
"17991","A","262"
"17992","A","219"
"17993","A","162"
"17994","A","431"
"17996","A","75"
"18000","A","455"
"18004","A","166"
"18005","A","56"
"18006","A","303"
"18010","A","30"
"18012","A","323"
"18013","A","189"
"18015","A","53"
"18017","A","189"
"18019","A","353"
"18023","A","54"
"18024","A","429"
"18026","A","205"
"18027","A","311"
"18028","A","97"
"18034","A","348"
"18050","A","322"
"18058","A","101"
"18066","A","48"
"18067","A","48"
"18070","A","174"
"18074","A","258"
"18076","A","420"
"18079","A","474"
"18083","A","95"
"18089","A","72"
"18093","A","462"
"18110","A","407"
"18111","A","220"
"18122","A","437"
"18134","A","204"
"18138","A","412"
"18141","A","276"
"18143","A","305"
"18144","A","340"
"18157","A","218"
"18158","A","185"
"18159","A","117"
"18163","A","56"
"18166","A","310"
"18169","A","45"
"18170","A","462"
"18171","A","419"
"18172","A","227"
"18174","A","61"
"18178","A","317"
"18183","A","478"
"18189","A","171"
"18190","A","300"
"18193","A","254"
"18212","A","55"
"18213","A","417"
"18214","A","385"
"18216","A","42"
"18217","A","50"
"18218","A","225"
"18222","A","196"
"18228","A","319"
"18241","A","34"
"18244","A","378"
"18246","A","446"
"18248","A","217"
"18250","A","118"
"18259","A","264"
"18260","A","141"
"18262","A","187"
"18270","A","427"
"18276","A","357"
"18284","A","366"
"18287","A","125"
"18294","A","198"
"18295","A","281"
"18296","A","358"
"18300","A","261"
"18306","A","120"
"18308","A","397"
"18311","A","331"
"18314","A","149"
"18315","A","49"
"18316","A","478"
"18318","A","491"
"18320","A","235"
"18327","A","330"
"18330","A","496"
"18332","A","10"
"18336","A","441"
"18337","A","440"
"18338","A","268"
"18342","A","157"
"18347","A","373"
"18348","A","449"
"18351","A","69"
"18357","A","295"
"18360","A","277"
"18361","A","381"
"18363","A","75"
"18366","A","468"
"18369","A","327"
"18373","A","404"
"18374","A","39"
"18375","A","138"
"18376","A","470"
"18377","A","452"
"18378","A","145"
"18387","A","389"
"18398","A","162"
"18409","A","398"
"18410","A","99"
"18420","A","93"
"18422","A","66"
"18423","A","320"
"18424","A","325"
"18438","A","407"
"18444","A","84"
"18445","A","153"
"18458","A","136"
"18459","A","462"
"18478","A","347"
"18482","A","96"
"18488","A","368"
"18493","A","134"
"18495","A","128"
"18496","A","293"
"18498","A","219"
"18507","A","432"
"18516","A","496"
"18521","A","310"
"18529","A","154"
"18534","A","273"
"18535","A","258"
"18542","A","120"
"18548","A","213"
"18550","A","368"
"18555","A","195"
"18560","A","334"
"18563","A","196"
"18566","A","228"
"18569","A","474"
"18571","A","375"
"18580","A","342"
"18581","A","301"
"18585","A","229"
"18586","A","297"
"18590","A","172"
"18591","A","132"
"18592","A","367"
"18599","A","432"
"18601","A","199"
"18603","A","186"
"18608","A","380"
"18616","A","272"
"18621","A","296"
"18625","A","493"
"18626","A","53"
"18630","A","258"
"18634","A","225"
"18637","A","181"
"18645","A","221"
"18650","A","456"
"18663","A","21"
"18666","A","151"
"18668","A","185"
"18669","A","70"
"18670","A","328"
"18671","A","450"
"18674","A","141"
"18682","A","328"
"18684","A","91"
"18685","A","281"
"18694","A","121"
"18695","A","121"
"18696","A","451"
"18706","A","50"
"18709","A","158"
"18711","A","215"
"18718","A","235"
"18723","A","162"
"18725","A","169"
"18735","A","106"
"18746","A","201"
"18757","A","487"
"18760","A","189"
"18763","A","22"
"18766","A","13"
"18775","A","459"
"18779","A","347"
"18780","A","193"
"18782","A","63"
"18785","A","332"
"18790","A","453"
"18794","A","18"
"18806","A","391"
"18809","A","480"
"18813","A","398"
"18814","A","147"
"18816","A","49"
"18820","A","412"
"18822","A","364"
"18824","A","213"
"18825","A","296"
"18828","A","497"
"18830","A","192"
"18831","A","134"
"18838","A","334"
"18840","A","273"
"18846","A","252"
"18847","A","219"
"18849","A","381"
"18850","A","403"
"18853","A","494"
"18859","A","96"
"18864","A","327"
"18865","A","434"
"18868","A","405"
"18870","A","141"
"18872","A","420"
"18889","A","143"
"18892","A","131"
"18896","A","319"
"18899","A","88"
"18909","A","48"
"18912","A","399"
"18914","A","311"
"18916","A","449"
"18917","A","84"
"18922","A","489"
"18924","A","247"
"18929","A","56"
"18930","A","281"
"18933","A","275"
"18935","A","352"
"18936","A","320"
"18937","A","134"
"18941","A","284"
"18945","A","499"
"18951","A","430"
"18955","A","339"
"18956","A","168"
"18958","A","448"
"18965","A","280"
"18966","A","361"
"18972","A","279"
"18977","A","161"
"18984","A","251"
"18985","A","441"
"18990","A","79"
"18991","A","444"
"18998","A","114"
"19000","A","334"
"19007","A","292"
"19008","A","444"
"19015","A","112"
"19018","A","183"
"19022","A","113"
"19027","A","40"
"19028","A","175"
"19029","A","320"
"19033","A","406"
"19036","A","248"
"19041","A","419"
"19048","A","108"
"19051","A","41"
"19056","A","498"
"19057","A","91"
"19058","A","179"
"19064","A","464"
"19065","A","287"
"19069","A","420"
"19072","A","212"
"19075","A","120"
"19079","A","110"
"19091","A","437"
"19101","A","78"
"19109","A","42"
"19110","A","414"
"19111","A","138"
"19116","A","469"
"19118","A","480"
"19123","A","195"
"19126","A","298"
"19132","A","497"
"19137","A","41"
"19141","A","33"
"19145","A","437"
"19154","A","413"
"19160","A","66"
"19164","A","396"
"19166","A","434"
"19167","A","213"
"19179","A","35"
"19186","A","77"
"19188","A","470"
"19193","A","93"
"19198","A","336"
"19200","A","359"
"19204","A","194"
"19208","A","292"
"19209","A","215"
"19210","A","49"
"19220","A","253"
"19221","A","116"
"19223","A","363"
"19228","A","153"
"19230","A","464"
"19231","A","126"
"19236","A","14"
"19240","A","325"
"19245","A","481"
"19246","A","166"
"19247","A","102"
"19255","A","199"
"19258","A","194"
"19262","A","321"
"19267","A","486"
"19271","A","330"
"19274","A","450"
"19282","A","36"
"19290","A","95"
"19294","A","132"
"19295","A","21"
"19297","A","212"
"19298","A","152"
"19299","A","134"
"19301","A","327"
"19308","A","152"
"19313","A","89"
"19320","A","390"
"19321","A","41"
"19326","A","285"
"19329","A","308"
"19332","A","59"
"19335","A","406"
"19338","A","472"
"19342","A","474"
"19344","A","301"
"19348","A","379"
"19361","A","210"
"19362","A","413"
"19364","A","16"
"19368","A","114"
"19377","A","404"
"19380","A","179"
"19384","A","422"
"19388","A","453"
"19397","A","253"
"19400","A","25"
"19402","A","482"
"19408","A","445"
"19414","A","190"
"19418","A","79"
"19422","A","448"
"19423","A","407"
"19428","A","369"
"19430","A","321"
"19432","A","322"
"19437","A","25"
"19441","A","77"
"19442","A","162"
"19446","A","104"
"19449","A","121"
"19454","A","206"
"19467","A","314"
"19474","A","134"
"19475","A","230"
"19486","A","116"
"19487","A","141"
"19496","A","437"
"19497","A","158"
"19500","A","41"
"19514","A","216"
"19515","A","248"
"19517","A","210"
"19518","A","437"
"19519","A","298"
"19520","A","388"
"19523","A","372"
"19526","A","382"
"19535","A","132"
"19541","A","100"
"19544","A","450"
"19545","A","94"
"19556","A","390"
"19560","A","57"
"19561","A","274"
"19563","A","244"
"19566","A","197"
"19567","A","268"
"19571","A","176"
"19573","A","340"
"19577","A","162"
"19578","A","370"
"19579","A","279"
"19580","A","478"
"19582","A","184"
"19586","A","114"
"19587","A","299"
"19592","A","475"
"19594","A","84"
"19595","A","149"
"19599","A","251"
"19601","A","153"
"19607","A","452"
"19609","A","25"
"19615","A","55"
"19619","A","437"
"19629","A","83"
"19633","A","60"
"19641","A","216"
"19643","A","363"
"19649","A","280"
"19655","A","326"
"19657","A","422"
"19664","A","161"
"19665","A","28"
"19668","A","220"
"19671","A","488"
"19672","A","75"
"19675","A","465"
"19686","A","376"
"19690","A","449"
"19691","A","83"
"19692","A","450"
"19693","A","362"
"19697","A","277"
"19701","A","449"
"19704","A","229"
"19711","A","183"
"19716","A","478"
"19719","A","77"
"19720","A","97"
"19721","A","177"
"19722","A","96"
"19724","A","108"
"19730","A","420"
"19731","A","337"
"19733","A","152"
"19736","A","269"
"19737","A","458"
"19743","A","37"
"19750","A","76"
"19752","A","210"
"19756","A","153"
"19760","A","409"
"19766","A","325"
"19771","A","418"
"19780","A","111"
"19791","A","50"
"19793","A","95"
"19794","A","428"
"19797","A","426"
"19798","A","161"
"19799","A","163"
"19801","A","495"
"19806","A","209"
"19808","A","127"
"19813","A","249"
"19822","A","171"
"19828","A","40"
"19834","A","459"
"19841","A","326"
"19842","A","263"
"19843","A","405"
"19845","A","124"
"19846","A","151"
"19847","A","299"
"19855","A","346"
"19856","A","185"
"19861","A","40"
"19862","A","38"
"19873","A","272"
"19874","A","356"
"19878","A","310"
"19880","A","94"
"19882","A","210"
"19887","A","161"
"19892","A","225"
"19899","A","190"
"19914","A","273"
"19916","A","476"
"19917","A","487"
"19920","A","454"
"19922","A","302"
"19931","A","224"
"19932","A","348"
"19936","A","487"
"19938","A","123"
"19947","A","65"
"19948","A","154"
"19954","A","383"
"19967","A","233"
"19980","A","240"
"19983","A","214"
"19986","A","316"
"19989","A","273"
"19990","A","291"
"19993","A","431"
"19995","A","373"
"19996","A","74"
"19997","A","331"
"20004","A","396"
"20012","A","477"
"20014","A","373"
"20019","A","208"
"20023","A","429"
"20035","A","345"
"20036","A","105"
"20052","A","428"
"20053","A","361"
"20060","A","213"
"20061","A","401"
"20062","A","134"
"20066","A","328"
"20068","A","227"
"20073","A","116"
"20074","A","272"
"20077","A","338"
"20080","A","132"
"20081","A","363"
"20083","A","308"
"20093","A","309"
"20099","A","333"
"20101","A","443"
"20104","A","21"
"20106","A","209"
"20112","A","232"
"20118","A","231"
"20119","A","124"
"20120","A","82"
"20124","A","470"
"20129","A","316"
"20130","A","167"
"20134","A","187"
"20141","A","28"
"20142","A","408"
"20158","A","440"
"20162","A","203"
"20173","A","67"
"20178","A","227"
"20186","A","364"
"20190","A","366"
"20194","A","195"
"20195","A","117"
"20196","A","121"
"20198","A","220"
"20204","A","457"
"20206","A","25"
"20214","A","465"
"20218","A","431"
"20220","A","429"
"20221","A","151"
"20227","A","60"
"20231","A","85"
"20237","A","454"
"20242","A","56"
"20250","A","188"
"20257","A","450"
"20264","A","96"
"20267","A","280"
"20271","A","454"
"20281","A","421"
"20285","A","312"
"20287","A","456"
"20288","A","414"
"20296","A","276"
"20299","A","394"
"20303","A","50"
"20310","A","202"
"20316","A","81"
"20317","A","26"
"20318","A","143"
"20321","A","149"
"20331","A","173"
"20334","A","479"
"20339","A","235"
"20343","A","452"
"20344","A","444"
"20345","A","186"
"20350","A","440"
"20365","A","384"
"20377","A","92"
"20378","A","177"
"20379","A","271"
"20381","A","76"
"20383","A","154"
"20389","A","62"
"20392","A","430"
"20393","A","418"
"20394","A","94"
"20408","A","366"
"20410","A","315"
"20417","A","371"
"20418","A","265"
"20421","A","414"
"20428","A","43"
"20431","A","336"
"20433","A","302"
"20434","A","453"
"20436","A","58"
"20437","A","102"
"20443","A","232"
"20445","A","84"
"20446","A","361"
"20449","A","426"
"20450","A","69"
"20452","A","404"
"20453","A","157"
"20456","A","197"
"20457","A","362"
"20461","A","63"
"20462","A","465"
"20470","A","482"
"20473","A","263"
"20476","A","85"
"20477","A","362"
"20482","A","495"
"20489","A","46"
"20491","A","188"
"20494","A","410"
"20496","A","219"
"20497","A","154"
"20501","A","371"
"20502","A","296"
"20504","A","284"
"20509","A","246"
"20519","A","435"
"20521","A","32"
"20524","A","232"
"20525","A","326"
"20526","A","337"
"20533","A","39"
"20534","A","453"
"20544","A","438"
"20546","A","163"
"20547","A","401"
"20553","A","267"
"20555","A","59"
"20556","A","387"
"20564","A","222"
"20567","A","444"
"20568","A","345"
"20569","A","92"
"20570","A","481"
"20572","A","71"
"20584","A","96"
"20589","A","254"
"20593","A","201"
"20609","A","330"
"20611","A","78"
"20617","A","133"
"20622","A","331"
"20623","A","206"
"20624","A","214"
"20626","A","428"
"20627","A","88"
"20635","A","395"
"20637","A","384"
"20639","A","144"
"20641","A","197"
"20642","A","273"
"20646","A","145"
"20653","A","265"
"20655","A","166"
"20658","A","40"
"20663","A","392"
"20671","A","203"
"20683","A","497"
"20685","A","57"
"20689","A","25"
"20701","A","53"
"20707","A","291"
"20709","A","104"
"20711","A","405"
"20727","A","34"
"20728","A","262"
"20732","A","44"
"20739","A","422"
"20742","A","144"
"20744","A","90"
"20754","A","229"
"20760","A","90"
"20766","A","412"
"20768","A","230"
"20773","A","378"
"20774","A","21"
"20775","A","334"
"20780","A","400"
"20782","A","418"
"20783","A","166"
"20785","A","286"
"20792","A","133"
"20793","A","428"
"20800","A","213"
"20803","A","135"
"20807","A","134"
"20819","A","288"
"20823","A","147"
"20824","A","187"
"20825","A","299"
"20831","A","478"
"20847","A","84"
"20848","A","308"
"20851","A","151"
"20858","A","372"
"20862","A","215"
"20864","A","194"
"20867","A","357"
"20879","A","154"
"20893","A","372"
"20896","A","191"
"20898","A","452"
"20904","A","98"
"20906","A","125"
"20912","A","236"
"20914","A","350"
"20916","A","384"
"20917","A","68"
"20918","A","31"
"20920","A","370"
"20921","A","230"
"20923","A","23"
"20924","A","435"
"20934","A","378"
"20945","A","31"
"20952","A","383"
"20959","A","140"
"20961","A","204"
"20964","A","228"
"20967","A","396"
"20969","A","283"
"20977","A","192"
"20983","A","373"
"20986","A","474"
"20994","A","99"
"21000","A","198"
"21004","A","118"
"21005","A","315"
"21009","A","139"
"21011","A","206"
"21012","A","23"
"21015","A","309"
"21021","A","261"
"21023","A","140"
"21025","A","290"
"21026","A","39"
"21029","A","495"
"21030","A","67"
"21031","A","167"
"21033","A","232"
"21037","A","288"
"21047","A","164"
"21056","A","483"
"21058","A","438"
"21060","A","341"
"21067","A","472"
"21071","A","288"
"21072","A","468"
"21073","A","397"
"21076","A","243"
"21078","A","241"
"21085","A","479"
"21087","A","359"
"21088","A","130"
"21093","A","75"
"21095","A","299"
"21098","A","329"
"21115","A","304"
"21128","A","360"
"21129","A","104"
"21130","A","44"
"21132","A","385"
"21135","A","190"
"21148","A","178"
"21160","A","363"
"21164","A","69"
"21166","A","343"
"21168","A","394"
"21169","A","264"
"21172","A","247"
"21173","A","397"
"21183","A","246"
"21186","A","365"
"21187","A","380"
"21189","A","447"
"21200","A","269"
"21203","A","336"
"21205","A","45"
"21206","A","371"
"21212","A","42"
"21220","A","217"
"21225","A","216"
"21226","A","234"
"21227","A","487"
"21231","A","452"
"21238","A","206"
"21251","A","96"
"21264","A","323"
"21266","A","171"
"21271","A","78"
"21272","A","405"
"21276","A","477"
"21280","A","337"
"21282","A","284"
"21283","A","445"
"21285","A","226"
"21292","A","363"
"21295","A","18"
"21298","A","110"
"21305","A","58"
"21308","A","330"
"21317","A","19"
"21323","A","19"
"21324","A","478"
"21328","A","249"
"21330","A","144"
"21336","A","98"
"21341","A","495"
"21344","A","80"
"21345","A","175"
"21360","A","244"
"21361","A","63"
"21363","A","42"
"21367","A","220"
"21368","A","78"
"21374","A","283"
"21375","A","268"
"21389","A","335"
"21390","A","326"
"21398","A","244"
"21404","A","137"
"21405","A","469"
"21410","A","276"
"21416","A","179"
"21423","A","212"
"21427","A","200"
"21433","A","194"
"21442","A","234"
"21444","A","475"
"21451","A","130"
"21455","A","278"
"21457","A","194"
"21460","A","292"
"21462","A","276"
"21468","A","296"
"21469","A","372"
"21471","A","236"
"21477","A","396"
"21478","A","160"
"21479","A","355"
"21483","A","170"
"21488","A","113"
"21496","A","316"
"21497","A","113"
"21498","A","370"
"21506","A","147"
"21508","A","175"
"21509","A","165"
"21512","A","246"
"21513","A","264"
"21516","A","206"
"21517","A","184"
"21518","A","462"
"21521","A","242"
"21522","A","116"
"21523","A","432"
"21526","A","360"
"21527","A","418"
"21531","A","223"
"21532","A","431"
"21533","A","249"
"21534","A","102"
"21540","A","173"
"21543","A","282"
"21544","A","37"
"21553","A","288"
"21556","A","218"
"21563","A","85"
"21565","A","418"
"21568","A","346"
"21573","A","121"
"21576","A","222"
"21579","A","389"
"21581","A","247"
"21582","A","121"
"21584","A","418"
"21587","A","96"
"21588","A","274"
"21590","A","45"
"21597","A","312"
"21598","A","86"
"21601","A","397"
"21620","A","15"
"21623","A","361"
"21627","A","57"
"21634","A","158"
"21635","A","243"
"21647","A","468"
"21651","A","373"
"21653","A","318"
"21655","A","483"
"21656","A","350"
"21658","A","461"
"21662","A","192"
"21665","A","315"
"21666","A","416"
"21671","A","129"
"21676","A","293"
"21682","A","282"
"21685","A","168"
"21687","A","403"
"21701","A","391"
"21702","A","413"
"21704","A","344"
"21707","A","41"
"21709","A","448"
"21711","A","293"
"21712","A","154"
"21722","A","274"
"21724","A","348"
"21726","A","66"
"21730","A","41"
"21734","A","304"
"21744","A","132"
"21749","A","388"
"21750","A","132"
"21753","A","383"
"21759","A","325"
"21762","A","155"
"21775","A","285"
"21777","A","75"
"21780","A","290"
"21781","A","243"
"21790","A","397"
"21791","A","244"
"21792","A","28"
"21798","A","269"
"21802","A","340"
"21810","A","30"
"21811","A","121"
"21815","A","199"
"21816","A","202"
"21817","A","109"
"21821","A","100"
"21825","A","52"
"21848","A","170"
"21850","A","443"
"21855","A","355"
"21860","A","490"
"21869","A","460"
"21872","A","170"
"21879","A","118"
"21881","A","369"
"21883","A","239"
"21888","A","131"
"21904","A","86"
"21907","A","33"
"21911","A","374"
"21913","A","431"
"21921","A","498"
"21923","A","383"
"21941","A","53"
"21945","A","349"
"21962","A","75"
"21963","A","329"
"21966","A","453"
"21976","A","258"
"21977","A","134"
"21978","A","217"
"21980","A","428"
"21984","A","336"
"21987","A","49"
"21988","A","499"
"21995","A","482"
"22001","A","171"
"22003","A","62"
"22018","A","293"
"22022","A","235"
"22025","A","413"
"22029","A","201"
"22033","A","343"
"22037","A","155"
"22045","A","289"
"22048","A","271"
"22049","A","417"
"22052","A","260"
"22054","A","322"
"22055","A","41"
"22061","A","208"
"22064","A","36"
"22069","A","359"
"22085","A","29"
"22087","A","181"
"22090","A","372"
"22091","A","391"
"22093","A","214"
"22094","A","258"
"22099","A","432"
"22101","A","164"
"22102","A","238"
"22104","A","377"
"22105","A","217"
"22113","A","336"
"22116","A","320"
"22119","A","35"
"22122","A","290"
"22125","A","185"
"22128","A","101"
"22132","A","301"
"22133","A","266"
"22134","A","24"
"22139","A","351"
"22141","A","455"
"22154","A","289"
"22157","A","487"
"22162","A","239"
"22166","A","424"
"22167","A","296"
"22171","A","412"
"22179","A","239"
"22180","A","453"
"22182","A","489"
"22184","A","366"
"22195","A","460"
"22206","A","30"
"22211","A","78"
"22218","A","61"
"22223","A","280"
"22226","A","200"
"22228","A","287"
"22230","A","208"
"22233","A","271"
"22237","A","459"
"22238","A","243"
"22241","A","375"
"22245","A","212"
"22248","A","46"
"22251","A","121"
"22253","A","296"
"22254","A","91"
"22259","A","366"
"22271","A","136"
"22284","A","402"
"22288","A","396"
"22291","A","10"
"22293","A","272"
"22299","A","25"
"22300","A","287"
"22311","A","211"
"22314","A","15"
"22316","A","221"
"22318","A","146"
"22333","A","313"
"22334","A","362"
"22341","A","432"
"22351","A","451"
"22356","A","22"
"22357","A","242"
"22362","A","49"
"22364","A","100"
"22378","A","302"
"22386","A","143"
"22388","A","458"
"22393","A","399"
"22395","A","33"
"22402","A","253"
"22403","A","149"
"22405","A","443"
"22409","A","270"
"22414","A","170"
"22415","A","191"
"22420","A","28"
"22426","A","46"
"22429","A","52"
"22431","A","188"
"22432","A","56"
"22434","A","243"
"22440","A","322"
"22441","A","33"
"22452","A","283"
"22456","A","335"
"22462","A","282"
"22463","A","190"
"22465","A","457"
"22467","A","262"
"22471","A","34"
"22482","A","307"
"22483","A","499"
"22489","A","137"
"22490","A","395"
"22493","A","173"
"22494","A","403"
"22500","A","390"
"22503","A","96"
"22504","A","244"
"22505","A","43"
"22511","A","226"
"22512","A","54"
"22513","A","358"
"22516","A","151"
"22518","A","121"
"22522","A","251"
"22533","A","179"
"22535","A","493"
"22541","A","476"
"22550","A","37"
"22551","A","362"
"22567","A","74"
"22581","A","103"
"22582","A","147"
"22585","A","387"
"22589","A","238"
"22592","A","444"
"22593","A","22"
"22594","A","218"
"22596","A","68"
"22598","A","463"
"22611","A","392"
"22613","A","319"
"22618","A","361"
"22623","A","26"
"22629","A","415"
"22632","A","177"
"22636","A","218"
"22638","A","377"
"22641","A","292"
"22644","A","294"
"22646","A","157"
"22647","A","494"
"22648","A","476"
"22655","A","23"
"22661","A","273"
"22664","A","207"
"22666","A","364"
"22667","A","191"
"22668","A","172"
"22690","A","441"
"22695","A","131"
"22696","A","311"
"22697","A","143"
"22699","A","438"
"22700","A","214"
"22702","A","360"
"22732","A","169"
"22735","A","101"
"22736","A","422"
"22737","A","287"
"22745","A","167"
"22750","A","13"
"22754","A","378"
"22762","A","127"
"22768","A","391"
"22769","A","306"
"22771","A","11"
"22773","A","497"
"22781","A","440"
"22785","A","42"
"22786","A","449"
"22797","A","127"
"22798","A","76"
"22800","A","154"
"22805","A","82"
"22810","A","191"
"22812","A","324"
"22815","A","379"
"22817","A","280"
"22826","A","189"
"22827","A","190"
"22828","A","22"
"22829","A","453"
"22833","A","424"
"22838","A","136"
"22841","A","100"
"22843","A","212"
"22849","A","49"
"22852","A","382"
"22853","A","292"
"22857","A","191"
"22858","A","387"
"22863","A","238"
"22865","A","39"
"22867","A","232"
"22868","A","480"
"22869","A","342"
"22878","A","185"
"22883","A","150"
"22887","A","129"
"22892","A","314"
"22894","A","210"
"22898","A","389"
"22900","A","427"
"22905","A","79"
"22906","A","466"
"22917","A","476"
"22919","A","344"
"22924","A","327"
"22926","A","409"
"22930","A","202"
"22931","A","323"
"22933","A","190"
"22944","A","62"
"22945","A","141"
"22948","A","372"
"22952","A","119"
"22953","A","387"
"22957","A","357"
"22959","A","469"
"22965","A","254"
"22976","A","277"
"22978","A","360"
"22980","A","439"
"22981","A","432"
"22983","A","425"
"22985","A","467"
"22989","A","192"
"22992","A","112"
"22994","A","27"
"22999","A","152"
"23000","A","315"
"23001","A","190"
"23014","A","212"
"23016","A","441"
"23027","A","203"
"23035","A","456"
"23037","A","425"
"23038","A","195"
"23042","A","378"
"23048","A","200"
"23058","A","482"
"23059","A","123"
"23065","A","204"
"23067","A","321"
"23081","A","74"
"23088","A","155"
"23091","A","458"
"23093","A","248"
"23098","A","367"
"23103","A","311"
"23104","A","368"
"23109","A","357"
"23111","A","390"
"23114","A","478"
"23119","A","238"
"23120","A","173"
"23121","A","410"
"23123","A","79"
"23130","A","361"
"23133","A","470"
"23138","A","345"
"23143","A","311"
"23152","A","23"
"23153","A","122"
"23167","A","222"
"23175","A","50"
"23180","A","480"
"23181","A","196"
"23182","A","395"
"23186","A","261"
"23187","A","125"
"23194","A","149"
"23199","A","434"
"23203","A","468"
"23208","A","150"
"23211","A","434"
"23212","A","224"
"23218","A","299"
"23224","A","102"
"23226","A","207"
"23241","A","375"
"23243","A","384"
"23250","A","406"
"23255","A","459"
"23268","A","294"
"23270","A","48"
"23271","A","477"
"23273","A","43"
"23276","A","453"
"23278","A","67"
"23279","A","485"
"23295","A","59"
"23299","A","401"
"23303","A","159"
"23307","A","154"
"23309","A","123"
"23311","A","458"
"23313","A","117"
"23316","A","391"
"23317","A","415"
"23322","A","166"
"23326","A","97"
"23328","A","120"
"23335","A","403"
"23338","A","263"
"23340","A","455"
"23341","A","15"
"23342","A","175"
"23344","A","402"
"23345","A","241"
"23346","A","298"
"23354","A","85"
"23358","A","383"
"23359","A","107"
"23364","A","156"
"23367","A","262"
"23368","A","209"
"23370","A","236"
"23374","A","122"
"23375","A","186"
"23380","A","245"
"23381","A","240"
"23383","A","187"
"23388","A","470"
"23391","A","320"
"23399","A","82"
"23402","A","220"
"23411","A","25"
"23417","A","422"
"23422","A","200"
"23428","A","242"
"23429","A","289"
"23430","A","66"
"23431","A","16"
"23435","A","365"
"23436","A","69"
"23437","A","363"
"23442","A","24"
"23449","A","329"
"23451","A","104"
"23452","A","113"
"23457","A","16"
"23464","A","368"
"23465","A","94"
"23466","A","414"
"23468","A","115"
"23471","A","354"
"23474","A","455"
"23475","A","417"
"23477","A","89"
"23483","A","114"
"23484","A","46"
"23488","A","42"
"23490","A","414"
"23491","A","248"
"23499","A","141"
"23502","A","225"
"23505","A","199"
"23506","A","168"
"23507","A","205"
"23509","A","309"
"23510","A","285"
"23518","A","344"
"23520","A","116"
"23524","A","451"
"23529","A","445"
"23532","A","217"
"23538","A","285"
"23540","A","81"
"23552","A","437"
"23555","A","244"
"23561","A","426"
"23562","A","237"
"23563","A","361"
"23568","A","349"
"23569","A","319"
"23572","A","362"
"23579","A","290"
"23580","A","148"
"23581","A","268"
"23582","A","206"
"23589","A","185"
"23597","A","109"
"23599","A","224"
"23600","A","204"
"23607","A","25"
"23611","A","81"
"23614","A","328"
"23631","A","398"
"23633","A","436"
"23634","A","457"
"23639","A","350"
"23648","A","40"
"23649","A","85"
"23650","A","310"
"23673","A","284"
"23674","A","457"
"23677","A","188"
"23678","A","283"
"23683","A","456"
"23687","A","340"
"23697","A","275"
"23705","A","441"
"23710","A","71"
"23719","A","265"
"23720","A","183"
"23721","A","19"
"23722","A","376"
"23726","A","448"
"23727","A","315"
"23735","A","304"
"23737","A","321"
"23743","A","397"
"23744","A","79"
"23748","A","395"
"23752","A","430"
"23753","A","491"
"23756","A","286"
"23758","A","218"
"23761","A","192"
"23764","A","377"
"23769","A","453"
"23771","A","367"
"23772","A","235"
"23775","A","124"
"23780","A","262"
"23785","A","454"
"23787","A","372"
"23788","A","57"
"23789","A","366"
"23791","A","279"
"23803","A","436"
"23804","A","200"
"23805","A","240"
"23816","A","395"
"23821","A","388"
"23822","A","349"
"23825","A","492"
"23833","A","19"
"23840","A","200"
"23843","A","224"
"23844","A","237"
"23849","A","418"
"23852","A","179"
"23861","A","260"
"23862","A","298"
"23867","A","404"
"23871","A","376"
"23875","A","196"
"23884","A","86"
"23885","A","50"
"23886","A","345"
"23891","A","361"
"23894","A","66"
"23898","A","53"
"23902","A","343"
"23907","A","200"
"23912","A","494"
"23915","A","459"
"23921","A","193"
"23922","A","266"
"23925","A","84"
"23929","A","422"
"23936","A","161"
"23937","A","289"
"23939","A","140"
"23940","A","458"
"23945","A","383"
"23949","A","404"
"23953","A","75"
"23954","A","447"
"23956","A","482"
"23957","A","18"
"23958","A","29"
"23960","A","248"
"23968","A","137"
"23969","A","472"
"23974","A","493"
"23975","A","342"
"23980","A","244"
"23982","A","42"
"23986","A","442"
"23998","A","134"
"24004","A","387"
"24005","A","67"
"24010","A","247"
"24011","A","432"
"24016","A","179"
"24019","A","335"
"24021","A","55"
"24028","A","125"
"24029","A","422"
"24031","A","385"
"24035","A","58"
"24045","A","42"
"24046","A","19"
"24061","A","41"
"24064","A","445"
"24067","A","432"
"24082","A","16"
"24093","A","47"
"24096","A","120"
"24098","A","488"
"24108","A","53"
"24114","A","92"
"24122","A","369"
"24126","A","44"
"24129","A","311"
"24138","A","390"
"24141","A","431"
"24147","A","361"
"24156","A","433"
"24157","A","272"
"24161","A","230"
"24163","A","414"
"24170","A","198"
"24173","A","359"
"24174","A","252"
"24175","A","258"
"24177","A","117"
"24179","A","183"
"24180","A","234"
"24184","A","415"
"24189","A","316"
"24191","A","38"
"24192","A","252"
"24195","A","120"
"24200","A","99"
"24204","A","492"
"24214","A","65"
"24216","A","351"
"24218","A","69"
"24228","A","307"
"24230","A","109"
"24243","A","176"
"24245","A","233"
"24254","A","425"
"24256","A","61"
"24263","A","425"
"24267","A","269"
"24275","A","381"
"24276","A","151"
"24279","A","426"
"24280","A","154"
"24286","A","111"
"24287","A","304"
"24288","A","420"
"24290","A","313"
"24291","A","386"
"24294","A","240"
"24296","A","450"
"24297","A","212"
"24300","A","91"
"24302","A","397"
"24310","A","190"
"24322","A","38"
"24328","A","369"
"24330","A","276"
"24334","A","290"
"24336","A","158"
"24347","A","473"
"24350","A","157"
"24357","A","119"
"24361","A","112"
"24365","A","294"
"24367","A","274"
"24368","A","355"
"24371","A","294"
"24372","A","348"
"24374","A","414"
"24377","A","107"
"24379","A","326"
"24381","A","69"
"24384","A","160"
"24386","A","352"
"24387","A","363"
"24393","A","271"
"24395","A","200"
"24397","A","435"
"24402","A","444"
"24403","A","76"
"24404","A","65"
"24405","A","120"
"24407","A","24"
"24409","A","311"
"24412","A","19"
"24413","A","142"
"24419","A","309"
"24428","A","191"
"24430","A","181"
"24436","A","262"
"24438","A","21"
"24442","A","266"
"24445","A","342"
"24449","A","490"
"24454","A","425"
"24456","A","372"
"24457","A","295"
"24459","A","215"
"24461","A","174"
"24462","A","254"
"24465","A","182"
"24467","A","82"
"24468","A","237"
"24475","A","381"
"24476","A","498"
"24486","A","468"
"24487","A","238"
"24489","A","441"
"24493","A","384"
"24496","A","416"
"24500","A","21"
"24502","A","316"
"24503","A","220"
"24505","A","489"
"24506","A","202"
"24509","A","33"
"24519","A","417"
"24521","A","463"
"24522","A","459"
"24529","A","81"
"24531","A","182"
"24532","A","418"
"24537","A","316"
"24543","A","187"
"24544","A","128"
"24552","A","242"
"24555","A","494"
"24574","A","483"
"24579","A","402"
"24583","A","60"
"24584","A","23"
"24592","A","209"
"24599","A","371"
"24614","A","287"
"24617","A","151"
"24618","A","243"
"24628","A","468"
"24631","A","154"
"24634","A","69"
"24636","A","55"
"24640","A","126"
"24643","A","210"
"24658","A","349"
"24659","A","323"
"24661","A","244"
"24667","A","427"
"24671","A","203"
"24679","A","50"
"24680","A","159"
"24682","A","378"
"24685","A","380"
"24686","A","398"
"24691","A","59"
"24695","A","406"
"24696","A","291"
"24698","A","300"
"24702","A","498"
"24705","A","292"
"24716","A","161"
"24722","A","433"
"24727","A","353"
"24733","A","258"
"24734","A","420"
"24735","A","391"
"24736","A","308"
"24740","A","258"
"24741","A","304"
"24742","A","253"
"24744","A","179"
"24746","A","179"
"24749","A","114"
"24756","A","93"
"24757","A","51"
"24763","A","57"
"24770","A","33"
"24772","A","300"
"24773","A","429"
"24779","A","122"
"24783","A","308"
"24784","A","221"
"24787","A","417"
"24790","A","480"
"24794","A","347"
"24795","A","429"
"24800","A","43"
"24801","A","318"
"24804","A","157"
"24814","A","119"
"24818","A","206"
"24829","A","339"
"24835","A","17"
"24836","A","468"
"24838","A","167"
"24839","A","92"
"24840","A","411"
"24841","A","322"
"24842","A","17"
"24843","A","473"
"24844","A","35"
"24846","A","57"
"24850","A","336"
"24852","A","139"
"24854","A","71"
"24863","A","51"
"24865","A","421"
"24867","A","440"
"24879","A","36"
"24885","A","457"
"24886","A","436"
"24889","A","35"
"24892","A","119"
"24895","A","197"
"24906","A","467"
"24913","A","346"
"24919","A","349"
"24922","A","240"
"24933","A","392"
"24940","A","306"
"24943","A","101"
"24944","A","386"
"24947","A","82"
"24951","A","436"
"24952","A","99"
"24976","A","129"
"24977","A","408"
"24978","A","463"
"24991","A","202"
"24993","A","399"
"24994","A","296"
"25005","A","12"
"25014","A","345"
"25016","A","446"
"25023","A","426"
"25024","A","211"
"25026","A","351"
"25032","A","299"
"25035","A","380"
"25039","A","336"
"25041","A","498"
"25046","A","255"
"25049","A","261"
"25055","A","213"
"25059","A","300"
"25061","A","146"
"25062","A","337"
"25063","A","241"
"25068","A","55"
"25070","A","88"
"25071","A","395"
"25072","A","192"
"25075","A","54"
"25079","A","399"
"25082","A","271"
"25090","A","179"
"25091","A","305"
"25092","A","180"
"25093","A","274"
"25094","A","300"
"25095","A","13"
"25102","A","374"
"25103","A","44"
"25106","A","64"
"25113","A","108"
"25114","A","326"
"25115","A","405"
"25122","A","115"
"25124","A","489"
"25125","A","73"
"25134","A","251"
"25135","A","295"
"25140","A","43"
"25142","A","253"
"25149","A","449"
"25150","A","276"
"25152","A","213"
"25153","A","144"
"25158","A","62"
"25160","A","324"
"25162","A","279"
"25171","A","161"
"25177","A","299"
"25179","A","224"
"25184","A","22"
"25190","A","461"
"25199","A","191"
"25209","A","321"
"25212","A","174"
"25213","A","192"
"25214","A","324"
"25226","A","132"
"25229","A","264"
"25230","A","299"
"25233","A","136"
"25235","A","12"
"25238","A","311"
"25243","A","52"
"25252","A","311"
"25254","A","295"
"25255","A","263"
"25256","A","210"
"25257","A","283"
"25264","A","75"
"25269","A","34"
"25273","A","458"
"25274","A","481"
"25277","A","87"
"25278","A","243"
"25279","A","19"
"25286","A","359"
"25288","A","221"
"25289","A","364"
"25291","A","261"
"25295","A","385"
"25302","A","436"
"25305","A","105"
"25306","A","164"
"25313","A","119"
"25314","A","150"
"25325","A","399"
"25328","A","75"
"25332","A","225"
"25334","A","96"
"25335","A","48"
"25338","A","170"
"25340","A","355"
"25345","A","194"
"25346","A","481"
"25356","A","365"
"25357","A","105"
"25360","A","174"
"25366","A","309"
"25369","A","432"
"25386","A","14"
"25387","A","31"
"25390","A","188"
"25393","A","382"
"25400","A","156"
"25405","A","275"
"25427","A","232"
"25430","A","302"
"25433","A","54"
"25434","A","52"
"25440","A","355"
"25441","A","250"
"25442","A","495"
"25443","A","336"
"25447","A","37"
"25448","A","238"
"25451","A","465"
"25455","A","181"
"25467","A","431"
"25475","A","28"
"25477","A","393"
"25484","A","334"
"25485","A","432"
"25487","A","67"
"25488","A","392"
"25498","A","60"
"25501","A","494"
"25503","A","236"
"25507","A","247"
"25508","A","373"
"25510","A","407"
"25511","A","147"
"25515","A","110"
"25519","A","335"
"25520","A","382"
"25523","A","229"
"25524","A","356"
"25525","A","435"
"25526","A","172"
"25534","A","238"
"25536","A","333"
"25541","A","455"
"25544","A","111"
"25549","A","128"
"25554","A","326"
"25558","A","27"
"25563","A","248"
"25567","A","197"
"25568","A","473"
"25569","A","208"
"25571","A","448"
"25581","A","498"
"25582","A","325"
"25584","A","85"
"25586","A","276"
"25588","A","107"
"25589","A","264"
"25592","A","428"
"25593","A","432"
"25600","A","216"
"25601","A","46"
"25603","A","483"
"25604","A","338"
"25606","A","442"
"25613","A","324"
"25619","A","449"
"25621","A","187"
"25626","A","474"
"25627","A","338"
"25628","A","141"
"25632","A","47"
"25636","A","397"
"25644","A","357"
"25648","A","248"
"25662","A","303"
"25665","A","108"
"25677","A","60"
"25681","A","160"
"25684","A","421"
"25690","A","200"
"25691","A","249"
"25692","A","336"
"25694","A","30"
"25700","A","494"
"25705","A","157"
"25717","A","421"
"25721","A","148"
"25723","A","410"
"25724","A","257"
"25732","A","27"
"25733","A","231"
"25735","A","56"
"25742","A","456"
"25743","A","226"
"25744","A","373"
"25745","A","186"
"25751","A","290"
"25752","A","423"
"25755","A","248"
"25764","A","193"
"25767","A","496"
"25769","A","225"
"25773","A","99"
"25779","A","195"
"25781","A","115"
"25793","A","285"
"25799","A","295"
"25800","A","153"
"25807","A","344"
"25810","A","415"
"25811","A","39"
"25814","A","60"
"25820","A","439"
"25823","A","74"
"25827","A","398"
"25839","A","228"
"25841","A","384"
"25843","A","209"
"25845","A","356"
"25859","A","493"
"25860","A","336"
"25873","A","194"
"25878","A","391"
"25881","A","296"
"25884","A","352"
"25885","A","170"
"25890","A","234"
"25892","A","21"
"25895","A","264"
"25896","A","83"
"25899","A","384"
"25904","A","434"
"25907","A","377"
"25913","A","344"
"25918","A","483"
"25921","A","140"
"25925","A","201"
"25936","A","332"
"25939","A","441"
"25940","A","98"
"25941","A","430"
"25943","A","80"
"25947","A","119"
"25948","A","92"
"25952","A","329"
"25953","A","333"
"25954","A","143"
"25957","A","27"
"25968","A","192"
"25974","A","417"
"25975","A","214"
"25987","A","447"
"25989","A","194"
"25996","A","383"
"25999","A","316"
"26015","A","121"
"26019","A","305"
"26022","A","16"
"26026","A","50"
"26028","A","46"
"26029","A","478"
"26030","A","422"
"26039","A","363"
"26058","A","128"
"26061","A","373"
"26062","A","78"
"26066","A","185"
"26067","A","434"
"26070","A","195"
"26073","A","408"
"26078","A","257"
"26083","A","449"
"26088","A","400"
"26091","A","56"
"26093","A","165"
"26099","A","395"
"26101","A","159"
"26117","A","90"
"26118","A","435"
"26123","A","407"
"26127","A","126"
"26129","A","209"
"26138","A","42"
"26139","A","459"
"26140","A","48"
"26142","A","400"
"26143","A","312"
"26149","A","114"
"26169","A","88"
"26174","A","121"
"26178","A","239"
"26184","A","382"
"26188","A","133"
"26189","A","467"
"26192","A","206"
"26193","A","364"
"26197","A","492"
"26199","A","152"
"26205","A","37"
"26207","A","88"
"26209","A","385"
"26211","A","329"
"26217","A","279"
"26218","A","184"
"26219","A","86"
"26220","A","190"
"26222","A","443"
"26227","A","54"
"26230","A","26"
"26232","A","66"
"26246","A","99"
"26248","A","23"
"26259","A","187"
"26267","A","241"
"26269","A","490"
"26274","A","171"
"26278","A","191"
"26281","A","416"
"26282","A","200"
"26294","A","170"
"26298","A","198"
"26304","A","481"
"26305","A","124"
"26319","A","490"
"26327","A","316"
"26328","A","406"
"26330","A","412"
"26338","A","425"
"26343","A","201"
"26345","A","99"
"26347","A","45"
"26349","A","129"
"26352","A","272"
"26356","A","92"
"26357","A","310"
"26363","A","439"
"26364","A","410"
"26367","A","145"
"26368","A","108"
"26369","A","143"
"26370","A","72"
"26373","A","261"
"26382","A","37"
"26387","A","117"
"26389","A","271"
"26390","A","197"
"26395","A","152"
"26398","A","251"
"26399","A","462"
"26401","A","349"
"26402","A","495"
"26406","A","464"
"26418","A","273"
"26422","A","114"
"26423","A","396"
"26424","A","145"
"26433","A","229"
"26438","A","458"
"26441","A","365"
"26447","A","120"
"26451","A","250"
"26461","A","96"
"26466","A","338"
"26472","A","498"
"26473","A","437"
"26474","A","274"
"26479","A","62"
"26480","A","491"
"26481","A","339"
"26486","A","430"
"26489","A","168"
"26493","A","351"
"26496","A","269"
"26519","A","297"
"26526","A","283"
"26534","A","105"
"26544","A","59"
"26556","A","407"
"26558","A","264"
"26561","A","54"
"26562","A","191"
"26563","A","245"
"26566","A","234"
"26569","A","331"
"26573","A","57"
"26577","A","67"
"26589","A","121"
"26590","A","290"
"26592","A","47"
"26598","A","381"
"26600","A","173"
"26601","A","234"
"26605","A","463"
"26606","A","404"
"26615","A","142"
"26619","A","261"
"26620","A","56"
"26623","A","99"
"26625","A","422"
"26627","A","246"
"26633","A","393"
"26635","A","390"
"26636","A","197"
"26640","A","352"
"26642","A","494"
"26644","A","22"
"26646","A","263"
"26654","A","64"
"26661","A","103"
"26666","A","183"
"26667","A","368"
"26668","A","33"
"26669","A","230"
"26671","A","412"
"26674","A","62"
"26675","A","113"
"26678","A","61"
"26681","A","108"
"26684","A","366"
"26685","A","434"
"26691","A","260"
"26695","A","440"
"26702","A","216"
"26705","A","347"
"26707","A","482"
"26710","A","69"
"26713","A","319"
"26722","A","231"
"26723","A","62"
"26730","A","289"
"26732","A","398"
"26738","A","85"
"26740","A","213"
"26745","A","287"
"26747","A","196"
"26751","A","213"
"26752","A","85"
"26756","A","155"
"26758","A","433"
"26759","A","174"
"26769","A","493"
"26771","A","225"
"26778","A","401"
"26786","A","426"
"26788","A","346"
"26791","A","491"
"26793","A","431"
"26797","A","245"
"26807","A","153"
"26810","A","386"
"26813","A","333"
"26818","A","310"
"26820","A","436"
"26824","A","37"
"26825","A","346"
"26826","A","25"
"26827","A","232"
"26829","A","366"
"26831","A","119"
"26832","A","205"
"26835","A","292"
"26837","A","124"
"26839","A","66"
"26841","A","182"
"26843","A","210"
"26850","A","91"
"26852","A","441"
"26858","A","262"
"26862","A","136"
"26864","A","411"
"26866","A","109"
"26867","A","170"
"26870","A","14"
"26871","A","73"
"26878","A","323"
"26879","A","451"
"26883","A","103"
"26885","A","478"
"26892","A","343"
"26898","A","234"
"26907","A","119"
"26917","A","415"
"26922","A","19"
"26927","A","483"
"26930","A","137"
"26936","A","105"
"26942","A","212"
"26945","A","471"
"26949","A","412"
"26950","A","36"
"26951","A","283"
"26952","A","191"
"26969","A","273"
"26979","A","77"
"26982","A","174"
"26985","A","139"
"26986","A","15"
"26988","A","365"
"26990","A","372"
"26991","A","498"
"26996","A","433"
"27003","A","46"
"27010","A","171"
"27024","A","195"
"27026","A","151"
"27029","A","191"
"27035","A","111"
"27047","A","369"
"27048","A","146"
"27060","A","119"
"27061","A","377"
"27063","A","364"
"27067","A","400"
"27070","A","469"
"27071","A","473"
"27075","A","449"
"27080","A","334"
"27086","A","30"
"27087","A","88"
"27092","A","205"
"27095","A","131"
"27101","A","18"
"27102","A","371"
"27105","A","326"
"27108","A","330"
"27111","A","499"
"27114","A","362"
"27121","A","470"
"27122","A","479"
"27125","A","367"
"27131","A","346"
"27161","A","61"
"27170","A","455"
"27173","A","46"
"27174","A","471"
"27187","A","454"
"27188","A","276"
"27195","A","484"
"27199","A","150"
"27201","A","288"
"27204","A","257"
"27206","A","383"
"27209","A","140"
"27211","A","430"
"27213","A","10"
"27218","A","39"
"27222","A","478"
"27226","A","93"
"27229","A","106"
"27231","A","327"
"27234","A","204"
"27235","A","393"
"27240","A","99"
"27241","A","358"
"27261","A","222"
"27264","A","363"
"27271","A","173"
"27277","A","93"
"27278","A","364"
"27280","A","393"
"27281","A","383"
"27297","A","62"
"27303","A","74"
"27305","A","319"
"27306","A","130"
"27308","A","176"
"27312","A","363"
"27314","A","472"
"27322","A","229"
"27324","A","246"
"27335","A","116"
"27336","A","196"
"27337","A","21"
"27339","A","189"
"27343","A","426"
"27346","A","203"
"27354","A","17"
"27356","A","492"
"27361","A","91"
"27367","A","93"
"27368","A","208"
"27374","A","54"
"27380","A","470"
"27381","A","139"
"27383","A","265"
"27394","A","247"
"27395","A","195"
"27397","A","396"
"27402","A","60"
"27404","A","10"
"27416","A","85"
"27426","A","25"
"27427","A","23"
"27428","A","114"
"27441","A","159"
"27443","A","243"
"27445","A","377"
"27449","A","230"
"27453","A","497"
"27459","A","107"
"27461","A","65"
"27462","A","269"
"27467","A","92"
"27470","A","284"
"27482","A","262"
"27484","A","296"
"27485","A","327"
"27486","A","216"
"27495","A","235"
"27506","A","325"
"27514","A","390"
"27520","A","210"
"27521","A","233"
"27523","A","198"
"27524","A","246"
"27526","A","38"
"27527","A","292"
"27532","A","361"
"27536","A","181"
"27539","A","460"
"27540","A","361"
"27541","A","171"
"27547","A","148"
"27551","A","390"
"27552","A","248"
"27557","A","263"
"27570","A","414"
"27571","A","488"
"27573","A","33"
"27574","A","92"
"27576","A","59"
"27577","A","461"
"27579","A","389"
"27583","A","374"
"27585","A","98"
"27591","A","268"
"27601","A","441"
"27602","A","105"
"27609","A","214"
"27613","A","442"
"27614","A","485"
"27627","A","486"
"27636","A","27"
"27642","A","218"
"27644","A","217"
"27647","A","89"
"27662","A","22"
"27665","A","107"
"27666","A","145"
"27668","A","401"
"27669","A","486"
"27674","A","499"
"27678","A","302"
"27684","A","394"
"27691","A","278"
"27694","A","12"
"27698","A","344"
"27701","A","20"
"27705","A","373"
"27706","A","38"
"27709","A","167"
"27710","A","88"
"27712","A","224"
"27721","A","462"
"27723","A","80"
"27730","A","185"
"27731","A","354"
"27732","A","24"
"27739","A","274"
"27743","A","334"
"27744","A","26"
"27749","A","379"
"27750","A","196"
"27752","A","408"
"27768","A","139"
"27773","A","270"
"27775","A","199"
"27781","A","300"
"27782","A","332"
"27785","A","335"
"27790","A","74"
"27799","A","358"
"27801","A","287"
"27804","A","115"
"27806","A","209"
"27807","A","473"
"27813","A","413"
"27819","A","467"
"27823","A","454"
"27827","A","199"
"27829","A","60"
"27830","A","305"
"27833","A","294"
"27835","A","36"
"27836","A","388"
"27837","A","441"
"27844","A","479"
"27847","A","309"
"27851","A","343"
"27854","A","272"
"27863","A","348"
"27867","A","282"
"27874","A","457"
"27877","A","207"
"27879","A","434"
"27881","A","466"
"27885","A","108"
"27886","A","301"
"27888","A","113"
"27891","A","187"
"27898","A","255"
"27905","A","483"
"27906","A","38"
"27908","A","302"
"27910","A","499"
"27912","A","12"
"27914","A","253"
"27915","A","288"
"27916","A","321"
"27917","A","277"
"27922","A","58"
"27924","A","481"
"27930","A","124"
"27937","A","143"
"27938","A","182"
"27948","A","373"
"27954","A","296"
"27955","A","428"
"27963","A","260"
"27970","A","192"
"27977","A","360"
"27978","A","435"
"27979","A","130"
"27981","A","39"
"27987","A","157"
"27992","A","422"
"27995","A","41"
"28009","A","332"
"28015","A","239"
"28016","A","451"
"28020","A","147"
"28021","A","469"
"28024","A","366"
"28025","A","373"
"28027","A","390"
"28030","A","304"
"28042","A","384"
"28043","A","282"
"28044","A","276"
"28050","A","213"
"28054","A","293"
"28058","A","430"
"28061","A","284"
"28062","A","324"
"28067","A","155"
"28069","A","471"
"28071","A","369"
"28073","A","384"
"28078","A","307"
"28079","A","479"
"28080","A","114"
"28082","A","210"
"28084","A","92"
"28087","A","453"
"28092","A","83"
"28095","A","497"
"28097","A","193"
"28101","A","287"
"28102","A","372"
"28104","A","462"
"28105","A","291"
"28106","A","454"
"28110","A","446"
"28113","A","427"
"28115","A","137"
"28116","A","405"
"28124","A","227"
"28129","A","439"
"28134","A","227"
"28137","A","153"
"28141","A","375"
"28146","A","479"
"28149","A","194"
"28153","A","44"
"28161","A","302"
"28172","A","161"
"28173","A","483"
"28175","A","76"
"28176","A","17"
"28178","A","55"
"28179","A","497"
"28183","A","92"
"28193","A","219"
"28196","A","64"
"28197","A","469"
"28201","A","129"
"28212","A","268"
"28219","A","468"
"28223","A","127"
"28228","A","248"
"28231","A","154"
"28234","A","389"
"28236","A","267"
"28239","A","334"
"28244","A","451"
"28253","A","451"
"28254","A","325"
"28256","A","371"
"28257","A","429"
"28260","A","68"
"28262","A","492"
"28265","A","311"
"28269","A","350"
"28285","A","44"
"28287","A","376"
"28294","A","158"
"28298","A","47"
"28302","A","35"
"28306","A","392"
"28311","A","221"
"28319","A","489"
"28323","A","113"
"28326","A","125"
"28328","A","484"
"28331","A","457"
"28333","A","280"
"28335","A","159"
"28338","A","42"
"28347","A","188"
"28352","A","56"
"28353","A","274"
"28355","A","179"
"28358","A","482"
"28365","A","491"
"28376","A","123"
"28378","A","381"
"28382","A","186"
"28392","A","433"
"28395","A","198"
"28397","A","446"
"28398","A","157"
"28402","A","356"
"28416","A","194"
"28417","A","363"
"28418","A","245"
"28425","A","104"
"28436","A","278"
"28438","A","170"
"28440","A","206"
"28441","A","125"
"28444","A","359"
"28450","A","415"
"28455","A","41"
"28456","A","495"
"28461","A","145"
"28462","A","472"
"28465","A","375"
"28469","A","422"
"28478","A","129"
"28487","A","139"
"28493","A","42"
"28498","A","394"
"28504","A","317"
"28505","A","69"
"28518","A","394"
"28519","A","257"
"28527","A","260"
"28535","A","410"
"28537","A","287"
"28540","A","274"
"28543","A","130"
"28544","A","446"
"28547","A","372"
"28548","A","183"
"28558","A","155"
"28559","A","454"
"28564","A","259"
"28565","A","454"
"28566","A","53"
"28574","A","37"
"28575","A","85"
"28577","A","301"
"28587","A","154"
"28593","A","50"
"28594","A","445"
"28596","A","342"
"28599","A","418"
"28603","A","43"
"28609","A","50"
"28610","A","459"
"28618","A","477"
"28621","A","323"
"28622","A","402"
"28623","A","90"
"28639","A","280"
"28640","A","247"
"28643","A","116"
"28645","A","171"
"28651","A","245"
"28653","A","404"
"28662","A","167"
"28666","A","29"
"28667","A","74"
"28674","A","467"
"28688","A","54"
"28697","A","231"
"28710","A","352"
"28712","A","331"
"28716","A","120"
"28721","A","474"
"28723","A","239"
"28730","A","494"
"28737","A","99"
"28741","A","249"
"28745","A","405"
"28751","A","121"
"28757","A","334"
"28758","A","397"
"28760","A","74"
"28765","A","317"
"28770","A","388"
"28773","A","407"
"28774","A","182"
"28776","A","301"
"28788","A","231"
"28789","A","279"
"28794","A","124"
"28799","A","63"
"28801","A","494"
"28802","A","399"
"28804","A","105"
"28810","A","128"
"28814","A","402"
"28823","A","281"
"28825","A","409"
"28827","A","271"
"28829","A","142"
"28832","A","481"
"28833","A","116"
"28835","A","303"
"28840","A","461"
"28841","A","300"
"28844","A","108"
"28848","A","470"
"28850","A","362"
"28853","A","235"
"28858","A","189"
"28869","A","218"
"28878","A","172"
"28882","A","152"
"28888","A","226"
"28890","A","297"
"28901","A","318"
"28902","A","293"
"28903","A","45"
"28910","A","127"
"28913","A","474"
"28914","A","50"
"28918","A","371"
"28923","A","197"
"28926","A","12"
"28930","A","423"
"28931","A","465"
"28933","A","414"
"28935","A","444"
"28940","A","401"
"28951","A","493"
"28955","A","293"
"28959","A","172"
"28961","A","36"
"28969","A","236"
"28971","A","284"
"28972","A","98"
"28973","A","274"
"28974","A","137"
"28975","A","458"
"28977","A","91"
"28979","A","217"
"28988","A","338"
"28989","A","64"
"28990","A","490"
"28991","A","207"
"29003","A","64"
"29005","A","221"
"29008","A","378"
"29009","A","307"
"29011","A","153"
"29017","A","91"
"29020","A","298"
"29021","A","495"
"29024","A","246"
"29032","A","22"
"29036","A","279"
"29039","A","437"
"29042","A","358"
"29047","A","126"
"29048","A","240"
"29049","A","12"
"29052","A","35"
"29054","A","262"
"29059","A","430"
"29061","A","496"
"29063","A","293"
"29068","A","257"
"29070","A","226"
"29071","A","259"
"29073","A","430"
"29074","A","46"
"29076","A","150"
"29078","A","479"
"29079","A","442"
"29080","A","373"
"29092","A","27"
"29102","A","296"
"29104","A","276"
"29105","A","467"
"29118","A","111"
"29120","A","35"
"29126","A","179"
"29135","A","32"
"29137","A","407"
"29139","A","81"
"29145","A","16"
"29155","A","484"
"29156","A","10"
"29160","A","324"
"29167","A","466"
"29170","A","365"
"29175","A","219"
"29176","A","317"
"29179","A","426"
"29182","A","286"
"29194","A","207"
"29195","A","56"
"29196","A","256"
"29201","A","128"
"29203","A","71"
"29205","A","303"
"29207","A","45"
"29230","A","352"
"29235","A","322"
"29239","A","452"
"29240","A","432"
"29243","A","63"
"29245","A","143"
"29248","A","155"
"29250","A","95"
"29253","A","475"
"29254","A","286"
"29257","A","167"
"29258","A","159"
"29259","A","274"
"29266","A","271"
"29267","A","393"
"29271","A","494"
"29279","A","254"
"29281","A","319"
"29291","A","381"
"29292","A","63"
"29295","A","258"
"29299","A","466"
"29303","A","101"
"29309","A","467"
"29310","A","300"
"29321","A","292"
"29322","A","118"
"29326","A","384"
"29333","A","152"
"29345","A","179"
"29346","A","170"
"29351","A","27"
"29357","A","486"
"29364","A","163"
"29389","A","432"
"29392","A","238"
"29405","A","365"
"29408","A","272"
"29409","A","402"
"29410","A","482"
"29411","A","160"
"29414","A","328"
"29422","A","276"
"29423","A","317"
"29426","A","313"
"29431","A","208"
"29433","A","169"
"29439","A","313"
"29441","A","294"
"29447","A","104"
"29448","A","258"
"29450","A","89"
"29453","A","427"
"29460","A","309"
"29463","A","479"
"29464","A","490"
"29465","A","411"
"29467","A","102"
"29471","A","335"
"29480","A","348"
"29481","A","484"
"29482","A","119"
"29484","A","74"
"29492","A","262"
"29501","A","73"
"29504","A","372"
"29513","A","240"
"29516","A","57"
"29517","A","221"
"29519","A","384"
"29521","A","292"
"29522","A","216"
"29528","A","269"
"29532","A","301"
"29536","A","343"
"29541","A","302"
"29543","A","288"
"29549","A","117"
"29551","A","263"
"29555","A","279"
"29559","A","263"
"29563","A","265"
"29564","A","130"
"29565","A","248"
"29570","A","456"
"29573","A","131"
"29575","A","429"
"29578","A","428"
"29579","A","259"
"29581","A","218"
"29582","A","123"
"29591","A","84"
"29593","A","461"
"29600","A","46"
"29601","A","405"
"29604","A","498"
"29610","A","80"
"29611","A","41"
"29614","A","464"
"29616","A","309"
"29629","A","435"
"29641","A","41"
"29645","A","334"
"29647","A","358"
"29657","A","15"
"29658","A","196"
"29659","A","18"
"29660","A","489"
"29663","A","114"
"29668","A","299"
"29682","A","211"
"29687","A","303"
"29689","A","272"
"29691","A","221"
"29692","A","36"
"29694","A","88"
"29701","A","428"
"29705","A","386"
"29706","A","53"
"29711","A","374"
"29712","A","192"
"29713","A","360"
"29716","A","418"
"29719","A","91"
"29723","A","99"
"29725","A","336"
"29726","A","53"
"29733","A","340"
"29741","A","56"
"29742","A","406"
"29744","A","374"
"29748","A","279"
"29751","A","159"
"29759","A","266"
"29761","A","427"
"29762","A","465"
"29763","A","399"
"29766","A","403"
"29780","A","201"
"29782","A","447"
"29786","A","111"
"29795","A","331"
"29796","A","12"
"29802","A","349"
"29805","A","204"
"29813","A","469"
"29817","A","89"
"29826","A","443"
"29831","A","43"
"29832","A","481"
"29833","A","256"
"29836","A","296"
"29837","A","392"
"29838","A","408"
"29844","A","342"
"29850","A","121"
"29851","A","268"
"29861","A","52"
"29862","A","257"
"29868","A","275"
"29874","A","70"
"29875","A","335"
"29884","A","237"
"29891","A","38"
"29892","A","312"
"29893","A","459"
"29895","A","124"
"29898","A","168"
"29902","A","303"
"29905","A","469"
"29908","A","137"
"29912","A","202"
"29928","A","201"
"29929","A","74"
"29930","A","359"
"29934","A","357"
"29935","A","483"
"29938","A","114"
"29940","A","391"
"29943","A","432"
"29944","A","336"
"29952","A","106"
"29954","A","298"
"29955","A","184"
"29957","A","273"
"29962","A","149"
"29968","A","41"
"29971","A","181"
"29974","A","186"
"29978","A","434"
"29979","A","336"
"29980","A","44"
"29985","A","277"
"29987","A","141"
"29989","A","44"
"30002","A","260"
"30004","A","272"
"30016","A","447"
"30017","A","437"
"30018","A","178"
"30019","A","344"
"30020","A","22"
"30030","A","386"
"30033","A","306"
"30035","A","281"
"30037","A","437"
"30038","A","68"
"30042","A","224"
"30044","A","37"
"30051","A","496"
"30059","A","411"
"30060","A","453"
"30061","A","407"
"30062","A","355"
"30069","A","209"
"30073","A","184"
"30076","A","308"
"30077","A","498"
"30084","A","94"
"30086","A","268"
"30090","A","104"
"30091","A","175"
"30094","A","94"
"30104","A","390"
"30118","A","259"
"30120","A","416"
"30125","A","65"
"30126","A","266"
"30132","A","294"
"30133","A","337"
"30135","A","147"
"30136","A","240"
"30137","A","261"
"30138","A","229"
"30143","A","250"
"30157","A","377"
"30158","A","238"
"30159","A","148"
"30161","A","60"
"30187","A","204"
"30188","A","135"
"30195","A","213"
"30203","A","438"
"30204","A","178"
"30208","A","180"
"30211","A","178"
"30217","A","386"
"30223","A","60"
"30229","A","150"
"30232","A","17"
"30233","A","453"
"30236","A","433"
"30237","A","383"
"30239","A","122"
"30240","A","370"
"30250","A","446"
"30257","A","231"
"30261","A","351"
"30270","A","487"
"30272","A","105"
"30281","A","414"
"30284","A","89"
"30286","A","349"
"30291","A","454"
"30292","A","41"
"30299","A","301"
"30301","A","416"
"30304","A","406"
"30305","A","488"
"30309","A","196"
"30312","A","365"
"30313","A","284"
"30314","A","351"
"30316","A","12"
"30317","A","126"
"30319","A","78"
"30324","A","176"
"30327","A","300"
"30330","A","446"
"30332","A","464"
"30337","A","123"
"30340","A","444"
"30355","A","270"
"30361","A","171"
"30362","A","64"
"30368","A","420"
"30369","A","132"
"30374","A","50"
"30377","A","82"
"30381","A","205"
"30388","A","484"
"30389","A","346"
"30390","A","369"
"30395","A","149"
"30407","A","188"
"30410","A","227"
"30411","A","209"
"30412","A","104"
"30414","A","454"
"30417","A","298"
"30418","A","305"
"30420","A","349"
"30425","A","116"
"30426","A","176"
"30428","A","471"
"30440","A","141"
"30443","A","148"
"30445","A","397"
"30456","A","58"
"30464","A","354"
"30473","A","395"
"30474","A","489"
"30478","A","273"
"30479","A","496"
"30480","A","13"
"30485","A","121"
"30491","A","239"
"30493","A","445"
"30496","A","234"
"30503","A","83"
"30505","A","113"
"30506","A","151"
"30507","A","184"
"30508","A","200"
"30516","A","415"
"30521","A","391"
"30525","A","403"
"30529","A","18"
"30531","A","238"
"30548","A","237"
"30551","A","47"
"30557","A","120"
"30559","A","44"
"30563","A","236"
"30567","A","159"
"30570","A","327"
"30572","A","244"
"30573","A","152"
"30577","A","333"
"30578","A","330"
"30580","A","411"
"30581","A","333"
"30585","A","262"
"30592","A","323"
"30595","A","207"
"30596","A","198"
"30600","A","178"
"30604","A","107"
"30605","A","183"
"30606","A","219"
"30607","A","161"
"30608","A","359"
"30610","A","147"
"30612","A","436"
"30620","A","385"
"30621","A","339"
"30628","A","313"
"30630","A","97"
"30633","A","442"
"30634","A","485"
"30638","A","494"
"30641","A","158"
"30644","A","492"
"30649","A","445"
"30654","A","453"
"30656","A","258"
"30661","A","33"
"30662","A","483"
"30663","A","201"
"30664","A","379"
"30666","A","457"
"30671","A","34"
"30674","A","104"
"30677","A","268"
"30689","A","51"
"30700","A","239"
"30704","A","476"
"30712","A","477"
"30717","A","255"
"30724","A","249"
"30727","A","266"
"30731","A","284"
"30735","A","400"
"30738","A","15"
"30740","A","392"
"30747","A","95"
"30750","A","364"
"30751","A","418"
"30754","A","156"
"30760","A","386"
"30761","A","413"
"30764","A","381"
"30767","A","430"
"30771","A","223"
"30773","A","277"
"30778","A","390"
"30779","A","425"
"30780","A","311"
"30781","A","75"
"30783","A","439"
"30784","A","415"
"30790","A","441"
"30795","A","492"
"30796","A","234"
"30802","A","259"
"30810","A","314"
"30822","A","474"
"30824","A","352"
"30836","A","72"
"30843","A","451"
"30846","A","428"
"30860","A","70"
"30861","A","149"
"30865","A","277"
"30866","A","115"
"30867","A","482"
"30868","A","145"
"30870","A","285"
"30878","A","480"
"30887","A","110"
"30890","A","496"
"30894","A","358"
"30904","A","391"
"30907","A","247"
"30912","A","288"
"30914","A","104"
"30917","A","347"
"30922","A","239"
"30927","A","165"
"30929","A","139"
"30935","A","445"
"30936","A","438"
"30939","A","169"
"30941","A","154"
"30949","A","389"
"30957","A","41"
"30958","A","245"
"30962","A","304"
"30964","A","248"
"30966","A","277"
"30972","A","437"
"30980","A","286"
"30981","A","17"
"30982","A","65"
"30984","A","158"
"30989","A","271"
"30993","A","321"
"30995","A","475"
"30996","A","128"
"30997","A","453"
"31000","A","62"
"31002","A","217"
"31009","A","446"
"31010","A","333"
"31014","A","159"
"31018","A","487"
"31022","A","270"
"31024","A","152"
"31026","A","353"
"31029","A","364"
"31034","A","86"
"31037","A","182"
"31040","A","99"
"31041","A","277"
"31045","A","438"
"31049","A","44"
"31051","A","398"
"31064","A","221"
"31066","A","378"
"31073","A","145"
"31082","A","395"
"31089","A","209"
"31090","A","402"
"31091","A","125"
"31092","A","30"
"31102","A","82"
"31103","A","496"
"31106","A","473"
"31108","A","339"
"31112","A","51"
"31113","A","125"
"31115","A","39"
"31119","A","86"
"31120","A","192"
"31124","A","321"
"31127","A","223"
"31134","A","410"
"31138","A","251"
"31144","A","215"
"31147","A","403"
"31150","A","50"
"31154","A","386"
"31161","A","489"
"31163","A","351"
"31164","A","111"
"31166","A","385"
"31167","A","105"
"31171","A","112"
"31172","A","406"
"31176","A","385"
"31184","A","467"
"31186","A","418"
"31187","A","338"
"31193","A","239"
"31194","A","467"
"31206","A","407"
"31215","A","141"
"31216","A","30"
"31220","A","92"
"31223","A","397"
"31226","A","38"
"31227","A","360"
"31230","A","211"
"31234","A","19"
"31239","A","393"
"31246","A","117"
"31248","A","479"
"31251","A","146"
"31254","A","157"
"31259","A","226"
"31262","A","387"
"31264","A","433"
"31266","A","342"
"31267","A","333"
"31277","A","124"
"31284","A","287"
"31288","A","474"
"31289","A","183"
"31293","A","304"
"31297","A","132"
"31299","A","218"
"31301","A","420"
"31302","A","260"
"31303","A","311"
"31311","A","431"
"31312","A","140"
"31316","A","480"
"31317","A","450"
"31320","A","454"
"31321","A","391"
"31327","A","366"
"31335","A","123"
"31343","A","270"
"31346","A","81"
"31347","A","350"
"31348","A","209"
"31349","A","333"
"31354","A","335"
"31358","A","15"
"31371","A","375"
"31376","A","15"
"31380","A","244"
"31381","A","430"
"31398","A","152"
"31399","A","289"
"31404","A","121"
"31412","A","331"
"31420","A","272"
"31422","A","484"
"31424","A","172"
"31432","A","221"
"31433","A","234"
"31444","A","260"
"31446","A","451"
"31450","A","314"
"31454","A","161"
"31468","A","110"
"31471","A","484"
"31473","A","496"
"31478","A","271"
"31490","A","268"
"31492","A","17"
"31493","A","112"
"31499","A","383"
"31500","A","331"
"31504","A","453"
"31509","A","302"
"31512","A","132"
"31521","A","69"
"31525","A","366"
"31535","A","400"
"31536","A","167"
"31544","A","64"
"31545","A","122"
"31550","A","23"
"31559","A","442"
"31566","A","167"
"31571","A","296"
"31578","A","152"
"31583","A","81"
"31587","A","34"
"31589","A","370"
"31597","A","221"
"31598","A","455"
"31600","A","310"
"31601","A","374"
"31603","A","399"
"31616","A","386"
"31621","A","177"
"31623","A","220"
"31628","A","391"
"31629","A","403"
"31635","A","421"
"31641","A","80"
"31648","A","427"
"31655","A","315"
"31658","A","103"
"31660","A","41"
"31664","A","173"
"31665","A","152"
"31668","A","87"
"31673","A","345"
"31674","A","152"
"31676","A","404"
"31682","A","483"
"31683","A","72"
"31687","A","408"
"31689","A","342"
"31695","A","195"
"31696","A","331"
"31699","A","355"
"31701","A","126"
"31705","A","470"
"31712","A","187"
"31713","A","156"
"31715","A","84"
"31719","A","359"
"31727","A","404"
"31735","A","254"
"31756","A","490"
"31757","A","279"
"31758","A","478"
"31760","A","483"
"31762","A","55"
"31765","A","199"
"31768","A","324"
"31770","A","64"
"31771","A","429"
"31772","A","32"
"31777","A","48"
"31778","A","404"
"31779","A","326"
"31786","A","349"
"31787","A","438"
"31788","A","59"
"31789","A","75"
"31798","A","69"
"31809","A","194"
"31811","A","20"
"31812","A","90"
"31816","A","152"
"31818","A","278"
"31823","A","254"
"31826","A","451"
"31832","A","113"
"31836","A","447"
"31838","A","255"
"31841","A","381"
"31842","A","459"
"31847","A","259"
"31849","A","180"
"31850","A","312"
"31851","A","284"
"31853","A","95"
"31857","A","344"
"31859","A","422"
"31867","A","257"
"31868","A","61"
"31869","A","132"
"31870","A","326"
"31872","A","433"
"31873","A","418"
"31875","A","107"
"31876","A","19"
"31883","A","79"
"31884","A","239"
"31897","A","370"
"31899","A","262"
"31901","A","47"
"31904","A","133"
"31906","A","50"
"31908","A","485"
"31919","A","276"
"31921","A","183"
"31927","A","482"
"31928","A","331"
"31930","A","113"
"31933","A","21"
"31946","A","56"
"31950","A","489"
"31953","A","405"
"31959","A","200"
"31961","A","375"
"31962","A","322"
"31964","A","29"
"31965","A","279"
"31966","A","430"
"31967","A","372"
"31968","A","337"
"31975","A","80"
"31977","A","206"
"31981","A","224"
"31983","A","416"
"31993","A","211"
"31995","A","302"
"31996","A","435"
"32000","A","271"
"32007","A","266"
"32010","A","200"
"32020","A","326"
"32023","A","214"
"32026","A","132"
"32029","A","132"
"32031","A","16"
"32032","A","49"
"32033","A","245"
"32034","A","119"
"32036","A","74"
"32037","A","176"
"32048","A","294"
"32058","A","436"
"32070","A","98"
"32082","A","339"
"32083","A","454"
"32087","A","48"
"32088","A","217"
"32103","A","133"
"32106","A","36"
"32108","A","173"
"32109","A","167"
"32111","A","301"
"32112","A","70"
"32114","A","202"
"32120","A","140"
"32122","A","438"
"32128","A","196"
"32129","A","248"
"32130","A","489"
"32149","A","335"
"32155","A","75"
"32157","A","71"
"32160","A","218"
"32165","A","455"
"32166","A","199"
"32167","A","493"
"32170","A","366"
"32171","A","383"
"32172","A","378"
"32174","A","245"
"32176","A","145"
"32191","A","108"
"32192","A","193"
"32201","A","176"
"32206","A","117"
"32207","A","492"
"32208","A","417"
"32209","A","316"
"32228","A","320"
"32230","A","106"
"32233","A","183"
"32234","A","297"
"32235","A","310"
"32237","A","121"
"32241","A","255"
"32242","A","47"
"32253","A","24"
"32255","A","201"
"32256","A","405"
"32263","A","425"
"32265","A","221"
"32266","A","111"
"32277","A","277"
"32280","A","254"
"32282","A","73"
"32283","A","343"
"32294","A","263"
"32295","A","109"
"32300","A","93"
"32305","A","366"
"32313","A","58"
"32315","A","274"
"32319","A","189"
"32330","A","288"
"32333","A","51"
"32340","A","311"
"32341","A","175"
"32342","A","52"
"32344","A","129"
"32347","A","271"
"32348","A","270"
"32357","A","90"
"32358","A","105"
"32368","A","269"
"32370","A","126"
"32371","A","376"
"32377","A","479"
"32381","A","457"
"32382","A","311"
"32384","A","12"
"32386","A","483"
"32391","A","367"
"32392","A","35"
"32393","A","194"
"32396","A","89"
"32400","A","201"
"32408","A","345"
"32412","A","179"
"32418","A","282"
"32419","A","382"
"32420","A","158"
"32422","A","315"
"32437","A","163"
"32439","A","117"
"32440","A","362"
"32443","A","92"
"32444","A","274"
"32445","A","17"
"32449","A","222"
"32450","A","54"
"32464","A","359"
"32469","A","470"
"32478","A","357"
"32483","A","256"
"32484","A","155"
"32485","A","261"
"32486","A","187"
"32487","A","294"
"32494","A","157"
"32496","A","28"
"32497","A","176"
"32503","A","106"
"32505","A","263"
"32506","A","235"
"32508","A","109"
"32512","A","491"
"32513","A","106"
"32517","A","458"
"32520","A","354"
"32526","A","234"
"32534","A","172"
"32537","A","155"
"32544","A","276"
"32546","A","403"
"32553","A","128"
"32558","A","287"
"32564","A","367"
"32566","A","298"
"32570","A","168"
"32572","A","406"
"32578","A","45"
"32584","A","490"
"32588","A","102"
"32590","A","199"
"32593","A","112"
"32597","A","106"
"32603","A","322"
"32607","A","208"
"32609","A","166"
"32618","A","79"
"32619","A","197"
"32626","A","323"
"32630","A","339"
"32632","A","294"
"32635","A","348"
"32642","A","202"
"32646","A","307"
"32649","A","183"
"32657","A","305"
"32659","A","316"
"32662","A","488"
"32664","A","448"
"32667","A","191"
"32668","A","91"
"32676","A","69"
"32682","A","366"
"32690","A","342"
"32693","A","27"
"32696","A","217"
"32699","A","340"
"32701","A","370"
"32704","A","246"
"32706","A","458"
"32722","A","487"
"32725","A","89"
"32731","A","172"
"32732","A","475"
"32739","A","466"
"32740","A","210"
"32745","A","310"
"32747","A","105"
"32749","A","457"
"32752","A","181"
"32754","A","483"
"32755","A","349"
"32756","A","178"
"32758","A","244"
"32762","A","478"
"32765","A","160"
"32776","A","244"
"32784","A","459"
"32786","A","185"
"32787","A","18"
"32788","A","153"
"32794","A","397"
"32804","A","134"
"32813","A","256"
"32817","A","198"
"32819","A","96"
"32822","A","91"
"32827","A","203"
"32828","A","477"
"32830","A","118"
"32832","A","421"
"32838","A","340"
"32843","A","314"
"32844","A","356"
"32850","A","201"
"32853","A","336"
"32855","A","314"
"32857","A","162"
"32859","A","73"
"32860","A","124"
"32861","A","33"
"32864","A","188"
"32865","A","251"
"32867","A","254"
"32869","A","34"
"32879","A","284"
"32886","A","264"
"32887","A","333"
"32890","A","178"
"32901","A","416"
"32907","A","300"
"32911","A","190"
"32921","A","376"
"32924","A","385"
"32932","A","266"
"32953","A","129"
"32966","A","81"
"32980","A","51"
"32984","A","40"
"32987","A","33"
"32988","A","281"
"32990","A","415"
"32993","A","217"
"32994","A","460"
"33005","A","203"
"33007","A","343"
"33008","A","385"
"33015","A","482"
"33020","A","305"
"33037","A","453"
"33039","A","250"
"33042","A","101"
"33043","A","136"
"33050","A","75"
"33062","A","88"
"33063","A","323"
"33068","A","336"
"33081","A","167"
"33084","A","306"
"33092","A","489"
"33094","A","221"
"33096","A","274"
"33098","A","90"
"33102","A","219"
"33104","A","100"
"33106","A","35"
"33108","A","304"
"33114","A","40"
"33121","A","71"
"33129","A","308"
"33139","A","164"
"33143","A","294"
"33147","A","23"
"33149","A","136"
"33153","A","279"
"33154","A","306"
"33156","A","218"
"33165","A","297"
"33167","A","434"
"33168","A","473"
"33174","A","136"
"33178","A","60"
"33179","A","197"
"33182","A","139"
"33184","A","57"
"33186","A","470"
"33193","A","245"
"33195","A","159"
"33196","A","165"
"33197","A","270"
"33199","A","57"
"33211","A","382"
"33212","A","408"
"33214","A","436"
"33222","A","484"
"33223","A","454"
"33224","A","175"
"33232","A","451"
"33234","A","243"
"33239","A","230"
"33241","A","353"
"33242","A","62"
"33251","A","281"
"33252","A","281"
"33254","A","320"
"33260","A","261"
"33262","A","138"
"33267","A","142"
"33272","A","475"
"33273","A","491"
"33280","A","43"
"33284","A","373"
"33287","A","177"
"33288","A","53"
"33290","A","472"
"33296","A","253"
"33297","A","393"
"33299","A","418"
"33301","A","287"
"33304","A","315"
"33307","A","342"
"33313","A","442"
"33316","A","326"
"33342","A","313"
"33345","A","179"
"33360","A","217"
"33368","A","211"
"33369","A","291"
"33371","A","479"
"33379","A","258"
"33392","A","246"
"33398","A","57"
"33399","A","185"
"33401","A","432"
"33404","A","469"
"33406","A","153"
"33407","A","422"
"33410","A","101"
"33420","A","418"
"33429","A","229"
"33436","A","407"
"33446","A","82"
"33449","A","201"
"33450","A","56"
"33454","A","438"
"33459","A","490"
"33462","A","433"
"33464","A","462"
"33465","A","439"
"33469","A","232"
"33470","A","179"
"33472","A","246"
"33473","A","170"
"33474","A","384"
"33483","A","480"
"33489","A","96"
"33495","A","291"
"33496","A","281"
"33498","A","349"
"33499","A","25"
"33509","A","474"
"33512","A","252"
"33516","A","63"
"33518","A","482"
"33525","A","92"
"33526","A","29"
"33529","A","367"
"33533","A","83"
"33536","A","309"
"33537","A","322"
"33545","A","49"
"33559","A","468"
"33563","A","475"
"33573","A","341"
"33574","A","266"
"33577","A","310"
"33584","A","470"
"33590","A","407"
"33598","A","312"
"33601","A","498"
"33603","A","17"
"33604","A","347"
"33609","A","250"
"33610","A","419"
"33614","A","167"
"33622","A","495"
"33625","A","182"
"33626","A","434"
"33628","A","337"
"33629","A","303"
"33630","A","260"
"33632","A","47"
"33639","A","328"
"33642","A","134"
"33650","A","434"
"33669","A","257"
"33670","A","218"
"33674","A","96"
"33677","A","109"
"33681","A","94"
"33684","A","113"
"33691","A","104"
"33697","A","494"
"33699","A","245"
"33701","A","407"
"33702","A","250"
"33706","A","458"
"33707","A","365"
"33709","A","234"
"33712","A","147"
"33714","A","450"
"33715","A","27"
"33721","A","466"
"33723","A","194"
"33730","A","290"
"33737","A","117"
"33753","A","224"
"33757","A","260"
"33765","A","300"
"33767","A","355"
"33770","A","438"
"33780","A","279"
"33787","A","240"
"33794","A","380"
"33797","A","474"
"33799","A","128"
"33800","A","131"
"33801","A","363"
"33805","A","487"
"33808","A","237"
"33809","A","189"
"33811","A","376"
"33812","A","313"
"33815","A","105"
"33816","A","383"
"33819","A","298"
"33835","A","237"
"33847","A","306"
"33862","A","252"
"33863","A","25"
"33871","A","38"
"33876","A","251"
"33879","A","325"
"33888","A","498"
"33889","A","26"
"33896","A","286"
"33897","A","364"
"33898","A","357"
"33904","A","264"
"33910","A","118"
"33919","A","331"
"33926","A","73"
"33940","A","373"
"33947","A","380"
"33951","A","116"
"33952","A","128"
"33966","A","247"
"33969","A","207"
"33975","A","429"
"33978","A","419"
"33979","A","416"
"33981","A","438"
"33986","A","381"
"33987","A","243"
"34005","A","67"
"34014","A","419"
"34016","A","73"
"34020","A","124"
"34023","A","138"
"34024","A","307"
"34042","A","410"
"34043","A","132"
"34049","A","346"
"34052","A","289"
"34053","A","282"
"34055","A","61"
"34056","A","55"
"34064","A","334"
"34067","A","112"
"34069","A","290"
"34077","A","115"
"34079","A","324"
"34081","A","142"
"34086","A","65"
"34091","A","144"
"34092","A","291"
"34093","A","181"
"34096","A","240"
"34100","A","346"
"34106","A","141"
"34109","A","60"
"34111","A","192"
"34112","A","170"
"34113","A","135"
"34114","A","304"
"34119","A","261"
"34122","A","137"
"34124","A","487"
"34129","A","306"
"34133","A","314"
"34134","A","196"
"34139","A","416"
"34144","A","407"
"34146","A","106"
"34148","A","105"
"34149","A","21"
"34152","A","343"
"34154","A","225"
"34157","A","278"
"34159","A","30"
"34162","A","209"
"34164","A","251"
"34166","A","245"
"34170","A","81"
"34172","A","269"
"34175","A","402"
"34177","A","74"
"34178","A","70"
"34179","A","449"
"34181","A","86"
"34186","A","359"
"34189","A","158"
"34193","A","406"
"34194","A","324"
"34197","A","378"
"34200","A","184"
"34201","A","259"
"34203","A","94"
"34228","A","167"
"34231","A","269"
"34242","A","320"
"34243","A","164"
"34246","A","384"
"34261","A","171"
"34266","A","239"
"34269","A","196"
"34270","A","484"
"34274","A","341"
"34276","A","22"
"34277","A","376"
"34278","A","266"
"34292","A","357"
"34294","A","322"
"34295","A","473"
"34311","A","52"
"34319","A","399"
"34321","A","196"
"34328","A","131"
"34337","A","298"
"34342","A","387"
"34348","A","273"
"34350","A","203"
"34354","A","342"
"34357","A","336"
"34373","A","66"
"34376","A","287"
"34382","A","494"
"34383","A","277"
"34387","A","384"
"34390","A","221"
"34397","A","371"
"34401","A","385"
"34404","A","494"
"34405","A","60"
"34411","A","163"
"34413","A","404"
"34414","A","210"
"34415","A","59"
"34419","A","428"
"34420","A","474"
"34423","A","47"
"34442","A","341"
"34449","A","375"
"34458","A","60"
"34463","A","369"
"34465","A","132"
"34467","A","23"
"34471","A","369"
"34480","A","136"
"34482","A","320"
"34484","A","173"
"34494","A","89"
"34497","A","10"
"34511","A","235"
"34513","A","250"
"34520","A","139"
"34529","A","168"
"34534","A","461"
"34545","A","55"
"34556","A","459"
"34557","A","207"
"34559","A","358"
"34560","A","458"
"34563","A","120"
"34588","A","281"
"34591","A","67"
"34596","A","119"
"34598","A","330"
"34599","A","168"
"34601","A","484"
"34602","A","384"
"34609","A","461"
"34618","A","134"
"34621","A","215"
"34629","A","319"
"34632","A","52"
"34639","A","233"
"34641","A","136"
"34645","A","165"
"34653","A","30"
"34655","A","193"
"34665","A","144"
"34673","A","269"
"34674","A","193"
"34677","A","124"
"34680","A","308"
"34681","A","114"
"34684","A","247"
"34686","A","67"
"34689","A","458"
"34691","A","318"
"34694","A","118"
"34696","A","51"
"34704","A","231"
"34708","A","181"
"34709","A","281"
"34713","A","318"
"34718","A","26"
"34719","A","277"
"34722","A","426"
"34723","A","301"
"34725","A","32"
"34727","A","12"
"34731","A","327"
"34733","A","274"
"34734","A","92"
"34737","A","443"
"34739","A","121"
"34742","A","63"
"34751","A","35"
"34752","A","275"
"34755","A","76"
"34765","A","248"
"34769","A","195"
"34770","A","47"
"34777","A","411"
"34780","A","341"
"34784","A","120"
"34788","A","304"
"34791","A","77"
"34793","A","330"
"34800","A","194"
"34811","A","32"
"34812","A","164"
"34815","A","495"
"34822","A","489"
"34828","A","145"
"34833","A","358"
"34836","A","191"
"34848","A","264"
"34854","A","101"
"34855","A","348"
"34857","A","189"
"34863","A","450"
"34881","A","375"
"34886","A","415"
"34898","A","198"
"34900","A","393"
"34902","A","147"
"34904","A","368"
"34911","A","287"
"34912","A","412"
"34913","A","411"
"34915","A","147"
"34916","A","476"
"34922","A","95"
"34923","A","402"
"34925","A","279"
"34933","A","291"
"34940","A","39"
"34946","A","436"
"34948","A","248"
"34954","A","226"
"34957","A","359"
"34958","A","142"
"34962","A","21"
"34968","A","76"
"34969","A","244"
"34975","A","105"
"34976","A","44"
"34977","A","39"
"34993","A","273"
"34999","A","398"
"35001","A","136"
"35007","A","489"
"35018","A","239"
"35023","A","363"
"35025","A","479"
"35026","A","149"
"35029","A","387"
"35032","A","241"
"35034","A","14"
"35036","A","446"
"35037","A","247"
"35052","A","323"
"35056","A","437"
"35059","A","302"
"35061","A","491"
"35064","A","116"
"35065","A","111"
"35066","A","363"
"35070","A","377"
"35074","A","218"
"35076","A","480"
"35078","A","302"
"35079","A","181"
"35082","A","434"
"35088","A","321"
"35092","A","38"
"35093","A","409"
"35094","A","97"
"35095","A","397"
"35096","A","464"
"35098","A","250"
"35099","A","157"
"35107","A","321"
"35109","A","73"
"35113","A","97"
"35120","A","75"
"35122","A","232"
"35124","A","281"
"35134","A","342"
"35137","A","194"
"35143","A","23"
"35144","A","19"
"35145","A","352"
"35157","A","433"
"35164","A","146"
"35166","A","463"
"35169","A","92"
"35170","A","28"
"35177","A","201"
"35180","A","114"
"35181","A","248"
"35182","A","265"
"35184","A","424"
"35186","A","236"
"35187","A","316"
"35189","A","15"
"35195","A","104"
"35202","A","32"
"35204","A","157"
"35205","A","470"
"35209","A","131"
"35211","A","291"
"35212","A","44"
"35213","A","62"
"35218","A","252"
"35221","A","311"
"35224","A","13"
"35225","A","499"
"35226","A","305"
"35228","A","154"
"35231","A","269"
"35241","A","201"
"35245","A","336"
"35246","A","163"
"35251","A","353"
"35258","A","408"
"35261","A","444"
"35263","A","337"
"35265","A","141"
"35266","A","85"
"35267","A","488"
"35281","A","350"
"35286","A","419"
"35287","A","318"
"35291","A","348"
"35300","A","18"
"35303","A","129"
"35307","A","498"
"35308","A","309"
"35311","A","28"
"35325","A","252"
"35326","A","249"
"35329","A","384"
"35331","A","391"
"35333","A","119"
"35334","A","195"
"35336","A","368"
"35337","A","408"
"35340","A","266"
"35342","A","289"
"35343","A","478"
"35345","A","313"
"35346","A","493"
"35351","A","463"
"35358","A","426"
"35361","A","262"
"35363","A","245"
"35364","A","394"
"35375","A","94"
"35376","A","254"
"35379","A","107"
"35382","A","141"
"35384","A","495"
"35395","A","400"
"35396","A","414"
"35402","A","405"
"35407","A","247"
"35415","A","368"
"35416","A","167"
"35417","A","237"
"35424","A","58"
"35433","A","52"
"35434","A","197"
"35442","A","218"
"35447","A","355"
"35449","A","479"
"35451","A","40"
"35455","A","167"
"35456","A","185"
"35458","A","82"
"35460","A","423"
"35461","A","50"
"35463","A","248"
"35467","A","344"
"35469","A","492"
"35481","A","165"
"35488","A","197"
"35489","A","51"
"35495","A","429"
"35503","A","430"
"35504","A","229"
"35509","A","142"
"35510","A","286"
"35512","A","448"
"35515","A","143"
"35516","A","379"
"35521","A","61"
"35522","A","281"
"35539","A","290"
"35540","A","437"
"35541","A","404"
"35542","A","85"
"35543","A","165"
"35548","A","267"
"35549","A","42"
"35554","A","317"
"35557","A","196"
"35558","A","201"
"35559","A","257"
"35562","A","221"
"35563","A","264"
"35568","A","438"
"35577","A","247"
"35578","A","362"
"35584","A","29"
"35590","A","55"
"35593","A","394"
"35594","A","323"
"35609","A","471"
"35615","A","121"
"35616","A","144"
"35623","A","179"
"35626","A","173"
"35628","A","218"
"35631","A","279"
"35632","A","14"
"35633","A","498"
"35637","A","272"
"35639","A","234"
"35640","A","85"
"35642","A","397"
"35649","A","224"
"35650","A","341"
"35654","A","347"
"35658","A","318"
"35665","A","187"
"35673","A","109"
"35675","A","117"
"35678","A","457"
"35681","A","115"
"35688","A","392"
"35695","A","51"
"35697","A","367"
"35700","A","413"
"35707","A","94"
"35715","A","436"
"35726","A","67"
"35733","A","327"
"35734","A","410"
"35735","A","30"
"35738","A","472"
"35740","A","52"
"35742","A","190"
"35744","A","291"
"35753","A","226"
"35754","A","242"
"35756","A","260"
"35758","A","30"
"35766","A","391"
"35779","A","27"
"35788","A","193"
"35793","A","420"
"35803","A","151"
"35809","A","17"
"35811","A","234"
"35813","A","226"
"35816","A","359"
"35817","A","142"
"35819","A","401"
"35820","A","353"
"35823","A","178"
"35824","A","81"
"35827","A","156"
"35832","A","339"
"35842","A","453"
"35844","A","485"
"35845","A","202"
"35846","A","341"
"35849","A","347"
"35851","A","335"
"35857","A","93"
"35858","A","219"
"35863","A","298"
"35870","A","269"
"35872","A","164"
"35878","A","364"
"35881","A","276"
"35882","A","431"
"35884","A","196"
"35892","A","126"
"35894","A","254"
"35895","A","391"
"35897","A","198"
"35901","A","215"
"35902","A","377"
"35908","A","304"
"35909","A","207"
"35910","A","463"
"35911","A","86"
"35915","A","164"
"35920","A","208"
"35925","A","461"
"35926","A","368"
"35932","A","445"
"35933","A","378"
"35938","A","288"
"35945","A","296"
"35948","A","421"
"35953","A","223"
"35954","A","131"
"35956","A","381"
"35965","A","311"
"35966","A","54"
"35971","A","167"
"35975","A","238"
"35977","A","494"
"35981","A","349"
"35989","A","219"
"35992","A","239"
"35993","A","410"
"35995","A","372"
"36002","A","389"
"36004","A","53"
"36006","A","317"
"36009","A","496"
"36012","A","85"
"36013","A","208"
"36015","A","382"
"36025","A","117"
"36026","A","493"
"36030","A","35"
"36031","A","376"
"36034","A","101"
"36039","A","245"
"36046","A","493"
"36047","A","263"
"36053","A","431"
"36064","A","221"
"36066","A","382"
"36076","A","102"
"36080","A","466"
"36087","A","426"
"36100","A","49"
"36101","A","261"
"36111","A","459"
"36114","A","92"
"36116","A","49"
"36119","A","218"
"36122","A","467"
"36130","A","164"
"36133","A","81"
"36138","A","453"
"36139","A","393"
"36140","A","417"
"36147","A","49"
"36152","A","189"
"36154","A","73"
"36157","A","124"
"36158","A","449"
"36159","A","422"
"36161","A","264"
"36165","A","248"
"36173","A","467"
"36176","A","53"
"36177","A","218"
"36179","A","214"
"36181","A","359"
"36186","A","83"
"36189","A","184"
"36191","A","31"
"36192","A","186"
"36193","A","433"
"36194","A","93"
"36196","A","347"
"36198","A","419"
"36199","A","184"
"36207","A","236"
"36211","A","294"
"36215","A","92"
"36219","A","92"
"36220","A","81"
"36238","A","80"
"36243","A","361"
"36244","A","47"
"36252","A","60"
"36255","A","395"
"36257","A","426"
"36261","A","389"
"36266","A","40"
"36268","A","205"
"36271","A","322"
"36285","A","144"
"36286","A","476"
"36287","A","496"
"36288","A","473"
"36289","A","126"
"36290","A","409"
"36291","A","312"
"36302","A","133"
"36303","A","166"
"36309","A","41"
"36311","A","180"
"36313","A","147"
"36314","A","280"
"36317","A","323"
"36321","A","62"
"36322","A","299"
"36323","A","463"
"36326","A","190"
"36330","A","437"
"36333","A","108"
"36335","A","245"
"36341","A","179"
"36342","A","61"
"36353","A","267"
"36359","A","264"
"36366","A","476"
"36371","A","274"
"36372","A","126"
"36373","A","110"
"36379","A","214"
"36384","A","331"
"36385","A","391"
"36391","A","217"
"36392","A","464"
"36394","A","376"
"36406","A","349"
"36408","A","160"
"36409","A","482"
"36411","A","42"
"36412","A","493"
"36413","A","231"
"36417","A","467"
"36418","A","429"
"36420","A","425"
"36428","A","60"
"36430","A","85"
"36432","A","195"
"36437","A","194"
"36440","A","264"
"36444","A","403"
"36446","A","113"
"36447","A","393"
"36451","A","120"
"36453","A","454"
"36455","A","370"
"36458","A","208"
"36459","A","363"
"36467","A","107"
"36471","A","59"
"36474","A","38"
"36476","A","38"
"36481","A","433"
"36482","A","353"
"36485","A","497"
"36488","A","183"
"36500","A","490"
"36504","A","88"
"36512","A","332"
"36516","A","367"
"36518","A","125"
"36521","A","365"
"36522","A","386"
"36524","A","440"
"36526","A","257"
"36527","A","14"
"36529","A","334"
"36540","A","384"
"36542","A","480"
"36544","A","294"
"36552","A","143"
"36562","A","221"
"36564","A","320"
"36569","A","242"
"36572","A","422"
"36575","A","447"
"36580","A","472"
"36581","A","91"
"36582","A","205"
"36583","A","484"
"36588","A","412"
"36593","A","345"
"36599","A","134"
"36608","A","143"
"36610","A","11"
"36615","A","39"
"36622","A","466"
"36624","A","374"
"36631","A","289"
"36634","A","183"
"36635","A","429"
"36639","A","356"
"36642","A","134"
"36645","A","275"
"36646","A","212"
"36647","A","216"
"36648","A","459"
"36658","A","55"
"36659","A","379"
"36660","A","139"
"36664","A","372"
"36667","A","254"
"36669","A","65"
"36679","A","13"
"36680","A","189"
"36685","A","289"
"36687","A","387"
"36690","A","41"
"36691","A","381"
"36693","A","325"
"36694","A","64"
"36699","A","399"
"36704","A","374"
"36706","A","389"
"36713","A","374"
"36715","A","262"
"36717","A","347"
"36718","A","236"
"36719","A","190"
"36720","A","205"
"36722","A","259"
"36725","A","25"
"36726","A","173"
"36727","A","28"
"36729","A","236"
"36730","A","304"
"36731","A","46"
"36734","A","478"
"36738","A","249"
"36741","A","443"
"36748","A","143"
"36755","A","349"
"36758","A","414"
"36762","A","115"
"36768","A","206"
"36774","A","258"
"36776","A","470"
"36781","A","467"
"36782","A","388"
"36783","A","156"
"36792","A","346"
"36805","A","376"
"36813","A","329"
"36825","A","438"
"36829","A","19"
"36830","A","385"
"36831","A","214"
"36833","A","373"
"36839","A","146"
"36840","A","382"
"36843","A","38"
"36852","A","133"
"36853","A","428"
"36857","A","137"
"36858","A","355"
"36859","A","226"
"36866","A","457"
"36867","A","364"
"36873","A","178"
"36874","A","332"
"36875","A","262"
"36883","A","231"
"36888","A","333"
"36894","A","342"
"36895","A","470"
"36896","A","156"
"36898","A","285"
"36904","A","465"
"36909","A","403"
"36915","A","293"
"36925","A","123"
"36928","A","243"
"36931","A","36"
"36933","A","60"
"36935","A","477"
"36936","A","435"
"36938","A","97"
"36939","A","474"
"36943","A","191"
"36945","A","490"
"36951","A","371"
"36958","A","195"
"36963","A","391"
"36966","A","477"
"36971","A","271"
"36973","A","16"
"36974","A","111"
"36975","A","429"
"36980","A","31"
"36981","A","249"
"36984","A","93"
"36991","A","404"
"37003","A","358"
"37005","A","434"
"37008","A","105"
"37010","A","69"
"37011","A","97"
"37016","A","206"
"37017","A","458"
"37018","A","235"
"37020","A","297"
"37021","A","278"
"37022","A","282"
"37033","A","376"
"37037","A","97"
"37038","A","286"
"37040","A","489"
"37041","A","75"
"37047","A","260"
"37048","A","321"
"37053","A","452"
"37055","A","276"
"37060","A","350"
"37063","A","144"
"37067","A","262"
"37083","A","269"
"37087","A","51"
"37090","A","419"
"37091","A","441"
"37097","A","466"
"37102","A","241"
"37109","A","209"
"37110","A","95"
"37115","A","328"
"37120","A","451"
"37126","A","367"
"37128","A","426"
"37132","A","134"
"37135","A","15"
"37140","A","69"
"37142","A","24"
"37146","A","408"
"37150","A","413"
"37151","A","422"
"37152","A","340"
"37154","A","153"
"37155","A","473"
"37157","A","192"
"37158","A","284"
"37160","A","59"
"37163","A","112"
"37166","A","297"
"37179","A","289"
"37185","A","97"
"37192","A","29"
"37193","A","286"
"37198","A","94"
"37200","A","412"
"37207","A","359"
"37210","A","474"
"37212","A","279"
"37217","A","473"
"37225","A","185"
"37227","A","12"
"37230","A","136"
"37231","A","282"
"37242","A","180"
"37247","A","343"
"37248","A","93"
"37251","A","90"
"37252","A","205"
"37262","A","354"
"37270","A","49"
"37275","A","418"
"37282","A","112"
"37292","A","377"
"37298","A","27"
"37303","A","315"
"37304","A","495"
"37306","A","470"
"37309","A","193"
"37314","A","24"
"37315","A","145"
"37327","A","487"
"37329","A","72"
"37331","A","220"
"37334","A","154"
"37340","A","195"
"37341","A","403"
"37348","A","390"
"37352","A","404"
"37358","A","11"
"37359","A","457"
"37360","A","151"
"37361","A","78"
"37368","A","235"
"37371","A","47"
"37374","A","365"
"37376","A","69"
"37386","A","152"
"37390","A","264"
"37392","A","362"
"37399","A","226"
"37400","A","44"
"37406","A","137"
"37407","A","161"
"37414","A","389"
"37415","A","254"
"37416","A","109"
"37420","A","268"
"37425","A","119"
"37427","A","336"
"37429","A","499"
"37432","A","427"
"37434","A","465"
"37437","A","431"
"37439","A","302"
"37445","A","219"
"37450","A","405"
"37452","A","215"
"37453","A","413"
"37455","A","251"
"37456","A","411"
"37459","A","398"
"37467","A","116"
"37477","A","463"
"37478","A","482"
"37485","A","494"
"37488","A","163"
"37489","A","275"
"37494","A","173"
"37498","A","283"
"37502","A","17"
"37509","A","164"
"37515","A","47"
"37517","A","373"
"37521","A","308"
"37523","A","91"
"37524","A","172"
"37528","A","81"
"37530","A","189"
"37531","A","105"
"37532","A","18"
"37534","A","17"
"37535","A","81"
"37537","A","34"
"37539","A","425"
"37544","A","479"
"37549","A","193"
"37550","A","249"
"37555","A","469"
"37561","A","483"
"37563","A","307"
"37564","A","130"
"37574","A","356"
"37584","A","393"
"37586","A","368"
"37592","A","230"
"37595","A","58"
"37618","A","409"
"37622","A","419"
"37623","A","20"
"37630","A","494"
"37635","A","229"
"37637","A","343"
"37641","A","212"
"37643","A","409"
"37650","A","440"
"37652","A","339"
"37653","A","240"
"37655","A","429"
"37658","A","253"
"37659","A","27"
"37662","A","230"
"37665","A","32"
"37666","A","102"
"37667","A","437"
"37670","A","239"
"37672","A","126"
"37673","A","137"
"37684","A","306"
"37686","A","273"
"37688","A","102"
"37689","A","451"
"37691","A","217"
"37693","A","50"
"37695","A","45"
"37696","A","215"
"37704","A","342"
"37708","A","273"
"37712","A","471"
"37719","A","232"
"37721","A","400"
"37727","A","51"
"37736","A","253"
"37744","A","464"
"37749","A","480"
"37751","A","490"
"37765","A","269"
"37773","A","174"
"37776","A","55"
"37784","A","345"
"37787","A","462"
"37788","A","62"
"37802","A","204"
"37805","A","441"
"37806","A","205"
"37807","A","403"
"37808","A","138"
"37811","A","487"
"37818","A","457"
"37823","A","494"
"37828","A","224"
"37834","A","411"
"37845","A","87"
"37849","A","455"
"37853","A","42"
"37858","A","188"
"37859","A","67"
"37860","A","161"
"37863","A","307"
"37869","A","181"
"37882","A","292"
"37885","A","386"
"37891","A","167"
"37904","A","205"
"37905","A","261"
"37911","A","442"
"37919","A","378"
"37925","A","17"
"37931","A","498"
"37932","A","472"
"37936","A","354"
"37939","A","207"
"37948","A","497"
"37967","A","380"
"37970","A","336"
"37971","A","184"
"37972","A","285"
"37976","A","105"
"37980","A","220"
"37985","A","491"
"37988","A","429"
"37989","A","65"
"37992","A","358"
"37995","A","352"
"38001","A","160"
"38005","A","350"
"38006","A","438"
"38014","A","73"
"38015","A","207"
"38020","A","383"
"38023","A","375"
"38028","A","385"
"38035","A","466"
"38042","A","22"
"38044","A","148"
"38052","A","226"
"38055","A","182"
"38057","A","24"
"38069","A","299"
"38073","A","55"
"38075","A","25"
"38077","A","31"
"38078","A","224"
"38081","A","178"
"38082","A","31"
"38090","A","327"
"38091","A","54"
"38094","A","450"
"38095","A","231"
"38097","A","257"
"38101","A","447"
"38103","A","172"
"38109","A","187"
"38111","A","250"
"38113","A","49"
"38114","A","385"
"38125","A","71"
"38133","A","274"
"38148","A","447"
"38155","A","144"
"38156","A","359"
"38169","A","273"
"38170","A","95"
"38172","A","283"
"38179","A","375"
"38180","A","473"
"38183","A","435"
"38185","A","285"
"38188","A","337"
"38189","A","331"
"38205","A","343"
"38213","A","154"
"38222","A","57"
"38229","A","72"
"38232","A","55"
"38235","A","115"
"38245","A","85"
"38246","A","234"
"38250","A","268"
"38251","A","170"
"38252","A","225"
"38264","A","314"
"38266","A","368"
"38269","A","372"
"38273","A","294"
"38276","A","128"
"38277","A","479"
"38281","A","94"
"38284","A","276"
"38290","A","262"
"38295","A","495"
"38299","A","324"
"38306","A","499"
"38315","A","46"
"38317","A","29"
"38321","A","67"
"38324","A","212"
"38325","A","32"
"38331","A","481"
"38336","A","74"
"38337","A","283"
"38339","A","445"
"38348","A","63"
"38351","A","52"
"38355","A","216"
"38363","A","199"
"38368","A","419"
"38373","A","258"
"38375","A","278"
"38377","A","235"
"38380","A","102"
"38386","A","462"
"38389","A","442"
"38395","A","254"
"38403","A","276"
"38412","A","187"
"38424","A","423"
"38431","A","159"
"38432","A","186"
"38437","A","208"
"38439","A","382"
"38441","A","82"
"38443","A","98"
"38447","A","144"
"38450","A","190"
"38453","A","46"
"38461","A","478"
"38467","A","216"
"38475","A","499"
"38481","A","224"
"38488","A","416"
"38495","A","441"
"38496","A","402"
"38497","A","289"
"38499","A","274"
"38500","A","280"
"38504","A","120"
"38507","A","32"
"38512","A","63"
"38513","A","408"
"38515","A","266"
"38516","A","150"
"38519","A","84"
"38522","A","254"
"38523","A","140"
"38529","A","356"
"38531","A","218"
"38537","A","156"
"38541","A","402"
"38546","A","166"
"38552","A","253"
"38554","A","364"
"38555","A","236"
"38565","A","393"
"38569","A","424"
"38570","A","252"
"38580","A","98"
"38581","A","238"
"38590","A","260"
"38591","A","123"
"38593","A","196"
"38597","A","193"
"38598","A","88"
"38600","A","69"
"38603","A","446"
"38608","A","236"
"38615","A","301"
"38617","A","413"
"38620","A","464"
"38622","A","320"
"38623","A","195"
"38625","A","304"
"38631","A","449"
"38647","A","106"
"38650","A","197"
"38651","A","11"
"38653","A","182"
"38655","A","89"
"38656","A","146"
"38658","A","176"
"38659","A","64"
"38661","A","351"
"38662","A","88"
"38669","A","31"
"38672","A","355"
"38673","A","12"
"38676","A","490"
"38678","A","223"
"38682","A","203"
"38689","A","399"
"38699","A","331"
"38701","A","135"
"38704","A","79"
"38705","A","43"
"38706","A","21"
"38708","A","69"
"38713","A","216"
"38715","A","243"
"38717","A","70"
"38724","A","386"
"38725","A","409"
"38732","A","107"
"38734","A","330"
"38736","A","397"
"38738","A","229"
"38745","A","97"
"38753","A","232"
"38754","A","45"
"38755","A","489"
"38756","A","172"
"38757","A","41"
"38768","A","134"
"38772","A","85"
"38774","A","439"
"38777","A","469"
"38782","A","61"
"38784","A","77"
"38789","A","80"
"38795","A","214"
"38801","A","268"
"38804","A","351"
"38805","A","267"
"38807","A","67"
"38808","A","13"
"38812","A","23"
"38821","A","75"
"38822","A","74"
"38826","A","73"
"38828","A","243"
"38834","A","350"
"38835","A","248"
"38837","A","481"
"38839","A","186"
"38844","A","214"
"38846","A","70"
"38852","A","405"
"38853","A","147"
"38861","A","460"
"38862","A","415"
"38863","A","222"
"38871","A","197"
"38873","A","142"
"38875","A","379"
"38877","A","359"
"38878","A","312"
"38882","A","117"
"38900","A","70"
"38904","A","280"
"38908","A","228"
"38912","A","419"
"38913","A","65"
"38914","A","32"
"38915","A","48"
"38930","A","125"
"38931","A","102"
"38932","A","131"
"38933","A","208"
"38934","A","251"
"38937","A","89"
"38938","A","337"
"38939","A","444"
"38941","A","466"
"38948","A","363"
"38949","A","357"
"38950","A","299"
"38951","A","346"
"38955","A","107"
"38961","A","295"
"38963","A","308"
"38971","A","433"
"38973","A","124"
"38974","A","303"
"38982","A","365"
"38985","A","330"
"38988","A","105"
"38991","A","323"
"38996","A","332"
"39010","A","125"
"39013","A","386"
"39018","A","409"
"39023","A","401"
"39029","A","402"
"39033","A","296"
"39035","A","495"
"39036","A","241"
"39038","A","57"
"39041","A","253"
"39048","A","345"
"39052","A","47"
"39053","A","152"
"39056","A","19"
"39057","A","253"
"39066","A","205"
"39073","A","49"
"39077","A","302"
"39090","A","230"
"39104","A","335"
"39106","A","342"
"39110","A","468"
"39121","A","109"
"39126","A","359"
"39128","A","441"
"39139","A","87"
"39140","A","498"
"39142","A","314"
"39144","A","394"
"39157","A","351"
"39162","A","13"
"39166","A","372"
"39179","A","230"
"39185","A","489"
"39189","A","270"
"39190","A","50"
"39193","A","95"
"39195","A","288"
"39204","A","23"
"39209","A","396"
"39211","A","210"
"39212","A","431"
"39214","A","406"
"39222","A","245"
"39223","A","214"
"39230","A","404"
"39231","A","497"
"39235","A","82"
"39238","A","216"
"39241","A","395"
"39253","A","315"
"39257","A","45"
"39262","A","493"
"39268","A","81"
"39269","A","113"
"39271","A","324"
"39276","A","410"
"39282","A","167"
"39284","A","372"
"39290","A","414"
"39298","A","57"
"39307","A","390"
"39316","A","470"
"39321","A","183"
"39323","A","311"
"39326","A","482"
"39330","A","59"
"39333","A","286"
"39345","A","104"
"39350","A","405"
"39351","A","492"
"39358","A","267"
"39362","A","301"
"39363","A","410"
"39366","A","493"
"39380","A","288"
"39383","A","135"
"39385","A","458"
"39386","A","198"
"39391","A","134"
"39394","A","58"
"39408","A","480"
"39411","A","264"
"39419","A","360"
"39427","A","374"
"39430","A","389"
"39433","A","400"
"39438","A","446"
"39442","A","205"
"39449","A","479"
"39452","A","361"
"39462","A","249"
"39463","A","118"
"39465","A","124"
"39468","A","279"
"39471","A","261"
"39473","A","143"
"39475","A","254"
"39476","A","116"
"39477","A","271"
"39479","A","14"
"39480","A","203"
"39481","A","57"
"39486","A","310"
"39494","A","422"
"39496","A","247"
"39498","A","186"
"39499","A","144"
"39502","A","264"
"39507","A","207"
"39509","A","24"
"39511","A","99"
"39518","A","373"
"39519","A","434"
"39522","A","441"
"39523","A","327"
"39524","A","354"
"39536","A","85"
"39546","A","313"
"39547","A","15"
"39556","A","175"
"39560","A","195"
"39561","A","191"
"39568","A","478"
"39572","A","19"
"39581","A","398"
"39584","A","137"
"39591","A","60"
"39593","A","119"
"39597","A","383"
"39599","A","121"
"39602","A","153"
"39603","A","26"
"39605","A","258"
"39608","A","19"
"39609","A","168"
"39613","A","143"
"39616","A","186"
"39617","A","370"
"39620","A","162"
"39623","A","116"
"39625","A","337"
"39627","A","450"
"39639","A","243"
"39641","A","294"
"39645","A","135"
"39646","A","250"
"39647","A","351"
"39654","A","16"
"39658","A","279"
"39662","A","50"
"39668","A","145"
"39683","A","460"
"39684","A","177"
"39685","A","74"
"39690","A","392"
"39693","A","282"
"39697","A","50"
"39699","A","380"
"39703","A","336"
"39710","A","349"
"39711","A","51"
"39713","A","48"
"39726","A","480"
"39727","A","456"
"39728","A","118"
"39733","A","41"
"39734","A","77"
"39743","A","210"
"39744","A","256"
"39748","A","12"
"39757","A","178"
"39760","A","18"
"39766","A","127"
"39772","A","390"
"39780","A","441"
"39786","A","340"
"39788","A","475"
"39790","A","69"
"39794","A","487"
"39796","A","302"
"39797","A","34"
"39801","A","286"
"39806","A","82"
"39814","A","371"
"39823","A","54"
"39825","A","140"
"39830","A","70"
"39831","A","449"
"39834","A","66"
"39842","A","406"
"39843","A","182"
"39849","A","298"
"39854","A","153"
"39857","A","308"
"39859","A","148"
"39861","A","117"
"39864","A","53"
"39874","A","370"
"39891","A","208"
"39893","A","333"
"39897","A","197"
"39904","A","444"
"39905","A","32"
"39906","A","188"
"39908","A","64"
"39910","A","103"
"39911","A","368"
"39913","A","93"
"39915","A","122"
"39918","A","232"
"39920","A","67"
"39928","A","110"
"39934","A","31"
"39936","A","32"
"39947","A","137"
"39949","A","437"
"39954","A","250"
"39955","A","442"
"39959","A","259"
"39961","A","498"
"39969","A","19"
"39970","A","460"
"39977","A","369"
"39980","A","355"
"39981","A","57"
"39983","A","85"
"39987","A","192"
"39988","A","335"
"39989","A","117"
"39991","A","187"
"40003","A","137"
"40004","A","440"
"40009","A","164"
"40012","A","132"
"40018","A","97"
"40019","A","283"
"40027","A","396"
"40030","A","449"
"40037","A","86"
"40039","A","314"
"40041","A","121"
"40045","A","130"
"40053","A","474"
"40056","A","403"
"40065","A","202"
"40066","A","432"
"40067","A","436"
"40069","A","362"
"40081","A","115"
"40082","A","376"
"40088","A","32"
"40091","A","185"
"40095","A","139"
"40096","A","477"
"40100","A","319"
"40107","A","24"
"40110","A","484"
"40114","A","373"
"40115","A","469"
"40120","A","305"
"40132","A","460"
"40135","A","495"
"40136","A","364"
"40138","A","164"
"40148","A","177"
"40156","A","440"
"40157","A","278"
"40159","A","102"
"40162","A","339"
"40163","A","294"
"40164","A","245"
"40173","A","351"
"40175","A","48"
"40194","A","325"
"40196","A","436"
"40197","A","299"
"40198","A","421"
"40207","A","181"
"40213","A","183"
"40216","A","256"
"40222","A","173"
"40230","A","37"
"40241","A","197"
"40247","A","200"
"40250","A","189"
"40252","A","194"
"40255","A","120"
"40259","A","278"
"40260","A","414"
"40263","A","488"
"40265","A","192"
"40268","A","490"
"40269","A","364"
"40270","A","288"
"40274","A","458"
"40275","A","85"
"40279","A","355"
"40282","A","498"
"40283","A","263"
"40296","A","233"
"40299","A","428"
"40300","A","58"
"40304","A","104"
"40308","A","70"
"40314","A","152"
"40325","A","449"
"40327","A","356"
"40328","A","398"
"40329","A","483"
"40333","A","315"
"40335","A","74"
"40337","A","228"
"40343","A","84"
"40344","A","79"
"40363","A","198"
"40367","A","250"
"40372","A","435"
"40375","A","386"
"40376","A","310"
"40377","A","94"
"40378","A","336"
"40379","A","415"
"40382","A","269"
"40387","A","350"
"40396","A","457"
"40411","A","204"
"40412","A","107"
"40421","A","441"
"40439","A","120"
"40442","A","37"
"40453","A","387"
"40457","A","123"
"40461","A","421"
"40463","A","190"
"40476","A","347"
"40480","A","486"
"40489","A","25"
"40490","A","133"
"40493","A","406"
"40497","A","200"
"40499","A","45"
"40500","A","359"
"40507","A","275"
"40510","A","260"
"40511","A","129"
"40512","A","324"
"40516","A","181"
"40517","A","309"
"40524","A","197"
"40532","A","198"
"40534","A","300"
"40537","A","476"
"40545","A","107"
"40552","A","144"
"40555","A","350"
"40561","A","355"
"40562","A","269"
"40564","A","93"
"40567","A","494"
"40568","A","296"
"40573","A","263"
"40574","A","267"
"40575","A","483"
"40578","A","97"
"40581","A","241"
"40589","A","136"
"40590","A","29"
"40602","A","62"
"40604","A","405"
"40610","A","25"
"40617","A","236"
"40622","A","260"
"40633","A","479"
"40637","A","359"
"40641","A","295"
"40649","A","93"
"40650","A","114"
"40654","A","154"
"40657","A","469"
"40658","A","105"
"40666","A","315"
"40670","A","232"
"40671","A","289"
"40672","A","200"
"40677","A","273"
"40678","A","278"
"40685","A","402"
"40692","A","441"
"40694","A","407"
"40703","A","398"
"40705","A","345"
"40707","A","75"
"40711","A","418"
"40712","A","416"
"40718","A","73"
"40723","A","398"
"40725","A","467"
"40742","A","264"
"40746","A","409"
"40751","A","124"
"40756","A","435"
"40768","A","412"
"40776","A","158"
"40778","A","62"
"40798","A","49"
"40800","A","78"
"40801","A","75"
"40804","A","346"
"40812","A","85"
"40815","A","289"
"40821","A","252"
"40824","A","461"
"40838","A","418"
"40844","A","94"
"40853","A","248"
"40854","A","305"
"40860","A","422"
"40861","A","26"
"40862","A","150"
"40863","A","18"
"40868","A","343"
"40875","A","277"
"40880","A","239"
"40890","A","354"
"40891","A","283"
"40899","A","477"
"40909","A","100"
"40911","A","496"
"40912","A","211"
"40915","A","201"
"40920","A","383"
"40924","A","165"
"40925","A","28"
"40926","A","143"
"40927","A","387"
"40932","A","412"
"40933","A","474"
"40937","A","14"
"40938","A","410"
"40940","A","327"
"40943","A","177"
"40949","A","199"
"40951","A","463"
"40960","A","227"
"40978","A","402"
"40986","A","349"
"40989","A","440"
"40992","A","45"
"40994","A","362"
"40995","A","59"
"40996","A","350"
"41001","A","137"
"41003","A","160"
"41007","A","147"
"41015","A","231"
"41018","A","444"
"41020","A","358"
"41021","A","412"
"41023","A","465"
"41031","A","77"
"41036","A","304"
"41045","A","226"
"41054","A","351"
"41060","A","28"
"41062","A","43"
"41069","A","444"
"41072","A","416"
"41079","A","460"
"41082","A","463"
"41085","A","136"
"41086","A","99"
"41101","A","104"
"41108","A","318"
"41109","A","234"
"41115","A","111"
"41118","A","319"
"41131","A","15"
"41134","A","118"
"41135","A","146"
"41140","A","279"
"41142","A","133"
"41143","A","461"
"41147","A","22"
"41149","A","264"
"41151","A","202"
"41156","A","474"
"41160","A","499"
"41162","A","85"
"41165","A","121"
"41173","A","133"
"41174","A","460"
"41175","A","113"
"41176","A","49"
"41178","A","494"
"41179","A","109"
"41187","A","326"
"41188","A","121"
"41190","A","191"
"41193","A","233"
"41194","A","28"
"41201","A","355"
"41202","A","284"
"41203","A","152"
"41206","A","32"
"41213","A","67"
"41219","A","275"
"41220","A","432"
"41228","A","468"
"41230","A","234"
"41231","A","50"
"41232","A","214"
"41234","A","206"
"41244","A","289"
"41249","A","468"
"41250","A","292"
"41251","A","313"
"41258","A","499"
"41260","A","58"
"41261","A","186"
"41262","A","437"
"41265","A","482"
"41269","A","187"
"41270","A","223"
"41273","A","103"
"41276","A","213"
"41279","A","230"
"41283","A","243"
"41284","A","355"
"41286","A","142"
"41292","A","80"
"41303","A","431"
"41304","A","254"
"41305","A","140"
"41308","A","447"
"41311","A","436"
"41313","A","426"
"41316","A","306"
"41317","A","450"
"41320","A","366"
"41321","A","142"
"41327","A","436"
"41330","A","141"
"41333","A","199"
"41334","A","90"
"41337","A","125"
"41344","A","239"
"41351","A","283"
"41353","A","119"
"41354","A","144"
"41357","A","152"
"41360","A","87"
"41363","A","154"
"41369","A","336"
"41372","A","394"
"41374","A","328"
"41376","A","315"
"41381","A","430"
"41390","A","294"
"41393","A","95"
"41396","A","277"
"41397","A","389"
"41402","A","454"
"41405","A","109"
"41410","A","362"
"41411","A","134"
"41418","A","88"
"41421","A","256"
"41422","A","285"
"41423","A","323"
"41426","A","233"
"41428","A","367"
"41434","A","140"
"41441","A","20"
"41447","A","489"
"41455","A","363"
"41460","A","410"
"41472","A","297"
"41474","A","351"
"41481","A","464"
"41483","A","285"
"41488","A","441"
"41491","A","133"
"41494","A","53"
"41497","A","348"
"41498","A","92"
"41499","A","287"
"41501","A","421"
"41503","A","271"
"41504","A","405"
"41505","A","106"
"41506","A","315"
"41507","A","386"
"41514","A","237"
"41518","A","240"
"41519","A","70"
"41531","A","436"
"41534","A","221"
"41541","A","125"
"41549","A","494"
"41551","A","56"
"41552","A","34"
"41556","A","38"
"41558","A","468"
"41567","A","237"
"41568","A","103"
"41569","A","262"
"41570","A","261"
"41571","A","12"
"41580","A","487"
"41583","A","90"
"41584","A","241"
"41589","A","244"
"41594","A","72"
"41599","A","388"
"41608","A","30"
"41610","A","120"
"41611","A","379"
"41614","A","383"
"41617","A","85"
"41621","A","67"
"41630","A","299"
"41636","A","18"
"41644","A","309"
"41647","A","471"
"41654","A","261"
"41656","A","116"
"41660","A","184"
"41666","A","455"
"41669","A","339"
"41674","A","499"
"41675","A","433"
"41678","A","426"
"41683","A","161"
"41684","A","489"
"41689","A","323"
"41693","A","296"
"41698","A","359"
"41702","A","342"
"41706","A","351"
"41708","A","466"
"41714","A","184"
"41716","A","466"
"41726","A","115"
"41730","A","244"
"41731","A","132"
"41734","A","92"
"41737","A","182"
"41739","A","449"
"41741","A","262"
"41746","A","184"
"41751","A","148"
"41754","A","40"
"41757","A","180"
"41760","A","65"
"41767","A","345"
"41772","A","134"
"41774","A","75"
"41788","A","179"
"41789","A","470"
"41797","A","230"
"41798","A","271"
"41803","A","247"
"41804","A","481"
"41809","A","374"
"41812","A","249"
"41823","A","324"
"41825","A","347"
"41829","A","120"
"41833","A","251"
"41834","A","469"
"41839","A","296"
"41845","A","27"
"41853","A","110"
"41860","A","189"
"41861","A","390"
"41862","A","229"
"41867","A","336"
"41874","A","252"
"41878","A","215"
"41881","A","239"
"41884","A","257"
"41896","A","138"
"41898","A","61"
"41900","A","257"
"41902","A","97"
"41906","A","317"
"41912","A","425"
"41913","A","259"
"41914","A","290"
"41915","A","254"
"41916","A","424"
"41921","A","470"
"41927","A","396"
"41942","A","338"
"41945","A","365"
"41955","A","201"
"41958","A","127"
"41959","A","17"
"41960","A","409"
"41961","A","85"
"41962","A","477"
"41965","A","391"
"41967","A","52"
"41968","A","51"
"41977","A","42"
"41978","A","462"
"41982","A","421"
"41987","A","451"
"41989","A","98"
"41992","A","189"
"41996","A","190"
"42007","A","277"
"42008","A","42"
"42012","A","21"
"42013","A","54"
"42017","A","110"
"42018","A","405"
"42023","A","194"
"42028","A","252"
"42032","A","21"
"42033","A","415"
"42038","A","473"
"42039","A","457"
"42044","A","88"
"42045","A","224"
"42049","A","308"
"42051","A","358"
"42054","A","419"
"42057","A","274"
"42059","A","369"
"42061","A","330"
"42064","A","420"
"42068","A","360"
"42073","A","282"
"42074","A","370"
"42077","A","123"
"42081","A","302"
"42084","A","407"
"42092","A","47"
"42097","A","22"
"42101","A","499"
"42109","A","313"
"42117","A","181"
"42121","A","50"
"42123","A","51"
"42124","A","67"
"42129","A","199"
"42130","A","45"
"42134","A","412"
"42135","A","387"
"42138","A","451"
"42139","A","263"
"42140","A","384"
"42145","A","132"
"42151","A","103"
"42153","A","14"
"42154","A","333"
"42155","A","489"
"42156","A","142"
"42157","A","250"
"42158","A","409"
"42162","A","130"
"42166","A","235"
"42167","A","118"
"42171","A","249"
"42173","A","343"
"42178","A","385"
"42179","A","92"
"42180","A","359"
"42184","A","129"
"42189","A","215"
"42201","A","325"
"42210","A","353"
"42211","A","360"
"42215","A","26"
"42219","A","26"
"42222","A","300"
"42226","A","380"
"42228","A","204"
"42230","A","238"
"42231","A","385"
"42235","A","130"
"42243","A","54"
"42252","A","139"
"42260","A","224"
"42264","A","494"
"42270","A","182"
"42286","A","387"
"42287","A","140"
"42291","A","285"
"42292","A","192"
"42299","A","389"
"42302","A","379"
"42306","A","293"
"42308","A","318"
"42315","A","166"
"42317","A","291"
"42319","A","426"
"42325","A","484"
"42327","A","196"
"42329","A","483"
"42330","A","238"
"42335","A","414"
"42339","A","209"
"42340","A","79"
"42344","A","384"
"42347","A","468"
"42356","A","493"
"42360","A","194"
"42365","A","337"
"42375","A","480"
"42377","A","416"
"42383","A","163"
"42384","A","104"
"42387","A","80"
"42393","A","128"
"42401","A","199"
"42403","A","179"
"42405","A","75"
"42407","A","220"
"42408","A","58"
"42410","A","356"
"42413","A","49"
"42415","A","389"
"42425","A","378"
"42432","A","80"
"42447","A","319"
"42448","A","177"
"42451","A","211"
"42452","A","465"
"42453","A","98"
"42456","A","15"
"42457","A","32"
"42458","A","57"
"42473","A","294"
"42480","A","204"
"42483","A","326"
"42485","A","496"
"42488","A","165"
"42491","A","83"
"42495","A","109"
"42504","A","406"
"42505","A","242"
"42507","A","31"
"42511","A","56"
"42513","A","361"
"42515","A","264"
"42516","A","477"
"42522","A","381"
"42525","A","77"
"42528","A","177"
"42529","A","414"
"42533","A","382"
"42536","A","354"
"42546","A","166"
"42547","A","421"
"42548","A","453"
"42550","A","100"
"42551","A","272"
"42552","A","414"
"42559","A","108"
"42564","A","416"
"42566","A","279"
"42568","A","408"
"42569","A","135"
"42572","A","20"
"42578","A","152"
"42582","A","248"
"42583","A","240"
"42585","A","289"
"42587","A","80"
"42594","A","360"
"42599","A","443"
"42605","A","115"
"42609","A","227"
"42612","A","283"
"42614","A","450"
"42617","A","346"
"42619","A","172"
"42629","A","350"
"42636","A","122"
"42638","A","307"
"42644","A","78"
"42646","A","170"
"42649","A","464"
"42653","A","167"
"42656","A","204"
"42658","A","232"
"42659","A","305"
"42666","A","169"
"42667","A","377"
"42669","A","222"
"42670","A","222"
"42673","A","478"
"42674","A","232"
"42682","A","337"
"42688","A","312"
"42689","A","121"
"42704","A","491"
"42705","A","295"
"42706","A","434"
"42713","A","387"
"42714","A","401"
"42722","A","31"
"42730","A","181"
"42736","A","60"
"42739","A","25"
"42740","A","77"
"42741","A","66"
"42746","A","339"
"42750","A","399"
"42752","A","275"
"42753","A","326"
"42768","A","149"
"42769","A","160"
"42770","A","138"
"42773","A","418"
"42776","A","128"
"42777","A","269"
"42781","A","41"
"42784","A","164"
"42785","A","138"
"42788","A","32"
"42789","A","386"
"42794","A","15"
"42795","A","335"
"42801","A","193"
"42804","A","476"
"42807","A","50"
"42808","A","423"
"42809","A","357"
"42810","A","435"
"42811","A","301"
"42817","A","122"
"42819","A","349"
"42823","A","120"
"42824","A","325"
"42827","A","181"
"42830","A","39"
"42831","A","239"
"42832","A","264"
"42835","A","140"
"42836","A","16"
"42837","A","43"
"42839","A","74"
"42843","A","52"
"42844","A","161"
"42845","A","356"
"42849","A","93"
"42853","A","437"
"42855","A","110"
"42856","A","348"
"42862","A","143"
"42882","A","322"
"42884","A","371"
"42885","A","165"
"42887","A","349"
"42888","A","86"
"42894","A","215"
"42898","A","50"
"42900","A","270"
"42906","A","266"
"42910","A","286"
"42914","A","141"
"42916","A","314"
"42917","A","210"
"42919","A","464"
"42921","A","68"
"42923","A","416"
"42926","A","296"
"42927","A","482"
"42928","A","493"
"42931","A","63"
"42933","A","327"
"42940","A","185"
"42942","A","236"
"42947","A","352"
"42951","A","108"
"42958","A","31"
"42961","A","386"
"42962","A","356"
"42964","A","125"
"42967","A","183"
"42970","A","411"
"42974","A","111"
"42976","A","114"
"42988","A","350"
"42989","A","411"
"42993","A","113"
"42996","A","402"
"42997","A","440"
"42999","A","132"
"43003","A","148"
"43004","A","239"
"43005","A","293"
"43006","A","474"
"43011","A","414"
"43014","A","44"
"43019","A","419"
"43027","A","100"
"43028","A","382"
"43030","A","107"
"43032","A","344"
"43038","A","132"
"43039","A","395"
"43040","A","341"
"43042","A","328"
"43044","A","235"
"43057","A","443"
"43060","A","212"
"43065","A","339"
"43069","A","424"
"43070","A","123"
"43071","A","125"
"43073","A","378"
"43078","A","114"
"43085","A","195"
"43090","A","258"
"43091","A","318"
"43098","A","326"
"43100","A","165"
"43101","A","459"
"43104","A","307"
"43110","A","272"
"43113","A","44"
"43115","A","391"
"43119","A","339"
"43123","A","93"
"43124","A","43"
"43131","A","151"
"43135","A","262"
"43137","A","280"
"43140","A","198"
"43147","A","232"
"43151","A","360"
"43155","A","388"
"43160","A","176"
"43161","A","228"
"43164","A","10"
"43174","A","152"
"43182","A","34"
"43186","A","286"
"43196","A","88"
"43206","A","142"
"43207","A","355"
"43217","A","242"
"43220","A","236"
"43221","A","124"
"43223","A","358"
"43225","A","244"
"43226","A","394"
"43227","A","426"
"43228","A","183"
"43242","A","405"
"43245","A","202"
"43248","A","249"
"43249","A","271"
"43251","A","235"
"43252","A","370"
"43253","A","220"
"43255","A","220"
"43263","A","120"
"43265","A","202"
"43269","A","123"
"43271","A","34"
"43273","A","280"
"43285","A","324"
"43288","A","358"
"43289","A","195"
"43291","A","277"
"43293","A","123"
"43297","A","203"
"43306","A","133"
"43316","A","377"
"43324","A","483"
"43325","A","83"
"43330","A","412"
"43331","A","12"
"43338","A","88"
"43339","A","328"
"43349","A","233"
"43351","A","365"
"43353","A","254"
"43354","A","449"
"43359","A","67"
"43366","A","112"
"43367","A","404"
"43368","A","95"
"43371","A","26"
"43373","A","244"
"43375","A","55"
"43377","A","215"
"43378","A","162"
"43380","A","192"
"43381","A","134"
"43387","A","52"
"43391","A","319"
"43396","A","297"
"43398","A","43"
"43406","A","488"
"43408","A","337"
"43412","A","393"
"43416","A","496"
"43418","A","197"
"43423","A","236"
"43425","A","113"
"43426","A","39"
"43429","A","76"
"43435","A","193"
"43437","A","56"
"43438","A","400"
"43443","A","466"
"43444","A","458"
"43446","A","28"
"43447","A","178"
"43449","A","105"
"43450","A","75"
"43451","A","347"
"43452","A","410"
"43456","A","205"
"43462","A","409"
"43465","A","398"
"43467","A","264"
"43472","A","338"
"43478","A","400"
"43483","A","368"
"43486","A","181"
"43489","A","436"
"43491","A","368"
"43499","A","309"
"43501","A","182"
"43503","A","337"
"43505","A","190"
"43506","A","164"
"43510","A","492"
"43511","A","100"
"43512","A","340"
"43515","A","157"
"43516","A","106"
"43517","A","384"
"43518","A","193"
"43523","A","344"
"43524","A","447"
"43525","A","270"
"43526","A","280"
"43533","A","70"
"43541","A","275"
"43543","A","461"
"43545","A","271"
"43548","A","343"
"43549","A","388"
"43550","A","133"
"43551","A","357"
"43552","A","347"
"43553","A","296"
"43557","A","412"
"43559","A","232"
"43562","A","196"
"43567","A","461"
"43570","A","354"
"43572","A","427"
"43581","A","138"
"43586","A","400"
"43591","A","382"
"43597","A","253"
"43598","A","130"
"43601","A","437"
"43603","A","71"
"43607","A","210"
"43609","A","316"
"43611","A","494"
"43617","A","110"
"43626","A","125"
"43627","A","395"
"43640","A","298"
"43644","A","487"
"43647","A","453"
"43654","A","498"
"43656","A","77"
"43660","A","28"
"43678","A","82"
"43681","A","327"
"43682","A","401"
"43686","A","364"
"43689","A","47"
"43690","A","213"
"43692","A","247"
"43697","A","249"
"43701","A","320"
"43708","A","338"
"43718","A","487"
"43719","A","84"
"43725","A","11"
"43726","A","259"
"43733","A","445"
"43736","A","115"
"43737","A","152"
"43742","A","237"
"43746","A","187"
"43748","A","245"
"43751","A","486"
"43753","A","492"
"43754","A","92"
"43759","A","335"
"43769","A","442"
"43772","A","74"
"43773","A","215"
"43777","A","110"
"43779","A","299"
"43781","A","256"
"43786","A","87"
"43790","A","402"
"43791","A","468"
"43798","A","44"
"43799","A","389"
"43800","A","489"
"43802","A","471"
"43814","A","423"
"43818","A","301"
"43819","A","432"
"43820","A","474"
"43822","A","164"
"43824","A","11"
"43829","A","104"
"43831","A","450"
"43834","A","127"
"43835","A","188"
"43838","A","342"
"43842","A","473"
"43843","A","192"
"43848","A","333"
"43849","A","436"
"43858","A","474"
"43861","A","358"
"43865","A","179"
"43871","A","32"
"43872","A","148"
"43873","A","32"
"43876","A","445"
"43879","A","489"
"43882","A","26"
"43885","A","103"
"43888","A","153"
"43891","A","360"
"43898","A","105"
"43901","A","438"
"43902","A","380"
"43905","A","442"
"43910","A","51"
"43917","A","38"
"43918","A","488"
"43929","A","20"
"43935","A","52"
"43936","A","176"
"43938","A","484"
"43940","A","274"
"43943","A","83"
"43948","A","239"
"43953","A","254"
"43954","A","161"
"43967","A","388"
"43969","A","428"
"43972","A","186"
"43974","A","290"
"43975","A","471"
"43978","A","480"
"43995","A","480"
"44002","A","186"
"44004","A","214"
"44005","A","104"
"44009","A","441"
"44017","A","475"
"44022","A","264"
"44024","A","28"
"44028","A","141"
"44029","A","285"
"44035","A","461"
"44038","A","281"
"44041","A","158"
"44043","A","453"
"44052","A","158"
"44056","A","467"
"44057","A","439"
"44058","A","281"
"44064","A","443"
"44066","A","84"
"44067","A","229"
"44069","A","491"
"44073","A","16"
"44076","A","409"
"44077","A","294"
"44081","A","408"
"44087","A","307"
"44088","A","118"
"44097","A","302"
"44098","A","318"
"44102","A","98"
"44111","A","102"
"44112","A","335"
"44116","A","172"
"44117","A","448"
"44118","A","282"
"44122","A","280"
"44127","A","61"
"44131","A","122"
"44134","A","87"
"44140","A","170"
"44146","A","57"
"44149","A","96"
"44153","A","258"
"44158","A","233"
"44165","A","295"
"44168","A","361"
"44169","A","99"
"44171","A","337"
"44173","A","282"
"44174","A","103"
"44176","A","108"
"44178","A","271"
"44184","A","271"
"44186","A","120"
"44192","A","238"
"44194","A","106"
"44196","A","14"
"44202","A","416"
"44210","A","495"
"44216","A","158"
"44217","A","257"
"44218","A","281"
"44221","A","145"
"44232","A","295"
"44237","A","267"
"44239","A","154"
"44244","A","206"
"44245","A","113"
"44246","A","118"
"44248","A","333"
"44251","A","493"
"44253","A","220"
"44259","A","242"
"44264","A","124"
"44282","A","327"
"44289","A","75"
"44292","A","484"
"44295","A","29"
"44301","A","405"
"44303","A","348"
"44304","A","163"
"44305","A","362"
"44306","A","298"
"44308","A","383"
"44313","A","403"
"44315","A","190"
"44323","A","168"
"44325","A","474"
"44328","A","212"
"44332","A","60"
"44334","A","253"
"44335","A","369"
"44338","A","344"
"44342","A","294"
"44344","A","220"
"44346","A","156"
"44347","A","22"
"44354","A","194"
"44356","A","459"
"44357","A","92"
"44360","A","170"
"44364","A","42"
"44365","A","186"
"44368","A","421"
"44369","A","98"
"44375","A","38"
"44379","A","242"
"44381","A","141"
"44384","A","412"
"44389","A","490"
"44390","A","110"
"44391","A","435"
"44396","A","353"
"44397","A","68"
"44400","A","232"
"44402","A","69"
"44404","A","410"
"44409","A","113"
"44411","A","272"
"44415","A","231"
"44420","A","269"
"44423","A","72"
"44424","A","115"
"44430","A","44"
"44431","A","363"
"44432","A","151"
"44433","A","86"
"44439","A","217"
"44440","A","108"
"44442","A","107"
"44446","A","485"
"44447","A","100"
"44451","A","71"
"44456","A","135"
"44467","A","365"
"44469","A","76"
"44473","A","412"
"44474","A","340"
"44475","A","152"
"44477","A","105"
"44479","A","448"
"44484","A","319"
"44487","A","240"
"44489","A","337"
"44491","A","308"
"44497","A","34"
"44499","A","12"
"44501","A","212"
"44502","A","81"
"44503","A","452"
"44504","A","362"
"44506","A","351"
"44507","A","280"
"44509","A","405"
"44510","A","72"
"44514","A","87"
"44517","A","275"
"44519","A","380"
"44525","A","145"
"44529","A","46"
"44531","A","180"
"44532","A","223"
"44535","A","458"
"44540","A","39"
"44541","A","230"
"44543","A","245"
"44546","A","344"
"44549","A","399"
"44550","A","196"
"44551","A","127"
"44553","A","270"
"44554","A","343"
"44559","A","225"
"44561","A","327"
"44565","A","149"
"44569","A","411"
"44578","A","359"
"44585","A","165"
"44586","A","354"
"44597","A","283"
"44598","A","448"
"44615","A","54"
"44618","A","480"
"44620","A","57"
"44621","A","282"
"44622","A","413"
"44625","A","187"
"44626","A","114"
"44627","A","135"
"44633","A","497"
"44634","A","205"
"44636","A","303"
"44643","A","165"
"44648","A","198"
"44651","A","161"
"44652","A","258"
"44656","A","235"
"44661","A","271"
"44663","A","88"
"44664","A","52"
"44666","A","488"
"44667","A","444"
"44669","A","354"
"44674","A","114"
"44681","A","452"
"44683","A","302"
"44688","A","227"
"44692","A","81"
"44699","A","444"
"44701","A","268"
"44702","A","16"
"44705","A","259"
"44706","A","225"
"44707","A","195"
"44708","A","354"
"44715","A","254"
"44720","A","257"
"44721","A","135"
"44723","A","228"
"44725","A","374"
"44728","A","369"
"44735","A","81"
"44737","A","222"
"44739","A","10"
"44740","A","267"
"44743","A","83"
"44744","A","438"
"44751","A","268"
"44756","A","366"
"44757","A","241"
"44758","A","217"
"44764","A","269"
"44769","A","52"
"44775","A","497"
"44778","A","294"
"44781","A","187"
"44783","A","160"
"44791","A","140"
"44792","A","433"
"44793","A","197"
"44797","A","196"
"44803","A","424"
"44807","A","356"
"44808","A","367"
"44811","A","463"
"44813","A","98"
"44814","A","299"
"44818","A","478"
"44821","A","175"
"44822","A","315"
"44832","A","231"
"44834","A","389"
"44838","A","467"
"44844","A","427"
"44846","A","186"
"44849","A","377"
"44850","A","135"
"44851","A","15"
"44864","A","281"
"44872","A","250"
"44873","A","466"
"44877","A","306"
"44881","A","64"
"44883","A","11"
"44885","A","179"
"44886","A","458"
"44887","A","294"
"44893","A","435"
"44894","A","478"
"44895","A","387"
"44918","A","347"
"44921","A","309"
"44929","A","337"
"44932","A","396"
"44933","A","354"
"44940","A","400"
"44941","A","168"
"44944","A","24"
"44946","A","406"
"44948","A","443"
"44950","A","449"
"44958","A","167"
"44959","A","264"
"44960","A","307"
"44963","A","112"
"44970","A","318"
"44983","A","255"
"44991","A","464"
"44993","A","304"
"44994","A","93"
"45003","A","243"
"45006","A","406"
"45009","A","98"
"45011","A","94"
"45012","A","17"
"45015","A","299"
"45024","A","294"
"45025","A","409"
"45042","A","43"
"45044","A","173"
"45047","A","163"
"45049","A","489"
"45052","A","436"
"45055","A","325"
"45056","A","87"
"45068","A","305"
"45074","A","169"
"45076","A","61"
"45086","A","458"
"45088","A","457"
"45089","A","180"
"45090","A","57"
"45091","A","139"
"45092","A","203"
"45094","A","338"
"45099","A","455"
"45105","A","377"
"45107","A","292"
"45113","A","149"
"45114","A","448"
"45120","A","311"
"45125","A","73"
"45127","A","31"
"45128","A","418"
"45130","A","428"
"45131","A","446"
"45139","A","218"
"45147","A","329"
"45148","A","474"
"45150","A","391"
"45153","A","132"
"45162","A","155"
"45166","A","457"
"45167","A","43"
"45169","A","203"
"45179","A","460"
"45185","A","88"
"45191","A","122"
"45198","A","474"
"45202","A","387"
"45203","A","227"
"45206","A","375"
"45208","A","90"
"45211","A","86"
"45212","A","464"
"45213","A","306"
"45214","A","89"
"45219","A","130"
"45226","A","80"
"45228","A","321"
"45231","A","298"
"45242","A","239"
"45243","A","94"
"45252","A","62"
"45253","A","288"
"45254","A","31"
"45256","A","401"
"45257","A","248"
"45264","A","314"
"45276","A","383"
"45278","A","451"
"45280","A","229"
"45284","A","263"
"45285","A","179"
"45286","A","188"
"45290","A","127"
"45291","A","272"
"45295","A","33"
"45297","A","195"
"45298","A","329"
"45301","A","217"
"45313","A","93"
"45316","A","195"
"45318","A","456"
"45320","A","20"
"45327","A","447"
"45337","A","447"
"45343","A","259"
"45347","A","291"
"45353","A","297"
"45354","A","105"
"45357","A","487"
"45361","A","221"
"45364","A","416"
"45365","A","490"
"45368","A","49"
"45375","A","398"
"45378","A","11"
"45380","A","75"
"45382","A","462"
"45389","A","373"
"45398","A","144"
"45401","A","456"
"45403","A","184"
"45405","A","454"
"45418","A","441"
"45431","A","387"
"45437","A","414"
"45441","A","279"
"45446","A","290"
"45453","A","227"
"45455","A","32"
"45456","A","491"
"45468","A","327"
"45469","A","387"
"45472","A","294"
"45476","A","278"
"45479","A","250"
"45480","A","356"
"45482","A","451"
"45485","A","178"
"45490","A","123"
"45492","A","387"
"45493","A","187"
"45494","A","169"
"45498","A","112"
"45504","A","173"
"45513","A","46"
"45514","A","458"
"45517","A","363"
"45523","A","281"
"45525","A","25"
"45527","A","172"
"45529","A","235"
"45538","A","282"
"45544","A","222"
"45551","A","266"
"45553","A","312"
"45559","A","265"
"45560","A","141"
"45576","A","203"
"45577","A","106"
"45578","A","495"
"45582","A","404"
"45583","A","155"
"45592","A","369"
"45593","A","467"
"45604","A","12"
"45606","A","91"
"45607","A","137"
"45610","A","434"
"45611","A","16"
"45614","A","134"
"45620","A","377"
"45627","A","307"
"45628","A","478"
"45630","A","465"
"45632","A","15"
"45633","A","461"
"45635","A","157"
"45636","A","348"
"45642","A","160"
"45643","A","471"
"45647","A","224"
"45648","A","17"
"45649","A","277"
"45650","A","54"
"45651","A","380"
"45652","A","450"
"45653","A","458"
"45654","A","205"
"45657","A","372"
"45659","A","342"
"45661","A","319"
"45666","A","368"
"45669","A","449"
"45670","A","322"
"45673","A","442"
"45674","A","315"
"45678","A","263"
"45679","A","89"
"45683","A","399"
"45686","A","337"
"45696","A","175"
"45700","A","249"
"45708","A","105"
"45709","A","276"
"45712","A","83"
"45713","A","256"
"45714","A","461"
"45723","A","113"
"45726","A","261"
"45739","A","272"
"45740","A","325"
"45742","A","263"
"45750","A","336"
"45753","A","367"
"45754","A","98"
"45755","A","57"
"45760","A","242"
"45767","A","228"
"45768","A","124"
"45775","A","297"
"45779","A","198"
"45783","A","379"
"45787","A","102"
"45799","A","41"
"45801","A","452"
"45804","A","66"
"45805","A","496"
"45809","A","184"
"45810","A","391"
"45816","A","448"
"45819","A","19"
"45821","A","204"
"45828","A","163"
"45831","A","306"
"45833","A","386"
"45835","A","310"
"45841","A","406"
"45847","A","105"
"45853","A","418"
"45854","A","118"
"45855","A","45"
"45857","A","182"
"45864","A","443"
"45865","A","45"
"45876","A","193"
"45887","A","414"
"45890","A","198"
"45894","A","408"
"45896","A","219"
"45900","A","53"
"45901","A","118"
"45904","A","29"
"45905","A","268"
"45906","A","398"
"45914","A","471"
"45919","A","361"
"45920","A","164"
"45923","A","464"
"45926","A","131"
"45933","A","241"
"45934","A","493"
"45935","A","349"
"45939","A","301"
"45941","A","269"
"45943","A","171"
"45949","A","474"
"45952","A","284"
"45953","A","221"
"45954","A","128"
"45962","A","255"
"45965","A","220"
"45976","A","305"
"45977","A","223"
"45978","A","167"
"45979","A","37"
"45982","A","302"
"45984","A","231"
"45990","A","430"
"45991","A","273"
"45994","A","128"
"45996","A","28"
"45998","A","386"
"46012","A","80"
"46017","A","86"
"46018","A","187"
"46020","A","231"
"46021","A","178"
"46024","A","495"
"46027","A","315"
"46029","A","388"
"46033","A","442"
"46035","A","90"
"46044","A","82"
"46051","A","313"
"46052","A","130"
"46053","A","109"
"46056","A","372"
"46057","A","408"
"46062","A","448"
"46063","A","217"
"46067","A","247"
"46068","A","51"
"46070","A","84"
"46071","A","424"
"46074","A","307"
"46077","A","23"
"46081","A","422"
"46083","A","122"
"46085","A","128"
"46086","A","412"
"46091","A","309"
"46092","A","469"
"46093","A","387"
"46094","A","426"
"46098","A","475"
"46123","A","55"
"46126","A","228"
"46127","A","305"
"46129","A","51"
"46130","A","53"
"46132","A","349"
"46144","A","391"
"46146","A","163"
"46151","A","277"
"46152","A","80"
"46157","A","379"
"46160","A","77"
"46161","A","499"
"46164","A","64"
"46170","A","309"
"46180","A","418"
"46181","A","67"
"46185","A","227"
"46192","A","474"
"46196","A","156"
"46203","A","371"
"46214","A","220"
"46215","A","166"
"46219","A","52"
"46221","A","398"
"46222","A","112"
"46228","A","173"
"46229","A","327"
"46233","A","24"
"46236","A","132"
"46239","A","154"
"46244","A","115"
"46246","A","303"
"46257","A","487"
"46263","A","361"
"46265","A","270"
"46266","A","336"
"46274","A","332"
"46275","A","314"
"46277","A","451"
"46290","A","478"
"46291","A","272"
"46292","A","490"
"46293","A","129"
"46298","A","177"
"46302","A","307"
"46305","A","465"
"46307","A","349"
"46310","A","417"
"46315","A","421"
"46316","A","43"
"46318","A","110"
"46321","A","269"
"46325","A","165"
"46328","A","379"
"46333","A","52"
"46339","A","304"
"46345","A","99"
"46346","A","260"
"46348","A","133"
"46355","A","291"
"46363","A","328"
"46365","A","139"
"46367","A","99"
"46372","A","117"
"46373","A","87"
"46376","A","293"
"46380","A","490"
"46381","A","199"
"46386","A","477"
"46387","A","69"
"46388","A","378"
"46389","A","449"
"46394","A","351"
"46396","A","227"
"46401","A","288"
"46403","A","188"
"46411","A","110"
"46413","A","466"
"46416","A","104"
"46426","A","395"
"46434","A","35"
"46437","A","356"
"46438","A","309"
"46439","A","369"
"46441","A","454"
"46448","A","434"
"46450","A","117"
"46451","A","244"
"46457","A","150"
"46459","A","51"
"46464","A","321"
"46466","A","303"
"46470","A","183"
"46477","A","216"
"46482","A","481"
"46483","A","422"
"46485","A","64"
"46491","A","473"
"46494","A","97"
"46498","A","424"
"46499","A","432"
"46502","A","442"
"46503","A","456"
"46508","A","229"
"46511","A","17"
"46513","A","449"
"46515","A","131"
"46516","A","196"
"46521","A","498"
"46534","A","262"
"46536","A","119"
"46541","A","78"
"46548","A","242"
"46549","A","294"
"46554","A","282"
"46556","A","472"
"46559","A","28"
"46560","A","191"
"46562","A","257"
"46577","A","115"
"46584","A","321"
"46585","A","95"
"46609","A","336"
"46614","A","494"
"46618","A","305"
"46620","A","412"
"46626","A","272"
"46629","A","139"
"46633","A","334"
"46639","A","380"
"46641","A","87"
"46644","A","208"
"46648","A","347"
"46651","A","24"
"46659","A","45"
"46660","A","441"
"46664","A","176"
"46665","A","448"
"46669","A","242"
"46675","A","412"
"46678","A","105"
"46681","A","86"
"46687","A","46"
"46691","A","390"
"46695","A","404"
"46696","A","244"
"46703","A","267"
"46705","A","188"
"46706","A","238"
"46713","A","487"
"46717","A","84"
"46718","A","341"
"46720","A","192"
"46723","A","248"
"46724","A","278"
"46727","A","468"
"46729","A","177"
"46731","A","388"
"46732","A","407"
"46733","A","407"
"46742","A","470"
"46748","A","18"
"46750","A","453"
"46751","A","293"
"46752","A","67"
"46763","A","331"
"46772","A","33"
"46775","A","474"
"46777","A","477"
"46792","A","70"
"46795","A","61"
"46803","A","360"
"46805","A","346"
"46806","A","244"
"46807","A","291"
"46814","A","368"
"46817","A","146"
"46821","A","496"
"46822","A","36"
"46834","A","307"
"46835","A","458"
"46837","A","95"
"46842","A","438"
"46846","A","80"
"46852","A","491"
"46856","A","389"
"46857","A","215"
"46858","A","422"
"46872","A","429"
"46874","A","254"
"46877","A","267"
"46880","A","448"
"46883","A","107"
"46884","A","75"
"46885","A","381"
"46891","A","150"
"46894","A","65"
"46899","A","414"
"46901","A","452"
"46909","A","158"
"46917","A","179"
"46926","A","343"
"46929","A","10"
"46933","A","326"
"46934","A","155"
"46935","A","54"
"46947","A","177"
"46948","A","187"
"46949","A","458"
"46953","A","73"
"46955","A","119"
"46967","A","443"
"46968","A","329"
"46973","A","340"
"46977","A","168"
"46981","A","132"
"46985","A","416"
"46989","A","90"
"46994","A","24"
"46997","A","228"
"46999","A","351"
"47009","A","493"
"47014","A","57"
"47017","A","425"
"47018","A","125"
"47022","A","450"
"47023","A","160"
"47024","A","105"
"47026","A","135"
"47030","A","129"
"47031","A","380"
"47038","A","243"
"47039","A","282"
"47046","A","432"
"47048","A","369"
"47052","A","48"
"47058","A","332"
"47060","A","264"
"47064","A","110"
"47068","A","462"
"47076","A","194"
"47084","A","492"
"47090","A","226"
"47098","A","346"
"47107","A","22"
"47113","A","455"
"47114","A","317"
"47116","A","88"
"47122","A","430"
"47133","A","125"
"47139","A","96"
"47140","A","285"
"47144","A","26"
"47148","A","419"
"47155","A","22"
"47157","A","290"
"47158","A","379"
"47163","A","79"
"47164","A","73"
"47166","A","87"
"47170","A","479"
"47174","A","374"
"47176","A","168"
"47178","A","464"
"47180","A","378"
"47193","A","458"
"47194","A","135"
"47198","A","17"
"47201","A","245"
"47207","A","221"
"47209","A","171"
"47213","A","449"
"47216","A","356"
"47217","A","91"
"47231","A","167"
"47232","A","48"
"47234","A","33"
"47238","A","424"
"47240","A","452"
"47242","A","401"
"47249","A","199"
"47253","A","483"
"47256","A","366"
"47260","A","267"
"47261","A","283"
"47264","A","238"
"47267","A","203"
"47275","A","134"
"47277","A","35"
"47278","A","40"
"47280","A","265"
"47282","A","84"
"47283","A","401"
"47285","A","482"
"47289","A","220"
"47293","A","343"
"47298","A","167"
"47300","A","187"
"47309","A","462"
"47311","A","402"
"47312","A","363"
"47313","A","249"
"47314","A","494"
"47316","A","73"
"47317","A","49"
"47318","A","408"
"47325","A","197"
"47326","A","421"
"47330","A","160"
"47333","A","355"
"47340","A","351"
"47344","A","229"
"47348","A","427"
"47352","A","158"
"47363","A","20"
"47364","A","276"
"47365","A","37"
"47368","A","259"
"47370","A","349"
"47371","A","68"
"47373","A","61"
"47376","A","279"
"47379","A","201"
"47384","A","336"
"47386","A","354"
"47387","A","103"
"47395","A","51"
"47397","A","230"
"47399","A","397"
"47403","A","264"
"47406","A","10"
"47409","A","466"
"47410","A","237"
"47411","A","356"
"47412","A","134"
"47413","A","296"
"47415","A","484"
"47419","A","332"
"47421","A","305"
"47423","A","382"
"47438","A","145"
"47441","A","485"
"47445","A","311"
"47447","A","18"
"47448","A","52"
"47451","A","82"
"47454","A","205"
"47456","A","242"
"47467","A","494"
"47472","A","469"
"47473","A","368"
"47474","A","155"
"47475","A","235"
"47477","A","399"
"47478","A","293"
"47483","A","239"
"47491","A","468"
"47494","A","210"
"47497","A","403"
"47507","A","455"
"47510","A","347"
"47511","A","88"
"47527","A","160"
"47536","A","482"
"47544","A","294"
"47547","A","479"
"47548","A","447"
"47556","A","74"
"47561","A","422"
"47563","A","492"
"47569","A","40"
"47570","A","133"
"47571","A","411"
"47574","A","234"
"47576","A","199"
"47579","A","35"
"47585","A","407"
"47587","A","420"
"47589","A","320"
"47593","A","217"
"47594","A","468"
"47600","A","137"
"47602","A","161"
"47610","A","62"
"47612","A","292"
"47613","A","110"
"47614","A","477"
"47628","A","185"
"47632","A","75"
"47634","A","253"
"47635","A","326"
"47640","A","202"
"47642","A","196"
"47646","A","58"
"47647","A","395"
"47650","A","233"
"47658","A","360"
"47667","A","265"
"47670","A","266"
"47678","A","114"
"47693","A","127"
"47694","A","15"
"47696","A","103"
"47702","A","394"
"47707","A","173"
"47712","A","460"
"47717","A","180"
"47723","A","191"
"47725","A","223"
"47732","A","458"
"47735","A","498"
"47740","A","119"
"47745","A","203"
"47759","A","178"
"47760","A","276"
"47766","A","143"
"47769","A","23"
"47771","A","88"
"47776","A","312"
"47777","A","398"
"47782","A","411"
"47785","A","259"
"47789","A","377"
"47791","A","495"
"47796","A","228"
"47799","A","85"
"47804","A","439"
"47806","A","464"
"47817","A","123"
"47820","A","363"
"47829","A","239"
"47830","A","55"
"47833","A","413"
"47836","A","121"
"47840","A","284"
"47842","A","81"
"47843","A","321"
"47844","A","229"
"47850","A","316"
"47855","A","359"
"47857","A","60"
"47863","A","10"
"47864","A","372"
"47870","A","403"
"47873","A","173"
"47877","A","220"
"47880","A","154"
"47882","A","378"
"47888","A","71"
"47896","A","85"
"47897","A","169"
"47900","A","233"
"47908","A","197"
"47911","A","95"
"47915","A","352"
"47917","A","339"
"47918","A","458"
"47921","A","375"
"47924","A","215"
"47930","A","219"
"47931","A","172"
"47932","A","403"
"47939","A","101"
"47945","A","185"
"47947","A","300"
"47949","A","416"
"47959","A","467"
"47960","A","83"
"47964","A","278"
"47969","A","408"
"47974","A","369"
"47981","A","283"
"47982","A","77"
"47989","A","71"
"47991","A","439"
"47994","A","157"
"47997","A","330"
"48006","A","158"
"48007","A","297"
"48015","A","72"
"48016","A","208"
"48018","A","90"
"48028","A","97"
"48032","A","105"
"48036","A","121"
"48041","A","141"
"48046","A","217"
"48052","A","404"
"48054","A","158"
"48058","A","197"
"48060","A","139"
"48062","A","485"
"48064","A","402"
"48065","A","206"
"48073","A","281"
"48078","A","278"
"48083","A","257"
"48090","A","197"
"48091","A","270"
"48098","A","366"
"48102","A","245"
"48104","A","395"
"48106","A","126"
"48108","A","435"
"48111","A","148"
"48112","A","221"
"48114","A","267"
"48120","A","275"
"48121","A","351"
"48125","A","239"
"48126","A","123"
"48136","A","430"
"48139","A","299"
"48145","A","317"
"48147","A","96"
"48154","A","183"
"48160","A","263"
"48161","A","414"
"48166","A","301"
"48167","A","336"
"48168","A","408"
"48169","A","110"
"48172","A","25"
"48179","A","39"
"48186","A","445"
"48187","A","209"
"48190","A","389"
"48192","A","333"
"48193","A","376"
"48197","A","138"
"48203","A","302"
"48209","A","378"
"48222","A","441"
"48225","A","475"
"48230","A","33"
"48235","A","112"
"48239","A","188"
"48240","A","494"
"48243","A","338"
"48247","A","126"
"48251","A","300"
"48254","A","280"
"48257","A","325"
"48276","A","452"
"48280","A","213"
"48281","A","409"
"48287","A","56"
"48291","A","329"
"48292","A","75"
"48293","A","25"
"48302","A","275"
"48305","A","360"
"48306","A","50"
"48309","A","215"
"48310","A","399"
"48317","A","266"
"48320","A","12"
"48322","A","31"
"48323","A","23"
"48324","A","66"
"48326","A","85"
"48327","A","473"
"48328","A","182"
"48333","A","366"
"48334","A","47"
"48338","A","29"
"48342","A","100"
"48343","A","93"
"48344","A","115"
"48345","A","211"
"48362","A","80"
"48366","A","337"
"48370","A","424"
"48372","A","279"
"48377","A","430"
"48380","A","102"
"48382","A","206"
"48389","A","187"
"48392","A","53"
"48401","A","169"
"48422","A","51"
"48424","A","13"
"48425","A","331"
"48428","A","189"
"48440","A","477"
"48442","A","68"
"48453","A","261"
"48462","A","488"
"48470","A","71"
"48471","A","497"
"48480","A","110"
"48482","A","78"
"48497","A","185"
"48498","A","329"
"48512","A","338"
"48513","A","148"
"48519","A","240"
"48526","A","496"
"48529","A","85"
"48530","A","363"
"48535","A","211"
"48537","A","98"
"48540","A","202"
"48545","A","110"
"48547","A","321"
"48554","A","325"
"48559","A","327"
"48560","A","287"
"48570","A","484"
"48573","A","164"
"48574","A","362"
"48575","A","461"
"48578","A","99"
"48589","A","250"
"48591","A","485"
"48593","A","177"
"48598","A","259"
"48599","A","158"
"48604","A","91"
"48605","A","151"
"48612","A","409"
"48613","A","155"
"48614","A","11"
"48621","A","224"
"48629","A","25"
"48632","A","251"
"48638","A","376"
"48639","A","426"
"48643","A","178"
"48647","A","496"
"48649","A","247"
"48662","A","306"
"48663","A","97"
"48669","A","225"
"48672","A","272"
"48677","A","261"
"48678","A","339"
"48681","A","436"
"48682","A","34"
"48683","A","348"
"48689","A","78"
"48694","A","262"
"48705","A","23"
"48711","A","483"
"48713","A","126"
"48719","A","316"
"48720","A","335"
"48727","A","349"
"48732","A","494"
"48736","A","43"
"48738","A","175"
"48742","A","329"
"48743","A","222"
"48745","A","30"
"48746","A","296"
"48747","A","447"
"48749","A","483"
"48753","A","125"
"48754","A","386"
"48755","A","155"
"48762","A","378"
"48768","A","460"
"48770","A","202"
"48771","A","88"
"48776","A","176"
"48778","A","389"
"48781","A","296"
"48787","A","155"
"48790","A","83"
"48792","A","132"
"48793","A","149"
"48809","A","197"
"48818","A","434"
"48819","A","499"
"48825","A","126"
"48832","A","99"
"48833","A","263"
"48843","A","361"
"48851","A","364"
"48854","A","404"
"48857","A","315"
"48859","A","252"
"48863","A","212"
"48868","A","254"
"48874","A","497"
"48875","A","161"
"48877","A","356"
"48885","A","490"
"48888","A","22"
"48890","A","441"
"48894","A","423"
"48904","A","396"
"48905","A","409"
"48908","A","189"
"48909","A","465"
"48910","A","99"
"48920","A","31"
"48928","A","228"
"48934","A","50"
"48937","A","62"
"48938","A","474"
"48940","A","247"
"48941","A","169"
"48948","A","413"
"48949","A","173"
"48953","A","498"
"48954","A","117"
"48958","A","438"
"48965","A","275"
"48970","A","417"
"48972","A","344"
"48976","A","56"
"48982","A","94"
"48988","A","384"
"48992","A","220"
"48993","A","133"
"48995","A","336"
"48999","A","46"
"49001","A","335"
"49013","A","372"
"49029","A","10"
"49030","A","260"
"49044","A","201"
"49045","A","210"
"49047","A","292"
"49051","A","246"
"49052","A","393"
"49057","A","330"
"49075","A","407"
"49080","A","229"
"49082","A","490"
"49083","A","219"
"49085","A","94"
"49087","A","488"
"49092","A","182"
"49096","A","63"
"49111","A","63"
"49112","A","463"
"49114","A","416"
"49128","A","396"
"49133","A","217"
"49135","A","483"
"49140","A","28"
"49152","A","330"
"49155","A","77"
"49156","A","191"
"49157","A","461"
"49158","A","376"
"49159","A","416"
"49162","A","450"
"49167","A","108"
"49171","A","93"
"49174","A","169"
"49185","A","368"
"49195","A","448"
"49198","A","55"
"49200","A","492"
"49201","A","443"
"49202","A","470"
"49203","A","286"
"49206","A","258"
"49207","A","269"
"49210","A","374"
"49212","A","38"
"49219","A","19"
"49223","A","29"
"49226","A","109"
"49233","A","73"
"49239","A","51"
"49243","A","163"
"49244","A","192"
"49247","A","228"
"49256","A","121"
"49260","A","89"
"49261","A","272"
"49263","A","117"
"49267","A","95"
"49271","A","41"
"49272","A","418"
"49275","A","175"
"49279","A","248"
"49281","A","393"
"49282","A","463"
"49283","A","230"
"49290","A","378"
"49291","A","206"
"49297","A","155"
"49302","A","132"
"49303","A","290"
"49304","A","465"
"49306","A","482"
"49311","A","375"
"49312","A","262"
"49314","A","431"
"49326","A","59"
"49328","A","454"
"49329","A","104"
"49330","A","172"
"49331","A","333"
"49344","A","447"
"49345","A","489"
"49350","A","237"
"49352","A","360"
"49355","A","109"
"49366","A","248"
"49369","A","461"
"49371","A","407"
"49377","A","144"
"49381","A","310"
"49382","A","425"
"49385","A","89"
"49389","A","481"
"49391","A","139"
"49394","A","483"
"49395","A","275"
"49396","A","490"
"49408","A","436"
"49412","A","306"
"49419","A","414"
"49421","A","76"
"49425","A","236"
"49426","A","173"
"49428","A","95"
"49430","A","342"
"49434","A","399"
"49437","A","225"
"49443","A","76"
"49445","A","323"
"49448","A","32"
"49460","A","295"
"49468","A","53"
"49476","A","262"
"49480","A","281"
"49481","A","51"
"49484","A","73"
"49492","A","462"
"49493","A","129"
"49494","A","152"
"49495","A","294"
"49502","A","41"
"49509","A","89"
"49511","A","163"
"49512","A","436"
"49516","A","55"
"49519","A","146"
"49521","A","423"
"49525","A","230"
"49526","A","428"
"49530","A","37"
"49534","A","342"
"49536","A","179"
"49537","A","382"
"49539","A","352"
"49545","A","43"
"49557","A","119"
"49560","A","227"
"49562","A","332"
"49565","A","200"
"49567","A","211"
"49568","A","388"
"49574","A","59"
"49577","A","154"
"49582","A","367"
"49587","A","117"
"49590","A","480"
"49591","A","208"
"49596","A","121"
"49605","A","263"
"49609","A","246"
"49614","A","43"
"49616","A","435"
"49617","A","383"
"49618","A","326"
"49629","A","138"
"49630","A","228"
"49634","A","18"
"49642","A","179"
"49645","A","245"
"49649","A","246"
"49650","A","459"
"49655","A","292"
"49656","A","358"
"49658","A","82"
"49660","A","139"
"49664","A","267"
"49666","A","239"
"49674","A","191"
"49681","A","121"
"49683","A","162"
"49684","A","323"
"49686","A","343"
"49687","A","361"
"49688","A","439"
"49692","A","43"
"49694","A","127"
"49703","A","258"
"49711","A","412"
"49720","A","320"
"49722","A","306"
"49724","A","112"
"49737","A","403"
"49742","A","123"
"49746","A","301"
"49747","A","202"
"49754","A","106"
"49757","A","430"
"49761","A","184"
"49763","A","225"
"49766","A","483"
"49772","A","450"
"49773","A","469"
"49777","A","455"
"49783","A","378"
"49788","A","332"
"49795","A","448"
"49797","A","63"
"49802","A","56"
"49809","A","324"
"49812","A","284"
"49813","A","130"
"49814","A","112"
"49824","A","275"
"49825","A","227"
"49826","A","338"
"49830","A","84"
"49833","A","401"
"49848","A","388"
"49852","A","432"
"49855","A","477"
"49859","A","433"
"49862","A","71"
"49864","A","123"
"49865","A","384"
"49868","A","174"
"49880","A","455"
"49882","A","145"
"49883","A","320"
"49885","A","385"
"49893","A","145"
"49894","A","319"
"49902","A","319"
"49906","A","333"
"49908","A","471"
"49909","A","441"
"49916","A","123"
"49921","A","297"
"49924","A","86"
"49927","A","188"
"49928","A","308"
"49930","A","87"
"49932","A","477"
"49939","A","193"
"49941","A","217"
"49942","A","372"
"49945","A","341"
"49953","A","367"
"49955","A","335"
"49960","A","161"
"49961","A","403"
"49963","A","175"
"49969","A","319"
"49971","A","455"
"49972","A","359"
"49974","A","354"
"49975","A","138"
"49980","A","110"
"49983","A","62"
"49992","A","263"
"49994","A","331"
"50003","A","96"
"50010","A","384"
"50012","A","182"
"50015","A","287"
"50020","A","440"
"50024","A","18"
"50026","A","11"
"50028","A","366"
"50029","A","245"
"50033","A","20"
"50036","A","223"
"50043","A","332"
"50044","A","128"
"50047","A","154"
"50052","A","422"
"50054","A","296"
"50057","A","456"
"50070","A","328"
"50073","A","442"
"50081","A","317"
"50085","A","261"
"50101","A","172"
"50103","A","496"
"50105","A","435"
"50108","A","401"
"50109","A","475"
"50120","A","225"
"50121","A","349"
"50129","A","303"
"50131","A","25"
"50132","A","368"
"50136","A","13"
"50142","A","347"
"50145","A","369"
"50147","A","116"
"50152","A","45"
"50153","A","197"
"50166","A","414"
"50168","A","326"
"50172","A","431"
"50177","A","125"
"50180","A","466"
"50184","A","35"
"50189","A","455"
"50191","A","89"
"50194","A","242"
"50196","A","183"
"50198","A","242"
"50210","A","481"
"50211","A","484"
"50216","A","185"
"50221","A","396"
"50224","A","161"
"50226","A","316"
"50227","A","415"
"50229","A","261"
"50232","A","160"
"50241","A","324"
"50242","A","243"
"50243","A","231"
"50244","A","348"
"50245","A","450"
"50246","A","499"
"50248","A","191"
"50255","A","28"
"50266","A","173"
"50272","A","353"
"50273","A","407"
"50276","A","62"
"50290","A","149"
"50291","A","189"
"50298","A","180"
"50299","A","78"
"50301","A","164"
"50310","A","375"
"50311","A","493"
"50314","A","252"
"50317","A","336"
"50321","A","488"
"50323","A","418"
"50324","A","225"
"50325","A","453"
"50326","A","169"
"50327","A","288"
"50329","A","429"
"50334","A","35"
"50338","A","359"
"50340","A","162"
"50341","A","288"
"50345","A","38"
"50369","A","403"
"50375","A","280"
"50377","A","289"
"50378","A","122"
"50380","A","483"
"50383","A","249"
"50388","A","283"
"50395","A","401"
"50400","A","486"
"50401","A","37"
"50402","A","423"
"50404","A","163"
"50407","A","246"
"50408","A","154"
"50409","A","311"
"50411","A","491"
"50414","A","115"
"50418","A","409"
"50419","A","280"
"50432","A","172"
"50435","A","19"
"50440","A","320"
"50444","A","50"
"50452","A","288"
"50457","A","89"
"50462","A","105"
"50464","A","252"
"50466","A","241"
"50468","A","453"
"50478","A","340"
"50485","A","284"
"50487","A","371"
"50491","A","40"
"50493","A","247"
"50494","A","366"
"50497","A","118"
"50502","A","244"
"50505","A","140"
"50506","A","123"
"50509","A","479"
"50513","A","372"
"50520","A","362"
"50523","A","165"
"50524","A","91"
"50530","A","428"
"50531","A","399"
"50532","A","481"
"50536","A","311"
"50538","A","170"
"50539","A","419"
"50543","A","419"
"50545","A","465"
"50548","A","87"
"50557","A","404"
"50560","A","265"
"50565","A","59"
"50566","A","199"
"50568","A","298"
"50571","A","194"
"50574","A","268"
"50584","A","193"
"50586","A","167"
"50589","A","203"
"50592","A","329"
"50602","A","77"
"50606","A","51"
"50607","A","383"
"50612","A","488"
"50614","A","170"
"50616","A","276"
"50617","A","444"
"50620","A","77"
"50629","A","308"
"50634","A","473"
"50635","A","24"
"50641","A","476"
"50644","A","313"
"50648","A","318"
"50652","A","347"
"50654","A","497"
"50660","A","360"
"50666","A","236"
"50669","A","221"
"50672","A","107"
"50676","A","23"
"50683","A","154"
"50689","A","268"
"50698","A","402"
"50699","A","246"
"50704","A","222"
"50706","A","399"
"50711","A","210"
"50715","A","475"
"50721","A","357"
"50723","A","343"
"50727","A","90"
"50741","A","286"
"50749","A","305"
"50751","A","71"
"50758","A","202"
"50762","A","483"
"50763","A","103"
"50767","A","430"
"50771","A","440"
"50772","A","368"
"50788","A","418"
"50789","A","65"
"50795","A","62"
"50804","A","254"
"50812","A","437"
"50818","A","499"
"50825","A","261"
"50827","A","382"
"50829","A","181"
"50831","A","53"
"50832","A","400"
"50838","A","178"
"50845","A","52"
"50851","A","406"
"50852","A","469"
"50855","A","188"
"50865","A","222"
"50866","A","267"
"50867","A","30"
"50868","A","356"
"50870","A","415"
"50873","A","301"
"50878","A","253"
"50884","A","242"
"50890","A","146"
"50909","A","346"
"50917","A","54"
"50920","A","460"
"50921","A","204"
"50927","A","423"
"50928","A","490"
"50929","A","430"
"50935","A","349"
"50936","A","142"
"50938","A","180"
"50939","A","78"
"50941","A","444"
"50944","A","263"
"50947","A","442"
"50952","A","117"
"50956","A","479"
"50958","A","138"
"50961","A","102"
"50969","A","94"
"50973","A","351"
"50975","A","311"
"50978","A","400"
"50981","A","149"
"50983","A","240"
"50988","A","59"
"50990","A","124"
"50992","A","336"
"50993","A","326"
"51000","A","439"
"51003","A","56"
"51008","A","390"
"51009","A","367"
"51010","A","409"
"51017","A","469"
"51031","A","272"
"51032","A","430"
"51041","A","171"
"51044","A","113"
"51053","A","408"
"51054","A","237"
"51056","A","485"
"51059","A","490"
"51065","A","187"
"51071","A","148"
"51073","A","177"
"51074","A","180"
"51075","A","326"
"51079","A","161"
"51080","A","227"
"51088","A","238"
"51092","A","124"
"51093","A","269"
"51095","A","443"
"51099","A","97"
"51105","A","449"
"51108","A","76"
"51110","A","63"
"51119","A","199"
"51123","A","295"
"51132","A","122"
"51135","A","259"
"51136","A","107"
"51142","A","492"
"51147","A","146"
"51155","A","391"
"51156","A","176"
"51164","A","259"
"51170","A","187"
"51171","A","253"
"51172","A","327"
"51173","A","87"
"51182","A","34"
"51183","A","293"
"51190","A","115"
"51191","A","299"
"51194","A","292"
"51195","A","447"
"51197","A","117"
"51198","A","310"
"51204","A","178"
"51207","A","389"
"51215","A","200"
"51216","A","472"
"51217","A","326"
"51223","A","13"
"51227","A","222"
"51230","A","239"
"51234","A","125"
"51241","A","388"
"51247","A","283"
"51249","A","155"
"51255","A","476"
"51256","A","172"
"51264","A","339"
"51276","A","399"
"51279","A","129"
"51280","A","479"
"51284","A","225"
"51287","A","429"
"51293","A","133"
"51307","A","498"
"51313","A","212"
"51322","A","385"
"51329","A","426"
"51332","A","175"
"51334","A","248"
"51335","A","270"
"51341","A","310"
"51343","A","479"
"51354","A","162"
"51356","A","336"
"51358","A","73"
"51359","A","453"
"51363","A","339"
"51374","A","405"
"51381","A","91"
"51382","A","339"
"51385","A","70"
"51386","A","166"
"51399","A","50"
"51403","A","177"
"51406","A","418"
"51414","A","438"
"51418","A","114"
"51419","A","170"
"51427","A","25"
"51432","A","421"
"51440","A","146"
"51447","A","477"
"51450","A","285"
"51451","A","459"
"51452","A","462"
"51453","A","171"
"51455","A","96"
"51457","A","242"
"51458","A","217"
"51464","A","452"
"51466","A","301"
"51480","A","344"
"51481","A","403"
"51484","A","437"
"51491","A","128"
"51492","A","443"
"51493","A","143"
"51497","A","123"
"51515","A","131"
"51520","A","478"
"51528","A","386"
"51529","A","458"
"51537","A","197"
"51540","A","242"
"51542","A","370"
"51550","A","45"
"51551","A","195"
"51556","A","89"
"51558","A","372"
"51562","A","457"
"51563","A","29"
"51566","A","251"
"51567","A","113"
"51569","A","90"
"51571","A","65"
"51576","A","193"
"51581","A","231"
"51585","A","226"
"51587","A","119"
"51596","A","91"
"51597","A","244"
"51601","A","319"
"51603","A","345"
"51610","A","323"
"51615","A","171"
"51617","A","196"
"51622","A","437"
"51624","A","451"
"51630","A","99"
"51631","A","185"
"51633","A","43"
"51640","A","424"
"51644","A","374"
"51645","A","303"
"51657","A","239"
"51658","A","494"
"51664","A","309"
"51668","A","344"
"51673","A","323"
"51682","A","53"
"51683","A","358"
"51694","A","62"
"51695","A","186"
"51696","A","172"
"51697","A","342"
"51700","A","244"
"51702","A","275"
"51704","A","456"
"51708","A","466"
"51709","A","326"
"51721","A","133"
"51722","A","375"
"51723","A","222"
"51724","A","265"
"51731","A","408"
"51733","A","80"
"51742","A","335"
"51746","A","470"
"51747","A","291"
"51757","A","114"
"51769","A","121"
"51775","A","101"
"51779","A","59"
"51781","A","357"
"51790","A","223"
"51791","A","273"
"51795","A","370"
"51796","A","165"
"51799","A","158"
"51800","A","290"
"51804","A","114"
"51808","A","330"
"51811","A","218"
"51813","A","372"
"51821","A","115"
"51826","A","61"
"51829","A","380"
"51833","A","494"
"51835","A","284"
"51843","A","142"
"51851","A","477"
"51856","A","46"
"51857","A","119"
"51858","A","497"
"51866","A","321"
"51867","A","483"
"51868","A","272"
"51869","A","387"
"51873","A","97"
"51887","A","322"
"51891","A","253"
"51898","A","255"
"51903","A","362"
"51906","A","284"
"51909","A","169"
"51914","A","129"
"51922","A","229"
"51925","A","386"
"51927","A","327"
"51935","A","135"
"51945","A","295"
"51947","A","45"
"51949","A","109"
"51950","A","32"
"51952","A","66"
"51955","A","137"
"51967","A","411"
"51970","A","287"
"51972","A","471"
"51974","A","148"
"51975","A","429"
"51976","A","402"
"51978","A","41"
"51993","A","488"
"51998","A","64"
"52004","A","236"
"52007","A","214"
"52009","A","195"
"52024","A","103"
"52029","A","197"
"52030","A","72"
"52036","A","274"
"52037","A","489"
"52038","A","493"
"52048","A","252"
"52050","A","215"
"52059","A","33"
"52061","A","24"
"52064","A","148"
"52066","A","410"
"52068","A","226"
"52069","A","319"
"52074","A","214"
"52085","A","236"
"52087","A","61"
"52098","A","94"
"52101","A","300"
"52103","A","470"
"52105","A","270"
"52106","A","490"
"52108","A","252"
"52111","A","495"
"52114","A","217"
"52115","A","382"
"52116","A","361"
"52122","A","214"
"52128","A","139"
"52139","A","138"
"52143","A","459"
"52145","A","450"
"52146","A","365"
"52148","A","302"
"52152","A","44"
"52153","A","370"
"52160","A","152"
"52162","A","51"
"52164","A","109"
"52176","A","423"
"52186","A","74"
"52188","A","356"
"52189","A","427"
"52192","A","285"
"52194","A","69"
"52195","A","110"
"52214","A","484"
"52217","A","64"
"52221","A","190"
"52225","A","237"
"52232","A","413"
"52237","A","170"
"52239","A","169"
"52246","A","15"
"52248","A","90"
"52250","A","492"
"52252","A","260"
"52255","A","33"
"52256","A","432"
"52261","A","83"
"52265","A","114"
"52267","A","494"
"52268","A","348"
"52269","A","318"
"52276","A","152"
"52278","A","269"
"52284","A","329"
"52290","A","81"
"52294","A","103"
"52295","A","213"
"52300","A","325"
"52305","A","202"
"52312","A","314"
"52316","A","331"
"52326","A","416"
"52332","A","100"
"52333","A","325"
"52335","A","54"
"52336","A","270"
"52338","A","158"
"52339","A","236"
"52358","A","241"
"52363","A","163"
"52367","A","245"
"52370","A","380"
"52372","A","11"
"52374","A","418"
"52376","A","204"
"52382","A","162"
"52384","A","17"
"52386","A","456"
"52390","A","302"
"52393","A","329"
"52394","A","465"
"52398","A","361"
"52406","A","213"
"52413","A","214"
"52418","A","206"
"52424","A","54"
"52449","A","306"
"52453","A","412"
"52456","A","206"
"52458","A","178"
"52462","A","410"
"52468","A","164"
"52477","A","443"
"52493","A","182"
"52494","A","16"
"52500","A","200"
"52501","A","19"
"52507","A","485"
"52509","A","409"
"52513","A","320"
"52521","A","205"
"52531","A","96"
"52535","A","392"
"52545","A","419"
"52548","A","495"
"52549","A","228"
"52552","A","128"
"52555","A","71"
"52556","A","379"
"52564","A","213"
"52568","A","35"
"52573","A","57"
"52575","A","36"
"52578","A","372"
"52580","A","165"
"52581","A","100"
"52584","A","178"
"52585","A","241"
"52587","A","453"
"52588","A","14"
"52592","A","308"
"52593","A","33"
"52594","A","232"
"52600","A","25"
"52604","A","223"
"52607","A","209"
"52614","A","329"
"52618","A","375"
"52625","A","88"
"52627","A","177"
"52629","A","73"
"52632","A","116"
"52642","A","211"
"52644","A","230"
"52646","A","156"
"52650","A","229"
"52652","A","371"
"52653","A","200"
"52654","A","431"
"52658","A","448"
"52659","A","109"
"52660","A","199"
"52661","A","28"
"52662","A","103"
"52663","A","145"
"52664","A","168"
"52668","A","274"
"52669","A","239"
"52672","A","163"
"52673","A","107"
"52678","A","190"
"52681","A","133"
"52686","A","51"
"52688","A","253"
"52689","A","10"
"52691","A","300"
"52693","A","151"
"52701","A","60"
"52711","A","34"
"52713","A","47"
"52714","A","40"
"52724","A","418"
"52726","A","215"
"52728","A","344"
"52729","A","301"
"52736","A","281"
"52752","A","387"
"52755","A","392"
"52758","A","180"
"52760","A","218"
"52764","A","34"
"52767","A","253"
"52770","A","216"
"52777","A","395"
"52778","A","364"
"52785","A","71"
"52786","A","467"
"52788","A","317"
"52795","A","222"
"52805","A","22"
"52810","A","459"
"52813","A","161"
"52815","A","235"
"52818","A","403"
"52819","A","65"
"52821","A","284"
"52826","A","56"
"52827","A","237"
"52828","A","113"
"52834","A","194"
"52844","A","145"
"52848","A","146"
"52852","A","66"
"52854","A","226"
"52856","A","411"
"52860","A","54"
"52864","A","24"
"52867","A","389"
"52872","A","452"
"52875","A","347"
"52879","A","114"
"52880","A","323"
"52882","A","442"
"52887","A","68"
"52889","A","317"
"52895","A","65"
"52897","A","285"
"52898","A","53"
"52899","A","22"
"52900","A","462"
"52901","A","367"
"52911","A","270"
"52912","A","345"
"52914","A","245"
"52915","A","399"
"52918","A","25"
"52919","A","254"
"52923","A","202"
"52927","A","494"
"52929","A","380"
"52938","A","162"
"52948","A","478"
"52950","A","288"
"52963","A","47"
"52965","A","232"
"52967","A","43"
"52969","A","292"
"52973","A","64"
"52978","A","242"
"52983","A","193"
"52989","A","365"
"52993","A","86"
"53001","A","386"
"53005","A","422"
"53006","A","304"
"53008","A","179"
"53009","A","468"
"53010","A","85"
"53013","A","61"
"53014","A","493"
"53024","A","229"
"53036","A","95"
"53037","A","383"
"53040","A","306"
"53042","A","470"
"53049","A","109"
"53051","A","303"
"53053","A","65"
"53056","A","270"
"53071","A","492"
"53076","A","46"
"53077","A","232"
"53078","A","353"
"53079","A","63"
"53086","A","181"
"53091","A","363"
"53092","A","113"
"53093","A","78"
"53095","A","347"
"53096","A","105"
"53106","A","96"
"53107","A","384"
"53113","A","248"
"53116","A","217"
"53117","A","436"
"53118","A","350"
"53121","A","310"
"53123","A","54"
"53124","A","163"
"53125","A","237"
"53133","A","412"
"53135","A","480"
"53137","A","399"
"53153","A","220"
"53154","A","228"
"53158","A","499"
"53162","A","209"
"53166","A","253"
"53180","A","324"
"53185","A","32"
"53199","A","90"
"53203","A","211"
"53209","A","216"
"53213","A","194"
"53224","A","90"
"53230","A","316"
"53235","A","47"
"53236","A","401"
"53247","A","37"
"53255","A","47"
"53259","A","202"
"53266","A","70"
"53267","A","322"
"53276","A","55"
"53278","A","490"
"53279","A","127"
"53280","A","103"
"53284","A","426"
"53290","A","446"
"53294","A","288"
"53295","A","430"
"53301","A","443"
"53305","A","378"
"53310","A","201"
"53318","A","182"
"53319","A","461"
"53326","A","498"
"53328","A","296"
"53334","A","182"
"53335","A","172"
"53339","A","199"
"53341","A","493"
"53348","A","230"
"53352","A","149"
"53353","A","175"
"53357","A","227"
"53358","A","481"
"53359","A","247"
"53365","A","455"
"53373","A","127"
"53374","A","294"
"53377","A","273"
"53383","A","278"
"53384","A","405"
"53386","A","412"
"53388","A","280"
"53405","A","32"
"53406","A","336"
"53410","A","209"
"53417","A","158"
"53429","A","339"
"53436","A","53"
"53437","A","210"
"53441","A","468"
"53442","A","261"
"53444","A","307"
"53453","A","442"
"53457","A","459"
"53464","A","499"
"53465","A","210"
"53472","A","467"
"53473","A","251"
"53489","A","484"
"53490","A","42"
"53491","A","76"
"53492","A","195"
"53494","A","73"
"53495","A","13"
"53496","A","430"
"53497","A","78"
"53499","A","296"
"53507","A","407"
"53509","A","438"
"53515","A","99"
"53519","A","424"
"53524","A","32"
"53527","A","447"
"53531","A","173"
"53533","A","22"
"53540","A","26"
"53543","A","432"
"53545","A","237"
"53546","A","116"
"53548","A","130"
"53549","A","295"
"53554","A","64"
"53556","A","267"
"53558","A","388"
"53562","A","307"
"53564","A","183"
"53569","A","156"
"53571","A","66"
"53572","A","73"
"53576","A","173"
"53580","A","84"
"53589","A","465"
"53592","A","325"
"53594","A","303"
"53596","A","102"
"53599","A","182"
"53609","A","112"
"53610","A","216"
"53613","A","298"
"53615","A","468"
"53617","A","351"
"53626","A","131"
"53628","A","145"
"53640","A","96"
"53642","A","497"
"53647","A","372"
"53656","A","30"
"53658","A","354"
"53659","A","101"
"53662","A","193"
"53663","A","109"
"53668","A","441"
"53670","A","409"
"53674","A","118"
"53686","A","401"
"53691","A","275"
"53692","A","93"
"53698","A","233"
"53700","A","430"
"53702","A","117"
"53713","A","342"
"53716","A","292"
"53717","A","124"
"53718","A","269"
"53725","A","51"
"53731","A","306"
"53732","A","161"
"53733","A","46"
"53743","A","132"
"53744","A","18"
"53745","A","242"
"53746","A","353"
"53750","A","146"
"53754","A","440"
"53757","A","200"
"53758","A","259"
"53762","A","448"
"53763","A","118"
"53764","A","268"
"53773","A","133"
"53780","A","105"
"53781","A","362"
"53790","A","356"
"53792","A","265"
"53793","A","161"
"53794","A","344"
"53800","A","402"
"53801","A","173"
"53808","A","484"
"53823","A","480"
"53824","A","319"
"53826","A","405"
"53828","A","484"
"53829","A","98"
"53832","A","125"
"53833","A","304"
"53835","A","243"
"53837","A","226"
"53844","A","12"
"53850","A","268"
"53851","A","321"
"53854","A","428"
"53857","A","455"
"53858","A","223"
"53868","A","259"
"53869","A","215"
"53876","A","479"
"53879","A","154"
"53880","A","267"
"53881","A","466"
"53892","A","430"
"53893","A","185"
"53899","A","326"
"53900","A","380"
"53901","A","192"
"53910","A","260"
"53913","A","27"
"53918","A","327"
"53919","A","40"
"53920","A","286"
"53921","A","313"
"53932","A","382"
"53938","A","10"
"53939","A","449"
"53940","A","299"
"53944","A","18"
"53951","A","165"
"53954","A","30"
"53955","A","448"
"53956","A","303"
"53963","A","263"
"53965","A","62"
"53969","A","424"
"53971","A","169"
"53974","A","12"
"53984","A","247"
"53985","A","52"
"53990","A","437"
"53993","A","276"
"53994","A","148"
"54003","A","60"
"54007","A","320"
"54010","A","207"
"54012","A","372"
"54019","A","426"
"54020","A","477"
"54021","A","82"
"54023","A","363"
"54025","A","152"
"54028","A","33"
"54031","A","350"
"54034","A","328"
"54040","A","276"
"54041","A","22"
"54044","A","33"
"54051","A","430"
"54052","A","256"
"54062","A","441"
"54063","A","316"
"54069","A","355"
"54071","A","481"
"54075","A","429"
"54078","A","246"
"54081","A","271"
"54082","A","489"
"54084","A","337"
"54089","A","11"
"54092","A","439"
"54093","A","426"
"54099","A","28"
"54105","A","112"
"54108","A","359"
"54109","A","272"
"54110","A","226"
"54112","A","339"
"54113","A","151"
"54115","A","210"
"54118","A","495"
"54120","A","319"
"54122","A","325"
"54131","A","211"
"54144","A","442"
"54145","A","381"
"54147","A","429"
"54149","A","156"
"54150","A","45"
"54159","A","337"
"54167","A","243"
"54170","A","480"
"54171","A","454"
"54174","A","210"
"54176","A","115"
"54182","A","495"
"54188","A","340"
"54199","A","233"
"54200","A","196"
"54202","A","141"
"54203","A","457"
"54206","A","72"
"54212","A","428"
"54225","A","348"
"54229","A","277"
"54236","A","67"
"54240","A","225"
"54243","A","368"
"54244","A","147"
"54245","A","269"
"54260","A","410"
"54261","A","47"
"54265","A","322"
"54266","A","162"
"54267","A","251"
"54268","A","319"
"54269","A","177"
"54272","A","134"
"54274","A","397"
"54275","A","161"
"54276","A","277"
"54283","A","400"
"54284","A","441"
"54289","A","325"
"54290","A","75"
"54294","A","65"
"54296","A","152"
"54304","A","448"
"54306","A","223"
"54309","A","60"
"54310","A","422"
"54315","A","200"
"54321","A","432"
"54325","A","477"
"54333","A","288"
"54344","A","245"
"54348","A","431"
"54351","A","308"
"54352","A","208"
"54353","A","210"
"54354","A","455"
"54358","A","174"
"54360","A","295"
"54362","A","120"
"54363","A","378"
"54367","A","449"
"54368","A","76"
"54372","A","282"
"54376","A","282"
"54378","A","380"
"54398","A","212"
"54400","A","498"
"54410","A","431"
"54412","A","207"
"54413","A","109"
"54414","A","228"
"54415","A","212"
"54417","A","47"
"54420","A","283"
"54422","A","74"
"54423","A","486"
"54428","A","420"
"54429","A","411"
"54435","A","47"
"54436","A","318"
"54441","A","10"
"54445","A","147"
"54460","A","19"
"54461","A","155"
"54464","A","178"
"54475","A","396"
"54480","A","161"
"54485","A","295"
"54494","A","496"
"54495","A","296"
"54496","A","199"
"54500","A","404"
"54502","A","61"
"54505","A","370"
"54509","A","134"
"54512","A","217"
"54517","A","385"
"54522","A","473"
"54526","A","216"
"54532","A","159"
"54535","A","76"
"54543","A","99"
"54544","A","301"
"54548","A","122"
"54558","A","147"
"54563","A","196"
"54564","A","497"
"54566","A","376"
"54569","A","30"
"54576","A","206"
"54578","A","192"
"54585","A","128"
"54595","A","96"
"54596","A","111"
"54600","A","462"
"54603","A","252"
"54607","A","408"
"54609","A","113"
"54616","A","215"
"54621","A","412"
"54623","A","473"
"54627","A","425"
"54629","A","11"
"54630","A","102"
"54631","A","496"
"54632","A","130"
"54644","A","451"
"54653","A","56"
"54656","A","486"
"54659","A","396"
"54660","A","159"
"54667","A","292"
"54669","A","325"
"54671","A","87"
"54674","A","440"
"54675","A","497"
"54677","A","444"
"54682","A","379"
"54685","A","48"
"54686","A","158"
"54690","A","433"
"54693","A","224"
"54704","A","318"
"54712","A","383"
"54713","A","301"
"54717","A","25"
"54718","A","343"
"54720","A","157"
"54722","A","255"
"54728","A","384"
"54733","A","302"
"54736","A","24"
"54737","A","412"
"54738","A","493"
"54753","A","142"
"54754","A","166"
"54759","A","107"
"54761","A","104"
"54764","A","184"
"54769","A","134"
"54771","A","350"
"54773","A","22"
"54774","A","261"
"54777","A","411"
"54782","A","424"
"54784","A","320"
"54787","A","422"
"54788","A","21"
"54794","A","469"
"54796","A","421"
"54799","A","307"
"54801","A","235"
"54802","A","94"
"54811","A","434"
"54812","A","252"
"54813","A","285"
"54823","A","13"
"54827","A","170"
"54829","A","473"
"54834","A","40"
"54840","A","75"
"54841","A","272"
"54845","A","310"
"54849","A","278"
"54855","A","206"
"54856","A","37"
"54866","A","294"
"54870","A","405"
"54872","A","454"
"54874","A","329"
"54875","A","257"
"54877","A","224"
"54882","A","123"
"54886","A","43"
"54889","A","244"
"54895","A","434"
"54896","A","204"
"54897","A","368"
"54900","A","388"
"54905","A","123"
"54906","A","235"
"54908","A","83"
"54909","A","165"
"54911","A","203"
"54913","A","241"
"54916","A","273"
"54928","A","387"
"54931","A","201"
"54932","A","133"
"54937","A","55"
"54939","A","436"
"54945","A","318"
"54951","A","43"
"54954","A","264"
"54955","A","353"
"54957","A","388"
"54960","A","122"
"54962","A","35"
"54971","A","18"
"54972","A","346"
"54976","A","387"
"54979","A","271"
"54982","A","11"
"54986","A","465"
"54994","A","191"
"55008","A","96"
"55009","A","277"
"55011","A","434"
"55012","A","334"
"55014","A","70"
"55016","A","13"
"55017","A","219"
"55020","A","301"
"55026","A","409"
"55029","A","449"
"55031","A","345"
"55038","A","370"
"55040","A","146"
"55044","A","12"
"55045","A","68"
"55047","A","438"
"55051","A","175"
"55059","A","476"
"55061","A","382"
"55063","A","323"
"55064","A","195"
"55074","A","229"
"55075","A","120"
"55078","A","68"
"55083","A","366"
"55086","A","446"
"55090","A","357"
"55092","A","280"
"55098","A","268"
"55100","A","257"
"55101","A","331"
"55103","A","461"
"55104","A","393"
"55105","A","247"
"55108","A","423"
"55112","A","37"
"55119","A","41"
"55128","A","372"
"55130","A","121"
"55133","A","197"
"55135","A","362"
"55141","A","417"
"55142","A","121"
"55144","A","226"
"55146","A","85"
"55151","A","253"
"55153","A","246"
"55154","A","92"
"55156","A","399"
"55160","A","203"
"55165","A","115"
"55168","A","247"
"55170","A","427"
"55173","A","266"
"55180","A","489"
"55183","A","364"
"55187","A","157"
"55193","A","142"
"55206","A","411"
"55221","A","424"
"55226","A","459"
"55227","A","269"
"55230","A","373"
"55235","A","26"
"55242","A","424"
"55244","A","228"
"55249","A","337"
"55250","A","450"
"55251","A","476"
"55255","A","428"
"55259","A","430"
"55260","A","213"
"55285","A","16"
"55286","A","369"
"55288","A","360"
"55289","A","430"
"55290","A","406"
"55297","A","171"
"55300","A","271"
"55301","A","449"
"55306","A","177"
"55313","A","193"
"55314","A","309"
"55320","A","186"
"55329","A","393"
"55330","A","21"
"55332","A","451"
"55334","A","283"
"55336","A","376"
"55337","A","257"
"55344","A","300"
"55351","A","162"
"55359","A","371"
"55361","A","318"
"55362","A","31"
"55367","A","161"
"55368","A","138"
"55369","A","369"
"55371","A","145"
"55374","A","466"
"55380","A","114"
"55382","A","157"
"55384","A","121"
"55386","A","127"
"55392","A","418"
"55395","A","308"
"55398","A","23"
"55404","A","488"
"55406","A","163"
"55408","A","203"
"55409","A","79"
"55410","A","73"
"55423","A","300"
"55438","A","92"
"55446","A","170"
"55450","A","190"
"55452","A","179"
"55461","A","323"
"55468","A","494"
"55470","A","113"
"55471","A","194"
"55472","A","466"
"55477","A","483"
"55480","A","179"
"55487","A","62"
"55492","A","242"
"55507","A","232"
"55513","A","181"
"55517","A","153"
"55519","A","484"
"55522","A","160"
"55525","A","81"
"55526","A","90"
"55528","A","483"
"55530","A","241"
"55540","A","95"
"55543","A","476"
"55545","A","371"
"55546","A","136"
"55547","A","137"
"55548","A","292"
"55549","A","430"
"55551","A","166"
"55552","A","196"
"55555","A","97"
"55559","A","177"
"55568","A","212"
"55569","A","226"
"55570","A","125"
"55572","A","454"
"55578","A","342"
"55584","A","107"
"55587","A","231"
"55591","A","296"
"55592","A","404"
"55603","A","459"
"55615","A","12"
"55617","A","412"
"55618","A","477"
"55622","A","452"
"55624","A","335"
"55626","A","43"
"55627","A","411"
"55628","A","159"
"55630","A","488"
"55632","A","203"
"55634","A","289"
"55636","A","80"
"55641","A","222"
"55643","A","41"
"55652","A","481"
"55655","A","47"
"55657","A","173"
"55658","A","447"
"55665","A","38"
"55677","A","439"
"55681","A","314"
"55689","A","410"
"55704","A","219"
"55705","A","24"
"55706","A","388"
"55707","A","407"
"55708","A","46"
"55709","A","282"
"55716","A","29"
"55717","A","357"
"55723","A","337"
"55726","A","320"
"55729","A","403"
"55731","A","341"
"55732","A","315"
"55733","A","380"
"55736","A","308"
"55737","A","419"
"55746","A","231"
"55750","A","351"
"55751","A","391"
"55757","A","409"
"55760","A","225"
"55765","A","307"
"55766","A","260"
"55771","A","288"
"55772","A","215"
"55774","A","83"
"55775","A","488"
"55776","A","325"
"55779","A","292"
"55784","A","48"
"55788","A","163"
"55808","A","415"
"55818","A","368"
"55819","A","253"
"55827","A","282"
"55835","A","83"
"55840","A","473"
"55843","A","410"
"55853","A","170"
"55854","A","405"
"55866","A","385"
"55868","A","285"
"55870","A","481"
"55873","A","327"
"55874","A","430"
"55877","A","339"
"55878","A","308"
"55879","A","295"
"55887","A","138"
"55891","A","382"
"55892","A","149"
"55894","A","405"
"55895","A","467"
"55897","A","239"
"55900","A","470"
"55912","A","88"
"55913","A","323"
"55924","A","363"
"55927","A","311"
"55930","A","347"
"55931","A","46"
"55933","A","89"
"55938","A","300"
"55955","A","463"
"55959","A","423"
"55965","A","268"
"55969","A","380"
"55973","A","40"
"55974","A","170"
"55983","A","342"
"55989","A","426"
"55991","A","12"
"56004","A","304"
"56010","A","51"
"56011","A","138"
"56014","A","417"
"56022","A","497"
"56026","A","145"
"56029","A","180"
"56032","A","254"
"56033","A","129"
"56035","A","460"
"56041","A","312"
"56046","A","375"
"56053","A","47"
"56066","A","252"
"56069","A","334"
"56071","A","103"
"56072","A","237"
"56077","A","297"
"56080","A","193"
"56084","A","82"
"56089","A","440"
"56095","A","249"
"56098","A","59"
"56103","A","315"
"56109","A","426"
"56117","A","217"
"56125","A","372"
"56135","A","378"
"56146","A","86"
"56148","A","189"
"56153","A","25"
"56163","A","447"
"56172","A","12"
"56174","A","188"
"56183","A","271"
"56185","A","59"
"56187","A","362"
"56194","A","79"
"56196","A","405"
"56202","A","104"
"56208","A","47"
"56209","A","50"
"56213","A","337"
"56221","A","489"
"56223","A","186"
"56228","A","28"
"56229","A","166"
"56232","A","492"
"56233","A","224"
"56237","A","150"
"56247","A","86"
"56248","A","491"
"56255","A","229"
"56257","A","455"
"56263","A","337"
"56265","A","415"
"56267","A","438"
"56268","A","139"
"56270","A","466"
"56272","A","196"
"56278","A","89"
"56282","A","265"
"56291","A","448"
"56298","A","331"
"56299","A","14"
"56300","A","303"
"56303","A","141"
"56304","A","176"
"56305","A","273"
"56306","A","102"
"56319","A","68"
"56328","A","165"
"56330","A","315"
"56334","A","124"
"56335","A","250"
"56336","A","215"
"56337","A","283"
"56340","A","177"
"56344","A","136"
"56347","A","388"
"56348","A","448"
"56351","A","320"
"56354","A","82"
"56360","A","351"
"56367","A","340"
"56371","A","218"
"56372","A","482"
"56373","A","481"
"56380","A","137"
"56381","A","245"
"56384","A","409"
"56391","A","274"
"56396","A","59"
"56400","A","25"
"56402","A","312"
"56407","A","339"
"56408","A","425"
"56409","A","181"
"56411","A","200"
"56416","A","141"
"56418","A","394"
"56419","A","379"
"56429","A","96"
"56430","A","165"
"56432","A","286"
"56435","A","439"
"56440","A","142"
"56442","A","448"
"56448","A","178"
"56449","A","179"
"56463","A","153"
"56478","A","467"
"56485","A","106"
"56490","A","63"
"56494","A","129"
"56499","A","414"
"56503","A","79"
"56504","A","285"
"56510","A","53"
"56511","A","255"
"56521","A","333"
"56522","A","495"
"56527","A","115"
"56532","A","444"
"56533","A","490"
"56534","A","462"
"56536","A","82"
"56538","A","203"
"56540","A","343"
"56549","A","121"
"56553","A","282"
"56558","A","396"
"56559","A","21"
"56561","A","61"
"56569","A","317"
"56575","A","466"
"56579","A","355"
"56580","A","210"
"56587","A","80"
"56593","A","192"
"56596","A","213"
"56597","A","410"
"56599","A","394"
"56600","A","384"
"56602","A","51"
"56603","A","95"
"56607","A","473"
"56608","A","83"
"56612","A","129"
"56621","A","333"
"56625","A","269"
"56635","A","254"
"56641","A","347"
"56642","A","356"
"56648","A","162"
"56651","A","272"
"56658","A","90"
"56660","A","26"
"56663","A","366"
"56667","A","302"
"56670","A","323"
"56678","A","148"
"56679","A","183"
"56680","A","69"
"56683","A","218"
"56688","A","393"
"56692","A","156"
"56695","A","164"
"56696","A","468"
"56697","A","171"
"56699","A","25"
"56709","A","46"
"56711","A","411"
"56715","A","186"
"56726","A","24"
"56736","A","124"
"56738","A","10"
"56742","A","366"
"56746","A","172"
"56749","A","441"
"56754","A","302"
"56756","A","50"
"56762","A","315"
"56766","A","343"
"56771","A","65"
"56773","A","466"
"56777","A","102"
"56790","A","211"
"56794","A","489"
"56804","A","112"
"56814","A","29"
"56815","A","451"
"56827","A","30"
"56831","A","354"
"56833","A","237"
"56834","A","66"
"56835","A","94"
"56842","A","173"
"56846","A","478"
"56848","A","81"
"56852","A","100"
"56854","A","96"
"56860","A","209"
"56861","A","199"
"56877","A","421"
"56879","A","387"
"56881","A","437"
"56883","A","307"
"56887","A","278"
"56895","A","210"
"56899","A","368"
"56903","A","272"
"56910","A","423"
"56914","A","286"
"56918","A","317"
"56920","A","224"
"56927","A","323"
"56929","A","458"
"56931","A","453"
"56941","A","89"
"56943","A","224"
"56944","A","206"
"56947","A","379"
"56950","A","266"
"56954","A","465"
"56955","A","362"
"56958","A","105"
"56961","A","273"
"56963","A","433"
"56966","A","441"
"56974","A","205"
"56977","A","412"
"56978","A","291"
"56984","A","44"
"56987","A","85"
"56991","A","106"
"56997","A","329"
"57003","A","438"
"57007","A","137"
"57009","A","20"
"57014","A","356"
"57023","A","255"
"57024","A","87"
"57029","A","152"
"57036","A","136"
"57044","A","320"
"57045","A","52"
"57052","A","69"
"57055","A","165"
"57056","A","271"
"57064","A","266"
"57066","A","14"
"57075","A","79"
"57097","A","390"
"57099","A","309"
"57100","A","180"
"57102","A","403"
"57104","A","388"
"57110","A","330"
"57115","A","150"
"57119","A","428"
"57122","A","471"
"57126","A","459"
"57128","A","182"
"57130","A","491"
"57133","A","486"
"57134","A","212"
"57141","A","331"
"57142","A","262"
"57145","A","49"
"57148","A","153"
"57165","A","326"
"57166","A","243"
"57167","A","338"
"57173","A","41"
"57180","A","228"
"57181","A","448"
"57182","A","65"
"57184","A","271"
"57188","A","37"
"57193","A","96"
"57194","A","332"
"57195","A","392"
"57197","A","289"
"57205","A","78"
"57209","A","240"
"57210","A","446"
"57211","A","421"
"57217","A","161"
"57254","A","385"
"57257","A","371"
"57262","A","239"
"57264","A","282"
"57265","A","453"
"57266","A","105"
"57267","A","411"
"57268","A","378"
"57269","A","197"
"57271","A","238"
"57272","A","339"
"57274","A","347"
"57275","A","70"
"57280","A","192"
"57281","A","157"
"57282","A","69"
"57285","A","58"
"57296","A","69"
"57299","A","300"
"57302","A","226"
"57303","A","347"
"57312","A","275"
"57313","A","40"
"57320","A","218"
"57325","A","66"
"57328","A","443"
"57332","A","64"
"57335","A","198"
"57336","A","246"
"57341","A","60"
"57343","A","180"
"57348","A","473"
"57352","A","201"
"57366","A","249"
"57369","A","18"
"57370","A","61"
"57371","A","287"
"57378","A","277"
"57379","A","432"
"57405","A","42"
"57406","A","183"
"57414","A","49"
"57421","A","182"
"57423","A","114"
"57424","A","156"
"57428","A","350"
"57432","A","112"
"57433","A","405"
"57436","A","301"
"57437","A","330"
"57443","A","405"
"57444","A","425"
"57450","A","306"
"57452","A","473"
"57453","A","400"
"57454","A","376"
"57475","A","350"
"57481","A","193"
"57482","A","48"
"57483","A","488"
"57495","A","371"
"57504","A","429"
"57506","A","373"
"57507","A","123"
"57511","A","116"
"57513","A","179"
"57514","A","212"
"57515","A","167"
"57518","A","360"
"57519","A","388"
"57521","A","99"
"57523","A","404"
"57538","A","475"
"57546","A","94"
"57548","A","177"
"57551","A","336"
"57556","A","302"
"57557","A","248"
"57561","A","199"
"57564","A","107"
"57565","A","382"
"57570","A","225"
"57575","A","445"
"57579","A","72"
"57581","A","448"
"57582","A","154"
"57589","A","70"
"57591","A","487"
"57594","A","22"
"57595","A","188"
"57601","A","345"
"57602","A","254"
"57603","A","457"
"57605","A","356"
"57606","A","358"
"57609","A","50"
"57611","A","272"
"57613","A","393"
"57618","A","33"
"57620","A","22"
"57625","A","425"
"57626","A","30"
"57627","A","306"
"57631","A","55"
"57633","A","17"
"57637","A","95"
"57639","A","14"
"57643","A","151"
"57644","A","54"
"57655","A","294"
"57656","A","212"
"57657","A","382"
"57659","A","22"
"57661","A","433"
"57664","A","378"
"57678","A","342"
"57680","A","47"
"57681","A","318"
"57687","A","127"
"57695","A","181"
"57696","A","430"
"57700","A","152"
"57704","A","491"
"57705","A","84"
"57708","A","107"
"57711","A","30"
"57713","A","59"
"57719","A","306"
"57721","A","153"
"57726","A","366"
"57729","A","324"
"57730","A","259"
"57738","A","291"
"57741","A","196"
"57745","A","142"
"57746","A","433"
"57759","A","338"
"57760","A","361"
"57761","A","246"
"57765","A","245"
"57766","A","48"
"57769","A","173"
"57785","A","145"
"57786","A","415"
"57787","A","315"
"57797","A","335"
"57800","A","162"
"57804","A","452"
"57806","A","190"
"57807","A","153"
"57808","A","383"
"57810","A","242"
"57811","A","253"
"57817","A","234"
"57822","A","162"
"57825","A","116"
"57828","A","273"
"57830","A","449"
"57838","A","304"
"57841","A","106"
"57848","A","217"
"57850","A","393"
"57851","A","270"
"57855","A","67"
"57862","A","314"
"57866","A","395"
"57870","A","48"
"57871","A","60"
"57880","A","344"
"57886","A","494"
"57890","A","349"
"57893","A","424"
"57894","A","424"
"57897","A","338"
"57900","A","387"
"57910","A","82"
"57911","A","166"
"57916","A","405"
"57918","A","273"
"57919","A","453"
"57922","A","285"
"57924","A","424"
"57928","A","169"
"57939","A","286"
"57942","A","405"
"57952","A","336"
"57956","A","287"
"57959","A","230"
"57961","A","472"
"57963","A","229"
"57964","A","283"
"57965","A","17"
"57968","A","152"
"57974","A","86"
"57981","A","352"
"57984","A","160"
"57990","A","51"
"57995","A","302"
"57998","A","166"
"58005","A","322"
"58011","A","63"
"58013","A","267"
"58020","A","337"
"58030","A","468"
"58031","A","454"
"58032","A","148"
"58038","A","107"
"58039","A","137"
"58040","A","84"
"58042","A","455"
"58052","A","39"
"58056","A","76"
"58058","A","322"
"58060","A","414"
"58061","A","434"
"58071","A","257"
"58073","A","83"
"58076","A","107"
"58080","A","236"
"58081","A","415"
"58085","A","460"
"58089","A","281"
"58095","A","441"
"58096","A","367"
"58097","A","445"
"58104","A","307"
"58108","A","96"
"58114","A","92"
"58116","A","391"
"58118","A","13"
"58120","A","117"
"58125","A","70"
"58126","A","429"
"58132","A","217"
"58134","A","330"
"58135","A","61"
"58148","A","247"
"58158","A","192"
"58160","A","468"
"58165","A","240"
"58167","A","383"
"58170","A","388"
"58178","A","21"
"58185","A","361"
"58188","A","52"
"58189","A","367"
"58204","A","133"
"58206","A","73"
"58208","A","456"
"58212","A","465"
"58222","A","195"
"58224","A","268"
"58227","A","225"
"58230","A","138"
"58238","A","281"
"58243","A","145"
"58251","A","363"
"58254","A","372"
"58259","A","408"
"58263","A","133"
"58271","A","216"
"58275","A","279"
"58277","A","278"
"58290","A","42"
"58293","A","487"
"58297","A","223"
"58311","A","355"
"58315","A","151"
"58318","A","221"
"58319","A","437"
"58328","A","362"
"58336","A","342"
"58344","A","169"
"58346","A","393"
"58347","A","299"
"58350","A","85"
"58352","A","94"
"58354","A","295"
"58355","A","190"
"58361","A","322"
"58372","A","45"
"58378","A","17"
"58379","A","399"
"58381","A","120"
"58385","A","280"
"58391","A","283"
"58392","A","116"
"58393","A","390"
"58394","A","33"
"58401","A","98"
"58404","A","343"
"58405","A","359"
"58416","A","293"
"58417","A","384"
"58419","A","82"
"58421","A","462"
"58427","A","437"
"58432","A","303"
"58437","A","108"
"58440","A","235"
"58445","A","72"
"58446","A","169"
"58453","A","24"
"58455","A","166"
"58456","A","103"
"58460","A","388"
"58465","A","184"
"58468","A","464"
"58470","A","101"
"58471","A","452"
"58472","A","496"
"58477","A","307"
"58480","A","400"
"58490","A","227"
"58494","A","109"
"58496","A","364"
"58498","A","409"
"58501","A","159"
"58508","A","435"
"58512","A","473"
"58516","A","356"
"58517","A","125"
"58518","A","343"
"58521","A","369"
"58522","A","481"
"58523","A","81"
"58525","A","200"
"58529","A","484"
"58531","A","404"
"58533","A","171"
"58534","A","170"
"58535","A","115"
"58536","A","422"
"58537","A","87"
"58538","A","387"
"58545","A","48"
"58552","A","44"
"58554","A","80"
"58559","A","357"
"58560","A","272"
"58564","A","415"
"58572","A","207"
"58573","A","226"
"58575","A","185"
"58581","A","76"
"58582","A","453"
"58590","A","381"
"58596","A","239"
"58603","A","304"
"58604","A","434"
"58611","A","499"
"58617","A","393"
"58618","A","250"
"58619","A","36"
"58625","A","436"
"58628","A","476"
"58636","A","444"
"58640","A","251"
"58647","A","471"
"58652","A","161"
"58653","A","174"
"58659","A","470"
"58673","A","196"
"58676","A","30"
"58678","A","97"
"58684","A","122"
"58686","A","405"
"58691","A","93"
"58705","A","477"
"58708","A","235"
"58711","A","195"
"58723","A","99"
"58724","A","436"
"58725","A","407"
"58733","A","97"
"58735","A","130"
"58737","A","232"
"58738","A","195"
"58740","A","198"
"58742","A","236"
"58744","A","117"
"58747","A","34"
"58754","A","392"
"58757","A","397"
"58761","A","132"
"58762","A","230"
"58765","A","163"
"58767","A","496"
"58771","A","389"
"58772","A","257"
"58773","A","87"
"58780","A","437"
"58784","A","142"
"58792","A","103"
"58794","A","396"
"58795","A","298"
"58806","A","405"
"58813","A","475"
"58816","A","32"
"58823","A","123"
"58827","A","238"
"58830","A","370"
"58839","A","493"
"58841","A","413"
"58843","A","196"
"58847","A","39"
"58848","A","21"
"58861","A","28"
"58864","A","331"
"58871","A","23"
"58889","A","260"
"58896","A","380"
"58897","A","90"
"58905","A","471"
"58906","A","193"
"58910","A","66"
"58920","A","84"
"58921","A","61"
"58929","A","112"
"58944","A","88"
"58946","A","462"
"58952","A","228"
"58967","A","182"
"58970","A","370"
"58972","A","93"
"58974","A","413"
"58977","A","480"
"58982","A","280"
"58983","A","43"
"59001","A","448"
"59003","A","280"
"59010","A","116"
"59016","A","197"
"59018","A","336"
"59021","A","230"
"59022","A","433"
"59028","A","81"
"59033","A","351"
"59035","A","420"
"59036","A","157"
"59039","A","145"
"59042","A","216"
"59044","A","44"
"59047","A","229"
"59048","A","285"
"59051","A","396"
"59053","A","36"
"59057","A","285"
"59058","A","32"
"59060","A","21"
"59065","A","217"
"59066","A","164"
"59071","A","465"
"59073","A","240"
"59081","A","106"
"59084","A","429"
"59086","A","185"
"59088","A","11"
"59090","A","379"
"59092","A","62"
"59106","A","244"
"59112","A","311"
"59114","A","76"
"59115","A","353"
"59116","A","100"
"59119","A","255"
"59125","A","487"
"59132","A","488"
"59138","A","121"
"59143","A","475"
"59144","A","410"
"59148","A","287"
"59153","A","89"
"59158","A","452"
"59159","A","104"
"59166","A","193"
"59168","A","23"
"59170","A","120"
"59173","A","312"
"59175","A","333"
"59179","A","154"
"59184","A","316"
"59189","A","447"
"59194","A","463"
"59195","A","61"
"59200","A","63"
"59207","A","490"
"59214","A","133"
"59223","A","268"
"59225","A","75"
"59235","A","125"
"59238","A","330"
"59240","A","336"
"59241","A","430"
"59243","A","328"
"59244","A","61"
"59245","A","498"
"59246","A","469"
"59248","A","420"
"59252","A","38"
"59261","A","37"
"59263","A","247"
"59269","A","284"
"59271","A","360"
"59287","A","221"
"59288","A","134"
"59289","A","439"
"59293","A","52"
"59294","A","295"
"59296","A","116"
"59299","A","207"
"59303","A","311"
"59310","A","212"
"59316","A","80"
"59319","A","116"
"59328","A","287"
"59330","A","425"
"59342","A","425"
"59347","A","272"
"59350","A","189"
"59353","A","141"
"59356","A","14"
"59357","A","208"
"59371","A","19"
"59374","A","38"
"59377","A","163"
"59379","A","118"
"59381","A","431"
"59387","A","258"
"59392","A","47"
"59396","A","342"
"59401","A","225"
"59402","A","221"
"59406","A","407"
"59407","A","139"
"59417","A","339"
"59419","A","204"
"59421","A","225"
"59424","A","164"
"59425","A","121"
"59428","A","211"
"59429","A","333"
"59430","A","469"
"59432","A","483"
"59433","A","171"
"59439","A","338"
"59440","A","376"
"59443","A","299"
"59446","A","317"
"59447","A","252"
"59449","A","397"
"59465","A","148"
"59480","A","138"
"59489","A","306"
"59491","A","347"
"59501","A","322"
"59506","A","178"
"59508","A","299"
"59509","A","222"
"59513","A","235"
"59515","A","307"
"59516","A","352"
"59517","A","401"
"59518","A","111"
"59524","A","392"
"59527","A","349"
"59541","A","47"
"59550","A","221"
"59551","A","473"
"59560","A","362"
"59561","A","127"
"59566","A","440"
"59569","A","261"
"59571","A","255"
"59577","A","199"
"59578","A","300"
"59579","A","89"
"59582","A","85"
"59590","A","49"
"59596","A","95"
"59598","A","120"
"59601","A","217"
"59607","A","487"
"59612","A","25"
"59616","A","401"
"59621","A","219"
"59623","A","228"
"59633","A","40"
"59641","A","175"
"59644","A","381"
"59646","A","47"
"59648","A","385"
"59649","A","125"
"59658","A","147"
"59659","A","228"
"59660","A","337"
"59663","A","161"
"59672","A","125"
"59673","A","381"
"59674","A","36"
"59675","A","143"
"59676","A","36"
"59687","A","466"
"59694","A","395"
"59699","A","128"
"59703","A","48"
"59704","A","19"
"59715","A","164"
"59718","A","438"
"59719","A","50"
"59722","A","427"
"59723","A","456"
"59726","A","150"
"59727","A","98"
"59732","A","257"
"59735","A","396"
"59736","A","54"
"59739","A","169"
"59746","A","108"
"59748","A","305"
"59749","A","161"
"59753","A","241"
"59764","A","396"
"59765","A","304"
"59767","A","203"
"59774","A","146"
"59775","A","44"
"59776","A","274"
"59783","A","490"
"59784","A","235"
"59787","A","238"
"59789","A","167"
"59796","A","224"
"59810","A","280"
"59825","A","211"
"59827","A","30"
"59830","A","407"
"59831","A","134"
"59835","A","447"
"59836","A","81"
"59849","A","107"
"59851","A","76"
"59856","A","225"
"59860","A","273"
"59862","A","429"
"59863","A","79"
"59864","A","104"
"59872","A","96"
"59876","A","268"
"59879","A","217"
"59883","A","388"
"59887","A","495"
"59890","A","147"
"59893","A","449"
"59895","A","298"
"59898","A","416"
"59913","A","228"
"59917","A","254"
"59918","A","61"
"59923","A","443"
"59928","A","136"
"59929","A","349"
"59931","A","149"
"59933","A","358"
"59934","A","249"
"59945","A","366"
"59946","A","402"
"59951","A","333"
"59952","A","475"
"59954","A","220"
"59959","A","15"
"59963","A","55"
"59970","A","63"
"59976","A","227"
"59980","A","190"
"59981","A","135"
"59982","A","463"
"59984","A","221"
"59986","A","240"
"59987","A","119"
"59995","A","197"
"59996","A","393"
"60000","A","199"
"60003","A","193"
"60005","A","140"
"60006","A","395"
"60007","A","181"
"60010","A","361"
"60011","A","96"
"60012","A","437"
"60013","A","33"
"60019","A","150"
"60023","A","314"
"60024","A","442"
"60028","A","181"
"60038","A","144"
"60039","A","84"
"60041","A","212"
"60044","A","344"
"60045","A","333"
"60054","A","60"
"60055","A","324"
"60056","A","51"
"60065","A","369"
"60070","A","499"
"60081","A","426"
"60083","A","203"
"60085","A","286"
"60089","A","330"
"60095","A","31"
"60096","A","78"
"60098","A","445"
"60101","A","289"
"60103","A","357"
"60107","A","276"
"60109","A","188"
"60124","A","130"
"60142","A","304"
"60147","A","261"
"60148","A","231"
"60154","A","339"
"60155","A","272"
"60157","A","324"
"60159","A","332"
"60163","A","273"
"60166","A","307"
"60173","A","22"
"60175","A","382"
"60185","A","474"
"60188","A","441"
"60189","A","458"
"60193","A","322"
"60202","A","381"
"60204","A","245"
"60206","A","323"
"60222","A","65"
"60223","A","438"
"60225","A","21"
"60226","A","256"
"60232","A","215"
"60237","A","176"
"60238","A","464"
"60242","A","299"
"60243","A","375"
"60256","A","68"
"60257","A","222"
"60258","A","290"
"60260","A","394"
"60262","A","247"
"60264","A","238"
"60265","A","157"
"60266","A","148"
"60277","A","435"
"60279","A","137"
"60282","A","126"
"60284","A","344"
"60285","A","56"
"60287","A","246"
"60288","A","479"
"60292","A","395"
"60296","A","400"
"60307","A","268"
"60308","A","404"
"60313","A","199"
"60316","A","409"
"60319","A","14"
"60324","A","124"
"60334","A","74"
"60336","A","399"
"60344","A","354"
"60346","A","367"
"60356","A","197"
"60362","A","433"
"60363","A","278"
"60364","A","423"
"60365","A","259"
"60368","A","175"
"60372","A","127"
"60373","A","32"
"60381","A","66"
"60386","A","365"
"60387","A","91"
"60390","A","429"
"60391","A","214"
"60394","A","428"
"60398","A","259"
"60406","A","75"
"60408","A","66"
"60412","A","355"
"60414","A","385"
"60417","A","413"
"60429","A","449"
"60431","A","313"
"60432","A","195"
"60439","A","49"
"60443","A","20"
"60445","A","386"
"60450","A","21"
"60451","A","115"
"60452","A","17"
"60454","A","223"
"60456","A","408"
"60460","A","231"
"60468","A","419"
"60470","A","480"
"60473","A","46"
"60486","A","21"
"60487","A","217"
"60493","A","398"
"60494","A","289"
"60502","A","87"
"60503","A","245"
"60511","A","361"
"60515","A","177"
"60518","A","186"
"60521","A","137"
"60524","A","276"
"60531","A","38"
"60544","A","40"
"60548","A","410"
"60551","A","411"
"60560","A","391"
"60565","A","31"
"60568","A","226"
"60569","A","425"
"60570","A","296"
"60573","A","86"
"60579","A","348"
"60583","A","152"
"60588","A","490"
"60597","A","102"
"60598","A","153"
"60603","A","281"
"60604","A","52"
"60605","A","368"
"60608","A","318"
"60613","A","452"
"60616","A","126"
"60620","A","257"
"60626","A","188"
"60627","A","250"
"60631","A","323"
"60632","A","184"
"60636","A","284"
"60640","A","330"
"60643","A","346"
"60648","A","468"
"60651","A","359"
"60658","A","36"
"60659","A","65"
"60660","A","437"
"60665","A","483"
"60671","A","367"
"60681","A","405"
"60683","A","257"
"60693","A","59"
"60696","A","199"
"60700","A","320"
"60703","A","159"
"60706","A","339"
"60721","A","73"
"60724","A","312"
"60731","A","196"
"60733","A","90"
"60734","A","235"
"60737","A","460"
"60739","A","280"
"60744","A","442"
"60746","A","458"
"60748","A","191"
"60751","A","17"
"60753","A","98"
"60756","A","276"
"60758","A","292"
"60760","A","85"
"60761","A","20"
"60764","A","53"
"60765","A","194"
"60773","A","172"
"60774","A","346"
"60785","A","380"
"60789","A","195"
"60792","A","92"
"60802","A","488"
"60807","A","377"
"60811","A","376"
"60812","A","380"
"60815","A","171"
"60818","A","40"
"60819","A","287"
"60820","A","95"
"60822","A","207"
"60823","A","139"
"60827","A","25"
"60832","A","176"
"60835","A","236"
"60838","A","343"
"60843","A","47"
"60851","A","372"
"60853","A","420"
"60855","A","259"
"60858","A","481"
"60859","A","69"
"60863","A","424"
"60864","A","329"
"60868","A","494"
"60869","A","351"
"60870","A","469"
"60877","A","484"
"60878","A","96"
"60880","A","78"
"60886","A","66"
"60897","A","361"
"60900","A","99"
"60907","A","355"
"60912","A","49"
"60920","A","226"
"60927","A","131"
"60933","A","211"
"60936","A","477"
"60937","A","441"
"60938","A","109"
"60943","A","64"
"60947","A","31"
"60955","A","107"
"60959","A","265"
"60969","A","354"
"60970","A","123"
"60985","A","138"
"60992","A","285"
"60997","A","411"
"60999","A","117"
"61000","A","306"
"61002","A","375"
"61005","A","271"
"61006","A","421"
"61010","A","148"
"61014","A","308"
"61026","A","328"
"61027","A","353"
"61028","A","446"
"61029","A","306"
"61031","A","20"
"61034","A","344"
"61035","A","347"
"61036","A","162"
"61041","A","441"
"61048","A","120"
"61049","A","307"
"61060","A","435"
"61063","A","278"
"61065","A","125"
"61067","A","310"
"61080","A","384"
"61086","A","22"
"61091","A","455"
"61094","A","452"
"61103","A","417"
"61104","A","56"
"61117","A","361"
"61125","A","453"
"61128","A","115"
"61143","A","23"
"61152","A","84"
"61153","A","469"
"61164","A","163"
"61165","A","352"
"61172","A","31"
"61173","A","178"
"61181","A","117"
"61183","A","364"
"61184","A","276"
"61187","A","13"
"61191","A","253"
"61203","A","187"
"61209","A","70"
"61211","A","98"
"61213","A","24"
"61224","A","207"
"61233","A","54"
"61243","A","410"
"61244","A","143"
"61247","A","437"
"61248","A","68"
"61251","A","356"
"61259","A","199"
"61269","A","123"
"61272","A","156"
"61276","A","197"
"61278","A","217"
"61280","A","324"
"61281","A","372"
"61300","A","231"
"61301","A","430"
"61312","A","86"
"61315","A","86"
"61317","A","318"
"61321","A","473"
"61326","A","169"
"61327","A","284"
"61328","A","272"
"61333","A","177"
"61334","A","366"
"61337","A","88"
"61341","A","484"
"61351","A","87"
"61360","A","390"
"61365","A","256"
"61366","A","154"
"61370","A","97"
"61377","A","95"
"61387","A","310"
"61390","A","46"
"61398","A","287"
"61403","A","162"
"61407","A","93"
"61410","A","415"
"61416","A","142"
"61418","A","143"
"61420","A","40"
"61421","A","308"
"61424","A","389"
"61435","A","289"
"61447","A","284"
"61450","A","217"
"61452","A","57"
"61476","A","382"
"61481","A","27"
"61483","A","284"
"61491","A","368"
"61493","A","205"
"61497","A","188"
"61498","A","461"
"61500","A","39"
"61502","A","183"
"61508","A","454"
"61510","A","391"
"61525","A","303"
"61526","A","248"
"61530","A","478"
"61535","A","107"
"61551","A","421"
"61552","A","266"
"61555","A","320"
"61557","A","399"
"61558","A","456"
"61559","A","496"
"61561","A","321"
"61563","A","449"
"61565","A","106"
"61566","A","185"
"61568","A","342"
"61572","A","441"
"61573","A","497"
"61575","A","310"
"61578","A","209"
"61579","A","307"
"61584","A","229"
"61590","A","121"
"61594","A","82"
"61597","A","77"
"61598","A","364"
"61599","A","325"
"61600","A","319"
"61602","A","308"
"61607","A","295"
"61610","A","58"
"61613","A","71"
"61614","A","283"
"61619","A","131"
"61620","A","409"
"61621","A","499"
"61622","A","126"
"61623","A","478"
"61625","A","135"
"61631","A","277"
"61634","A","486"
"61638","A","413"
"61639","A","43"
"61645","A","101"
"61648","A","186"
"61650","A","285"
"61654","A","433"
"61664","A","290"
"61672","A","112"
"61680","A","271"
"61694","A","444"
"61699","A","464"
"61718","A","339"
"61724","A","227"
"61730","A","47"
"61734","A","274"
"61736","A","419"
"61741","A","399"
"61742","A","30"
"61744","A","324"
"61748","A","100"
"61751","A","410"
"61753","A","60"
"61754","A","201"
"61755","A","320"
"61762","A","372"
"61774","A","49"
"61777","A","90"
"61780","A","199"
"61781","A","324"
"61784","A","118"
"61786","A","365"
"61789","A","157"
"61790","A","423"
"61794","A","68"
"61800","A","73"
"61811","A","433"
"61816","A","209"
"61818","A","30"
"61819","A","157"
"61821","A","499"
"61825","A","164"
"61835","A","169"
"61839","A","495"
"61841","A","467"
"61847","A","240"
"61848","A","93"
"61851","A","70"
"61853","A","104"
"61855","A","115"
"61861","A","151"
"61864","A","318"
"61867","A","433"
"61870","A","382"
"61873","A","286"
"61874","A","90"
"61876","A","23"
"61879","A","266"
"61890","A","115"
"61895","A","315"
"61900","A","357"
"61908","A","206"
"61909","A","207"
"61912","A","128"
"61915","A","333"
"61917","A","108"
"61918","A","257"
"61923","A","206"
"61924","A","87"
"61928","A","88"
"61948","A","343"
"61956","A","51"
"61965","A","371"
"61969","A","235"
"61971","A","249"
"61972","A","123"
"61973","A","271"
"61981","A","212"
"61991","A","249"
"61993","A","119"
"61996","A","261"
"62006","A","188"
"62010","A","410"
"62011","A","438"
"62015","A","115"
"62017","A","495"
"62019","A","39"
"62020","A","109"
"62028","A","404"
"62032","A","299"
"62034","A","175"
"62035","A","410"
"62040","A","124"
"62041","A","271"
"62044","A","289"
"62057","A","378"
"62059","A","305"
"62061","A","336"
"62071","A","216"
"62078","A","135"
"62082","A","140"
"62084","A","136"
"62086","A","31"
"62093","A","260"
"62094","A","410"
"62095","A","28"
"62102","A","263"
"62103","A","369"
"62106","A","224"
"62114","A","94"
"62120","A","190"
"62122","A","167"
"62128","A","158"
"62136","A","175"
"62137","A","129"
"62138","A","137"
"62139","A","408"
"62145","A","434"
"62149","A","240"
"62154","A","423"
"62158","A","471"
"62159","A","388"
"62173","A","344"
"62174","A","96"
"62178","A","231"
"62180","A","331"
"62181","A","267"
"62185","A","285"
"62194","A","71"
"62196","A","69"
"62197","A","338"
"62199","A","297"
"62211","A","369"
"62226","A","136"
"62227","A","107"
"62231","A","442"
"62235","A","445"
"62240","A","167"
"62243","A","279"
"62244","A","290"
"62262","A","395"
"62268","A","462"
"62276","A","256"
"62277","A","448"
"62287","A","338"
"62289","A","15"
"62290","A","290"
"62304","A","449"
"62312","A","292"
"62313","A","84"
"62325","A","368"
"62329","A","422"
"62331","A","226"
"62332","A","454"
"62334","A","149"
"62347","A","260"
"62348","A","497"
"62350","A","313"
"62357","A","392"
"62359","A","453"
"62364","A","77"
"62366","A","312"
"62367","A","148"
"62372","A","127"
"62381","A","423"
"62385","A","10"
"62391","A","155"
"62394","A","283"
"62397","A","216"
"62398","A","429"
"62401","A","221"
"62405","A","81"
"62407","A","95"
"62414","A","491"
"62419","A","239"
"62420","A","50"
"62421","A","387"
"62424","A","260"
"62427","A","471"
"62429","A","244"
"62435","A","367"
"62436","A","489"
"62441","A","126"
"62443","A","68"
"62446","A","160"
"62447","A","434"
"62449","A","318"
"62450","A","314"
"62451","A","203"
"62459","A","325"
"62461","A","62"
"62465","A","133"
"62468","A","150"
"62469","A","469"
"62480","A","172"
"62482","A","26"
"62483","A","349"
"62488","A","468"
"62489","A","55"
"62491","A","144"
"62498","A","323"
"62500","A","443"
"62501","A","165"
"62506","A","18"
"62511","A","70"
"62514","A","479"
"62522","A","330"
"62526","A","135"
"62539","A","152"
"62544","A","478"
"62549","A","202"
"62557","A","156"
"62558","A","181"
"62566","A","140"
"62568","A","263"
"62571","A","266"
"62579","A","143"
"62584","A","343"
"62593","A","266"
"62595","A","272"
"62596","A","396"
"62602","A","88"
"62605","A","126"
"62609","A","114"
"62614","A","344"
"62617","A","292"
"62625","A","148"
"62626","A","195"
"62632","A","283"
"62633","A","96"
"62639","A","327"
"62642","A","161"
"62656","A","401"
"62658","A","149"
"62662","A","482"
"62671","A","325"
"62672","A","117"
"62673","A","238"
"62674","A","50"
"62683","A","54"
"62684","A","386"
"62698","A","183"
"62700","A","210"
"62703","A","387"
"62705","A","281"
"62710","A","300"
"62715","A","321"
"62717","A","165"
"62722","A","451"
"62739","A","289"
"62743","A","50"
"62748","A","123"
"62754","A","225"
"62756","A","369"
"62757","A","223"
"62763","A","450"
"62766","A","88"
"62768","A","310"
"62771","A","477"
"62778","A","183"
"62786","A","58"
"62789","A","300"
"62800","A","283"
"62821","A","296"
"62822","A","294"
"62830","A","41"
"62831","A","286"
"62832","A","423"
"62833","A","272"
"62836","A","196"
"62841","A","160"
"62844","A","260"
"62848","A","499"
"62849","A","140"
"62854","A","80"
"62858","A","84"
"62860","A","452"
"62866","A","442"
"62869","A","303"
"62870","A","298"
"62872","A","462"
"62879","A","115"
"62885","A","400"
"62886","A","350"
"62887","A","373"
"62888","A","339"
"62896","A","261"
"62902","A","388"
"62904","A","273"
"62906","A","313"
"62909","A","421"
"62915","A","309"
"62918","A","50"
"62922","A","478"
"62923","A","410"
"62925","A","328"
"62927","A","43"
"62931","A","269"
"62939","A","42"
"62944","A","173"
"62950","A","291"
"62952","A","278"
"62957","A","352"
"62960","A","206"
"62962","A","182"
"62965","A","277"
"62969","A","123"
"62975","A","85"
"62977","A","75"
"62978","A","157"
"62979","A","49"
"62981","A","159"
"62988","A","168"
"62989","A","342"
"62990","A","190"
"62991","A","487"
"62996","A","252"
"62997","A","431"
"62998","A","175"
"63007","A","195"
"63009","A","379"
"63011","A","253"
"63015","A","298"
"63020","A","378"
"63023","A","41"
"63029","A","439"
"63030","A","498"
"63032","A","187"
"63037","A","157"
"63044","A","185"
"63052","A","21"
"63055","A","253"
"63056","A","139"
"63060","A","107"
"63064","A","141"
"63066","A","72"
"63068","A","169"
"63072","A","362"
"63073","A","229"
"63076","A","421"
"63083","A","492"
"63087","A","16"
"63097","A","446"
"63104","A","26"
"63105","A","339"
"63110","A","48"
"63115","A","103"
"63122","A","247"
"63127","A","231"
"63147","A","456"
"63149","A","217"
"63155","A","159"
"63156","A","336"
"63157","A","320"
"63158","A","177"
"63164","A","330"
"63166","A","139"
"63167","A","475"
"63173","A","248"
"63181","A","393"
"63182","A","262"
"63185","A","459"
"63186","A","231"
"63193","A","34"
"63195","A","100"
"63196","A","327"
"63208","A","206"
"63210","A","232"
"63220","A","75"
"63226","A","404"
"63227","A","378"
"63229","A","167"
"63230","A","478"
"63234","A","310"
"63239","A","430"
"63240","A","207"
"63241","A","48"
"63242","A","401"
"63249","A","253"
"63255","A","362"
"63263","A","397"
"63266","A","204"
"63267","A","175"
"63270","A","358"
"63277","A","387"
"63284","A","202"
"63286","A","284"
"63287","A","48"
"63297","A","143"
"63303","A","186"
"63311","A","159"
"63320","A","26"
"63323","A","327"
"63330","A","423"
"63333","A","128"
"63336","A","367"
"63344","A","306"
"63347","A","256"
"63358","A","150"
"63368","A","410"
"63369","A","150"
"63370","A","150"
"63371","A","152"
"63372","A","245"
"63374","A","266"
"63378","A","389"
"63380","A","67"
"63391","A","131"
"63398","A","481"
"63399","A","368"
"63403","A","108"
"63404","A","300"
"63410","A","91"
"63411","A","108"
"63418","A","358"
"63423","A","77"
"63425","A","180"
"63426","A","374"
"63428","A","94"
"63435","A","493"
"63437","A","380"
"63442","A","174"
"63443","A","35"
"63450","A","391"
"63452","A","392"
"63454","A","143"
"63456","A","398"
"63457","A","206"
"63458","A","452"
"63460","A","14"
"63461","A","442"
"63466","A","470"
"63475","A","487"
"63484","A","356"
"63487","A","208"
"63490","A","274"
"63492","A","377"
"63504","A","225"
"63510","A","326"
"63517","A","446"
"63524","A","198"
"63525","A","366"
"63527","A","36"
"63528","A","250"
"63530","A","271"
"63539","A","160"
"63545","A","282"
"63550","A","108"
"63551","A","335"
"63554","A","55"
"63557","A","465"
"63558","A","484"
"63560","A","139"
"63561","A","196"
"63562","A","63"
"63563","A","75"
"63566","A","144"
"63571","A","155"
"63576","A","299"
"63577","A","463"
"63579","A","280"
"63582","A","130"
"63583","A","250"
"63585","A","142"
"63587","A","214"
"63588","A","326"
"63589","A","259"
"63590","A","118"
"63591","A","292"
"63593","A","451"
"63594","A","104"
"63599","A","456"
"63608","A","202"
"63611","A","95"
"63615","A","462"
"63618","A","192"
"63620","A","498"
"63623","A","146"
"63628","A","486"
"63629","A","491"
"63631","A","120"
"63633","A","342"
"63635","A","177"
"63638","A","473"
"63646","A","162"
"63648","A","231"
"63650","A","266"
"63653","A","302"
"63656","A","97"
"63658","A","48"
"63660","A","102"
"63663","A","357"
"63664","A","280"
"63667","A","479"
"63672","A","318"
"63674","A","438"
"63677","A","316"
"63679","A","47"
"63684","A","478"
"63688","A","473"
"63689","A","124"
"63692","A","402"
"63693","A","335"
"63694","A","88"
"63697","A","434"
"63699","A","116"
"63700","A","473"
"63701","A","246"
"63703","A","378"
"63704","A","177"
"63706","A","32"
"63709","A","264"
"63712","A","89"
"63722","A","243"
"63725","A","198"
"63727","A","226"
"63728","A","320"
"63730","A","307"
"63731","A","148"
"63735","A","431"
"63736","A","41"
"63738","A","162"
"63740","A","377"
"63745","A","324"
"63749","A","306"
"63751","A","144"
"63752","A","492"
"63756","A","158"
"63759","A","149"
"63760","A","363"
"63774","A","365"
"63775","A","266"
"63786","A","113"
"63788","A","23"
"63794","A","374"
"63800","A","328"
"63807","A","207"
"63814","A","252"
"63837","A","309"
"63841","A","173"
"63842","A","329"
"63846","A","77"
"63851","A","12"
"63859","A","114"
"63861","A","250"
"63862","A","291"
"63864","A","151"
"63868","A","149"
"63879","A","338"
"63880","A","98"
"63886","A","251"
"63889","A","448"
"63890","A","342"
"63892","A","145"
"63897","A","413"
"63899","A","418"
"63905","A","82"
"63914","A","226"
"63919","A","436"
"63922","A","275"
"63923","A","169"
"63924","A","387"
"63932","A","24"
"63940","A","111"
"63942","A","437"
"63950","A","102"
"63953","A","126"
"63960","A","165"
"63961","A","431"
"63968","A","329"
"63978","A","481"
"63986","A","408"
"63996","A","497"
"63998","A","343"
"64002","A","243"
"64008","A","109"
"64016","A","346"
"64019","A","123"
"64026","A","50"
"64039","A","40"
"64054","A","28"
"64056","A","280"
"64066","A","129"
"64070","A","83"
"64071","A","165"
"64079","A","295"
"64082","A","366"
"64086","A","124"
"64094","A","68"
"64097","A","91"
"64105","A","283"
"64108","A","90"
"64115","A","267"
"64127","A","260"
"64133","A","476"
"64146","A","263"
"64147","A","152"
"64149","A","434"
"64150","A","193"
"64156","A","166"
"64160","A","41"
"64162","A","270"
"64167","A","347"
"64172","A","454"
"64174","A","385"
"64175","A","94"
"64177","A","270"
"64179","A","208"
"64181","A","289"
"64186","A","280"
"64189","A","224"
"64192","A","285"
"64194","A","499"
"64200","A","459"
"64205","A","27"
"64206","A","453"
"64207","A","283"
"64210","A","43"
"64215","A","383"
"64221","A","230"
"64230","A","199"
"64236","A","276"
"64245","A","243"
"64260","A","423"
"64261","A","20"
"64269","A","277"
"64277","A","71"
"64278","A","213"
"64281","A","305"
"64287","A","106"
"64291","A","156"
"64297","A","172"
"64300","A","119"
"64303","A","54"
"64306","A","271"
"64307","A","40"
"64309","A","84"
"64314","A","452"
"64317","A","296"
"64324","A","424"
"64326","A","489"
"64335","A","117"
"64336","A","450"
"64342","A","148"
"64343","A","329"
"64347","A","62"
"64355","A","485"
"64358","A","492"
"64369","A","230"
"64375","A","398"
"64377","A","206"
"64380","A","82"
"64385","A","467"
"64386","A","287"
"64394","A","474"
"64395","A","141"
"64396","A","122"
"64400","A","365"
"64404","A","343"
"64407","A","298"
"64410","A","123"
"64412","A","461"
"64415","A","11"
"64416","A","356"
"64417","A","385"
"64418","A","499"
"64419","A","232"
"64424","A","421"
"64428","A","171"
"64429","A","394"
"64445","A","124"
"64449","A","433"
"64450","A","124"
"64454","A","375"
"64456","A","126"
"64457","A","347"
"64461","A","456"
"64471","A","249"
"64473","A","486"
"64476","A","31"
"64480","A","385"
"64481","A","10"
"64482","A","406"
"64484","A","240"
"64489","A","209"
"64495","A","230"
"64498","A","416"
"64504","A","384"
"64506","A","418"
"64507","A","334"
"64514","A","299"
"64520","A","130"
"64526","A","94"
"64527","A","192"
"64531","A","311"
"64532","A","90"
"64533","A","280"
"64535","A","58"
"64537","A","124"
"64541","A","303"
"64542","A","362"
"64544","A","369"
"64545","A","326"
"64546","A","106"
"64548","A","16"
"64557","A","441"
"64566","A","87"
"64573","A","63"
"64575","A","220"
"64577","A","288"
"64581","A","243"
"64584","A","479"
"64588","A","258"
"64589","A","108"
"64591","A","53"
"64593","A","398"
"64594","A","357"
"64599","A","401"
"64601","A","122"
"64605","A","143"
"64608","A","388"
"64611","A","219"
"64613","A","186"
"64614","A","109"
"64632","A","414"
"64638","A","201"
"64646","A","324"
"64649","A","489"
"64656","A","339"
"64662","A","328"
"64663","A","494"
"64669","A","20"
"64670","A","256"
"64674","A","104"
"64680","A","96"
"64683","A","474"
"64706","A","386"
"64713","A","404"
"64717","A","91"
"64720","A","88"
"64723","A","53"
"64733","A","180"
"64738","A","379"
"64740","A","45"
"64750","A","71"
"64755","A","372"
"64762","A","137"
"64763","A","64"
"64766","A","309"
"64767","A","30"
"64769","A","318"
"64771","A","133"
"64778","A","178"
"64780","A","22"
"64782","A","266"
"64789","A","486"
"64797","A","48"
"64798","A","330"
"64800","A","481"
"64802","A","153"
"64805","A","169"
"64809","A","382"
"64812","A","33"
"64813","A","53"
"64816","A","135"
"64821","A","320"
"64822","A","335"
"64826","A","249"
"64827","A","246"
"64828","A","73"
"64829","A","151"
"64830","A","39"
"64831","A","141"
"64841","A","196"
"64845","A","47"
"64850","A","46"
"64851","A","154"
"64854","A","279"
"64855","A","190"
"64871","A","442"
"64878","A","259"
"64884","A","399"
"64889","A","39"
"64890","A","93"
"64905","A","326"
"64907","A","277"
"64921","A","78"
"64925","A","402"
"64935","A","342"
"64936","A","487"
"64943","A","18"
"64952","A","372"
"64957","A","226"
"64964","A","269"
"64965","A","370"
"64969","A","454"
"64973","A","30"
"64975","A","85"
"64977","A","396"
"64978","A","196"
"64981","A","19"
"64985","A","196"
"65001","A","94"
"65005","A","85"
"65010","A","151"
"65014","A","51"
"65017","A","384"
"65019","A","318"
"65021","A","197"
"65024","A","50"
"65031","A","228"
"65048","A","78"
"65054","A","189"
"65056","A","472"
"65059","A","217"
"65064","A","263"
"65066","A","478"
"65067","A","199"
"65068","A","89"
"65070","A","393"
"65078","A","476"
"65081","A","163"
"65083","A","385"
"65084","A","107"
"65093","A","63"
"65097","A","433"
"65101","A","35"
"65102","A","384"
"65104","A","480"
"65105","A","106"
"65116","A","25"
"65117","A","267"
"65121","A","155"
"65128","A","123"
"65132","A","142"
"65134","A","14"
"65138","A","290"
"65140","A","137"
"65148","A","316"
"65155","A","489"
"65156","A","300"
"65160","A","301"
"65164","A","142"
"65166","A","81"
"65170","A","48"
"65174","A","216"
"65177","A","346"
"65178","A","31"
"65184","A","219"
"65191","A","21"
"65193","A","383"
"65194","A","327"
"65199","A","449"
"65204","A","339"
"65211","A","33"
"65223","A","34"
"65238","A","405"
"65242","A","244"
"65243","A","134"
"65245","A","339"
"65246","A","373"
"65249","A","322"
"65251","A","214"
"65253","A","338"
"65254","A","234"
"65256","A","449"
"65259","A","195"
"65260","A","160"
"65262","A","486"
"65267","A","137"
"65274","A","278"
"65278","A","110"
"65280","A","432"
"65282","A","295"
"65288","A","355"
"65292","A","102"
"65296","A","48"
"65298","A","317"
"65307","A","192"
"65312","A","142"
"65316","A","90"
"65326","A","208"
"65327","A","46"
"65329","A","125"
"65331","A","391"
"65332","A","422"
"65334","A","256"
"65343","A","157"
"65349","A","226"
"65352","A","195"
"65358","A","491"
"65374","A","182"
"65375","A","478"
"65376","A","239"
"65379","A","267"
"65383","A","285"
"65388","A","36"
"65389","A","10"
"65395","A","195"
"65396","A","227"
"65404","A","173"
"65405","A","413"
"65408","A","168"
"65409","A","93"
"65411","A","438"
"65413","A","248"
"65417","A","370"
"65423","A","471"
"65424","A","465"
"65426","A","356"
"65427","A","390"
"65429","A","190"
"65430","A","487"
"65438","A","166"
"65439","A","293"
"65443","A","251"
"65449","A","264"
"65450","A","66"
"65458","A","479"
"65465","A","474"
"65468","A","172"
"65477","A","340"
"65479","A","484"
"65495","A","282"
"65500","A","71"
"65503","A","383"
"65506","A","71"
"65510","A","478"
"65512","A","321"
"65518","A","430"
"65521","A","87"
"65523","A","394"
"65524","A","309"
"65525","A","203"
"65526","A","307"
"65531","A","109"
"65532","A","64"
"65533","A","286"
"65534","A","398"
"65538","A","351"
"65539","A","177"
"65541","A","458"
"65543","A","97"
"65549","A","250"
"65550","A","269"
"65551","A","177"
"65556","A","26"
"65564","A","196"
"65567","A","329"
"65575","A","207"
"65579","A","362"
"65580","A","454"
"65582","A","10"
"65587","A","148"
"65590","A","91"
"65592","A","473"
"65600","A","447"
"65603","A","402"
"65604","A","366"
"65607","A","387"
"65611","A","67"
"65615","A","52"
"65616","A","204"
"65618","A","215"
"65620","A","27"
"65621","A","421"
"65627","A","155"
"65632","A","209"
"65635","A","328"
"65646","A","277"
"65647","A","181"
"65651","A","95"
"65652","A","116"
"65662","A","33"
"65665","A","127"
"65668","A","377"
"65677","A","263"
"65680","A","183"
"65687","A","339"
"65689","A","70"
"65694","A","213"
"65703","A","332"
"65705","A","26"
"65710","A","334"
"65712","A","391"
"65713","A","103"
"65717","A","181"
"65729","A","151"
"65733","A","332"
"65735","A","455"
"65740","A","395"
"65743","A","410"
"65745","A","348"
"65750","A","321"
"65754","A","177"
"65757","A","189"
"65761","A","360"
"65764","A","282"
"65765","A","325"
"65770","A","448"
"65779","A","73"
"65783","A","340"
"65784","A","37"
"65785","A","212"
"65790","A","37"
"65796","A","404"
"65797","A","256"
"65801","A","340"
"65805","A","307"
"65813","A","55"
"65818","A","261"
"65824","A","291"
"65835","A","358"
"65842","A","142"
"65843","A","91"
"65844","A","391"
"65846","A","12"
"65847","A","399"
"65859","A","142"
"65867","A","452"
"65868","A","488"
"65870","A","163"
"65872","A","50"
"65873","A","498"
"65877","A","445"
"65878","A","51"
"65883","A","354"
"65888","A","374"
"65889","A","170"
"65890","A","232"
"65893","A","173"
"65897","A","61"
"65899","A","337"
"65905","A","267"
"65909","A","386"
"65911","A","222"
"65913","A","426"
"65914","A","169"
"65916","A","177"
"65921","A","164"
"65922","A","19"
"65923","A","366"
"65931","A","409"
"65932","A","33"
"65939","A","265"
"65948","A","437"
"65954","A","466"
"65955","A","150"
"65961","A","289"
"65964","A","55"
"65968","A","115"
"65970","A","83"
"65973","A","380"
"65981","A","99"
"65984","A","86"
"65986","A","217"
"65988","A","415"
"65990","A","337"
"65993","A","426"
"65997","A","374"
"66001","A","382"
"66004","A","214"
"66005","A","205"
"66013","A","489"
"66023","A","382"
"66025","A","111"
"66035","A","54"
"66038","A","278"
"66049","A","222"
"66050","A","298"
"66054","A","207"
"66062","A","67"
"66064","A","20"
"66066","A","157"
"66071","A","241"
"66073","A","336"
"66077","A","24"
"66085","A","463"
"66087","A","181"
"66090","A","178"
"66098","A","295"
"66099","A","21"
"66101","A","232"
"66107","A","274"
"66125","A","437"
"66127","A","28"
"66129","A","81"
"66136","A","75"
"66139","A","195"
"66140","A","345"
"66145","A","378"
"66148","A","320"
"66153","A","473"
"66154","A","129"
"66155","A","18"
"66157","A","249"
"66160","A","321"
"66164","A","104"
"66170","A","460"
"66172","A","361"
"66176","A","24"
"66177","A","486"
"66180","A","358"
"66181","A","493"
"66182","A","265"
"66192","A","27"
"66196","A","462"
"66197","A","328"
"66201","A","309"
"66203","A","463"
"66208","A","13"
"66221","A","67"
"66226","A","204"
"66227","A","231"
"66229","A","330"
"66232","A","163"
"66236","A","287"
"66240","A","249"
"66243","A","385"
"66252","A","254"
"66253","A","258"
"66258","A","79"
"66259","A","359"
"66261","A","248"
"66263","A","481"
"66264","A","466"
"66274","A","315"
"66283","A","460"
"66287","A","167"
"66290","A","349"
"66298","A","398"
"66299","A","469"
"66301","A","391"
"66305","A","356"
"66313","A","359"
"66316","A","314"
"66317","A","355"
"66319","A","78"
"66324","A","241"
"66329","A","291"
"66330","A","331"
"66332","A","157"
"66333","A","355"
"66334","A","279"
"66339","A","452"
"66340","A","28"
"66341","A","439"
"66350","A","488"
"66352","A","434"
"66360","A","203"
"66374","A","436"
"66381","A","324"
"66382","A","447"
"66388","A","415"
"66389","A","187"
"66390","A","424"
"66391","A","131"
"66402","A","340"
"66403","A","248"
"66404","A","126"
"66409","A","44"
"66410","A","242"
"66412","A","465"
"66413","A","436"
"66417","A","428"
"66418","A","43"
"66420","A","473"
"66427","A","456"
"66431","A","451"
"66433","A","171"
"66440","A","261"
"66450","A","40"
"66462","A","224"
"66466","A","140"
"66469","A","253"
"66471","A","478"
"66480","A","83"
"66482","A","293"
"66487","A","267"
"66490","A","490"
"66492","A","104"
"66495","A","421"
"66497","A","471"
"66500","A","454"
"66502","A","444"
"66503","A","255"
"66509","A","20"
"66510","A","125"
"66512","A","431"
"66515","A","371"
"66516","A","474"
"66519","A","270"
"66521","A","351"
"66527","A","419"
"66528","A","351"
"66536","A","122"
"66542","A","210"
"66543","A","349"
"66544","A","347"
"66548","A","162"
"66549","A","271"
"66553","A","405"
"66555","A","75"
"66562","A","39"
"66566","A","274"
"66571","A","79"
"66572","A","492"
"66592","A","71"
"66604","A","400"
"66609","A","14"
"66622","A","373"
"66627","A","344"
"66628","A","270"
"66635","A","54"
"66636","A","393"
"66642","A","256"
"66648","A","48"
"66651","A","336"
"66655","A","259"
"66660","A","70"
"66666","A","31"
"66684","A","238"
"66685","A","419"
"66689","A","162"
"66690","A","451"
"66693","A","396"
"66700","A","154"
"66702","A","15"
"66714","A","310"
"66716","A","369"
"66723","A","323"
"66727","A","248"
"66728","A","159"
"66735","A","477"
"66736","A","42"
"66739","A","179"
"66745","A","78"
"66750","A","311"
"66758","A","210"
"66768","A","448"
"66775","A","338"
"66777","A","451"
"66784","A","165"
"66791","A","135"
"66797","A","379"
"66804","A","414"
"66817","A","467"
"66822","A","338"
"66826","A","311"
"66827","A","118"
"66832","A","66"
"66840","A","350"
"66844","A","69"
"66848","A","32"
"66849","A","169"
"66853","A","172"
"66854","A","395"
"66861","A","243"
"66862","A","483"
"66863","A","53"
"66865","A","415"
"66868","A","137"
"66871","A","295"
"66873","A","46"
"66884","A","479"
"66888","A","288"
"66896","A","34"
"66902","A","239"
"66909","A","32"
"66914","A","379"
"66916","A","10"
"66925","A","264"
"66933","A","20"
"66936","A","81"
"66939","A","437"
"66946","A","446"
"66948","A","400"
"66961","A","170"
"66964","A","395"
"66965","A","268"
"66968","A","44"
"66971","A","208"
"66972","A","302"
"66976","A","66"
"66979","A","390"
"66984","A","492"
"66992","A","119"
"66993","A","254"
"66996","A","245"
"66999","A","24"
"67000","A","479"
"67005","A","324"
"67014","A","58"
"67017","A","121"
"67022","A","67"
"67023","A","371"
"67027","A","142"
"67031","A","467"
"67032","A","125"
"67034","A","464"
"67035","A","219"
"67037","A","395"
"67040","A","353"
"67044","A","73"
"67047","A","94"
"67054","A","66"
"67057","A","203"
"67058","A","60"
"67059","A","182"
"67062","A","396"
"67075","A","276"
"67076","A","176"
"67081","A","72"
"67085","A","236"
"67086","A","411"
"67087","A","146"
"67090","A","204"
"67091","A","32"
"67096","A","69"
"67103","A","264"
"67105","A","101"
"67114","A","218"
"67118","A","210"
"67120","A","332"
"67122","A","221"
"67123","A","183"
"67127","A","390"
"67128","A","358"
"67134","A","226"
"67137","A","389"
"67142","A","291"
"67144","A","254"
"67145","A","345"
"67146","A","276"
"67147","A","356"
"67149","A","241"
"67154","A","10"
"67157","A","474"
"67169","A","99"
"67170","A","84"
"67172","A","207"
"67174","A","98"
"67175","A","19"
"67179","A","226"
"67181","A","151"
"67182","A","148"
"67186","A","333"
"67187","A","215"
"67190","A","324"
"67191","A","452"
"67197","A","283"
"67200","A","144"
"67201","A","25"
"67203","A","368"
"67210","A","252"
"67215","A","344"
"67217","A","271"
"67222","A","154"
"67223","A","375"
"67230","A","485"
"67232","A","292"
"67241","A","254"
"67243","A","264"
"67245","A","199"
"67248","A","74"
"67249","A","31"
"67256","A","473"
"67257","A","152"
"67262","A","380"
"67265","A","433"
"67267","A","491"
"67268","A","178"
"67274","A","356"
"67278","A","195"
"67279","A","485"
"67293","A","481"
"67299","A","107"
"67306","A","360"
"67307","A","291"
"67322","A","260"
"67323","A","459"
"67329","A","94"
"67330","A","370"
"67349","A","297"
"67351","A","165"
"67363","A","450"
"67365","A","337"
"67368","A","414"
"67380","A","78"
"67384","A","202"
"67385","A","300"
"67386","A","474"
"67390","A","310"
"67393","A","474"
"67394","A","233"
"67402","A","252"
"67405","A","446"
"67406","A","65"
"67411","A","456"
"67412","A","326"
"67413","A","373"
"67431","A","235"
"67436","A","94"
"67443","A","45"
"67445","A","374"
"67448","A","74"
"67449","A","94"
"67450","A","181"
"67458","A","211"
"67467","A","411"
"67485","A","240"
"67487","A","389"
"67489","A","278"
"67492","A","405"
"67494","A","399"
"67495","A","465"
"67502","A","368"
"67503","A","410"
"67504","A","208"
"67508","A","280"
"67518","A","62"
"67528","A","369"
"67530","A","417"
"67533","A","465"
"67535","A","371"
"67541","A","432"
"67543","A","144"
"67544","A","127"
"67546","A","31"
"67549","A","409"
"67552","A","415"
"67554","A","279"
"67558","A","214"
"67562","A","164"
"67563","A","488"
"67564","A","259"
"67573","A","81"
"67574","A","157"
"67576","A","253"
"67580","A","476"
"67581","A","362"
"67584","A","127"
"67586","A","367"
"67591","A","20"
"67592","A","451"
"67600","A","91"
"67603","A","244"
"67604","A","335"
"67606","A","209"
"67609","A","17"
"67614","A","66"
"67627","A","216"
"67634","A","230"
"67636","A","228"
"67637","A","143"
"67643","A","355"
"67647","A","134"
"67654","A","18"
"67655","A","379"
"67658","A","362"
"67661","A","52"
"67663","A","77"
"67670","A","436"
"67673","A","348"
"67674","A","387"
"67675","A","223"
"67677","A","415"
"67679","A","447"
"67693","A","282"
"67694","A","130"
"67698","A","232"
"67699","A","123"
"67701","A","399"
"67721","A","216"
"67722","A","11"
"67728","A","347"
"67729","A","421"
"67731","A","324"
"67737","A","270"
"67751","A","68"
"67754","A","77"
"67764","A","262"
"67766","A","47"
"67770","A","150"
"67771","A","85"
"67778","A","94"
"67779","A","471"
"67784","A","65"
"67802","A","191"
"67806","A","84"
"67807","A","463"
"67822","A","404"
"67825","A","237"
"67826","A","299"
"67827","A","404"
"67834","A","360"
"67836","A","348"
"67841","A","113"
"67842","A","280"
"67843","A","347"
"67845","A","91"
"67852","A","166"
"67853","A","303"
"67860","A","409"
"67866","A","319"
"67871","A","301"
"67873","A","471"
"67875","A","148"
"67878","A","281"
"67880","A","64"
"67883","A","73"
"67887","A","75"
"67889","A","317"
"67890","A","269"
"67895","A","476"
"67902","A","390"
"67906","A","398"
"67910","A","152"
"67911","A","226"
"67912","A","327"
"67914","A","49"
"67918","A","471"
"67929","A","343"
"67932","A","327"
"67936","A","284"
"67941","A","122"
"67946","A","74"
"67947","A","412"
"67948","A","353"
"67952","A","80"
"67957","A","399"
"67962","A","138"
"67963","A","325"
"67965","A","150"
"67966","A","116"
"67971","A","408"
"67974","A","48"
"67975","A","468"
"67976","A","186"
"67977","A","95"
"67978","A","284"
"67988","A","389"
"67991","A","382"
"67992","A","267"
"67994","A","212"
"68005","A","70"
"68010","A","349"
"68015","A","351"
"68016","A","167"
"68020","A","132"
"68025","A","414"
"68028","A","340"
"68029","A","246"
"68031","A","427"
"68041","A","21"
"68043","A","257"
"68057","A","326"
"68060","A","23"
"68063","A","287"
"68064","A","159"
"68066","A","252"
"68070","A","204"
"68071","A","383"
"68074","A","133"
"68076","A","242"
"68081","A","424"
"68083","A","368"
"68085","A","218"
"68093","A","253"
"68097","A","17"
"68098","A","45"
"68099","A","167"
"68102","A","215"
"68114","A","445"
"68117","A","136"
"68118","A","142"
"68120","A","178"
"68121","A","211"
"68123","A","452"
"68124","A","492"
"68128","A","379"
"68129","A","363"
"68131","A","475"
"68138","A","50"
"68143","A","341"
"68146","A","144"
"68149","A","198"
"68153","A","156"
"68165","A","333"
"68173","A","248"
"68184","A","167"
"68199","A","62"
"68201","A","180"
"68210","A","325"
"68215","A","344"
"68222","A","272"
"68223","A","241"
"68224","A","82"
"68227","A","151"
"68236","A","107"
"68237","A","211"
"68243","A","279"
"68244","A","25"
"68253","A","446"
"68255","A","234"
"68256","A","428"
"68258","A","171"
"68267","A","256"
"68272","A","107"
"68276","A","55"
"68279","A","359"
"68280","A","499"
"68288","A","214"
"68294","A","204"
"68295","A","426"
"68300","A","413"
"68308","A","411"
"68316","A","282"
"68319","A","343"
"68322","A","126"
"68329","A","308"
"68333","A","443"
"68346","A","254"
"68348","A","432"
"68350","A","26"
"68351","A","55"
"68357","A","175"
"68361","A","330"
"68362","A","41"
"68366","A","287"
"68369","A","463"
"68372","A","304"
"68374","A","30"
"68383","A","342"
"68384","A","446"
"68392","A","257"
"68397","A","87"
"68398","A","433"
"68407","A","476"
"68408","A","182"
"68409","A","66"
"68410","A","24"
"68413","A","198"
"68415","A","96"
"68420","A","315"
"68421","A","317"
"68423","A","177"
"68425","A","169"
"68435","A","465"
"68438","A","204"
"68442","A","46"
"68444","A","133"
"68445","A","304"
"68447","A","285"
"68449","A","49"
"68452","A","346"
"68454","A","239"
"68462","A","339"
"68463","A","349"
"68464","A","108"
"68465","A","442"
"68466","A","16"
"68471","A","218"
"68472","A","197"
"68482","A","488"
"68484","A","251"
"68491","A","80"
"68495","A","439"
"68496","A","305"
"68503","A","191"
"68506","A","364"
"68510","A","28"
"68511","A","159"
"68516","A","158"
"68517","A","89"
"68519","A","38"
"68520","A","298"
"68523","A","414"
"68524","A","154"
"68528","A","339"
"68536","A","451"
"68540","A","416"
"68542","A","134"
"68545","A","123"
"68547","A","229"
"68548","A","146"
"68551","A","462"
"68552","A","86"
"68559","A","29"
"68565","A","63"
"68570","A","161"
"68573","A","57"
"68575","A","24"
"68578","A","338"
"68583","A","171"
"68584","A","123"
"68598","A","54"
"68604","A","457"
"68607","A","412"
"68608","A","244"
"68616","A","414"
"68618","A","352"
"68622","A","296"
"68628","A","454"
"68634","A","350"
"68635","A","305"
"68638","A","365"
"68639","A","317"
"68640","A","254"
"68643","A","95"
"68648","A","201"
"68652","A","488"
"68671","A","445"
"68673","A","61"
"68678","A","166"
"68679","A","362"
"68686","A","493"
"68689","A","258"
"68690","A","177"
"68697","A","151"
"68713","A","238"
"68722","A","293"
"68727","A","288"
"68730","A","304"
"68732","A","86"
"68737","A","381"
"68739","A","24"
"68743","A","303"
"68744","A","250"
"68748","A","479"
"68754","A","87"
"68757","A","159"
"68759","A","14"
"68762","A","442"
"68763","A","398"
"68766","A","140"
"68767","A","18"
"68768","A","402"
"68769","A","163"
"68773","A","169"
"68778","A","80"
"68782","A","240"
"68785","A","228"
"68787","A","150"
"68804","A","13"
"68831","A","51"
"68834","A","208"
"68836","A","100"
"68841","A","92"
"68854","A","88"
"68855","A","206"
"68856","A","137"
"68857","A","402"
"68861","A","147"
"68862","A","125"
"68871","A","254"
"68879","A","424"
"68883","A","314"
"68899","A","413"
"68900","A","472"
"68905","A","425"
"68907","A","473"
"68912","A","82"
"68915","A","175"
"68926","A","250"
"68935","A","51"
"68940","A","230"
"68949","A","168"
"68951","A","70"
"68957","A","48"
"68968","A","442"
"68981","A","178"
"68982","A","84"
"68985","A","186"
"68993","A","388"
"68994","A","357"
"68995","A","234"
"69002","A","21"
"69012","A","132"
"69015","A","344"
"69018","A","322"
"69021","A","337"
"69044","A","371"
"69047","A","130"
"69050","A","78"
"69052","A","405"
"69054","A","49"
"69056","A","334"
"69058","A","316"
"69072","A","402"
"69073","A","124"
"69075","A","107"
"69077","A","117"
"69080","A","280"
"69084","A","423"
"69085","A","25"
"69086","A","335"
"69090","A","233"
"69096","A","235"
"69097","A","371"
"69107","A","472"
"69113","A","282"
"69118","A","253"
"69119","A","153"
"69120","A","312"
"69125","A","495"
"69129","A","476"
"69132","A","253"
"69142","A","252"
"69150","A","436"
"69151","A","124"
"69166","A","157"
"69168","A","32"
"69172","A","489"
"69175","A","203"
"69177","A","409"
"69185","A","52"
"69187","A","333"
"69189","A","123"
"69190","A","378"
"69202","A","458"
"69204","A","467"
"69212","A","265"
"69214","A","436"
"69218","A","386"
"69223","A","453"
"69228","A","499"
"69231","A","138"
"69232","A","95"
"69238","A","425"
"69243","A","363"
"69247","A","197"
"69249","A","365"
"69252","A","66"
"69253","A","24"
"69255","A","218"
"69258","A","486"
"69259","A","225"
"69261","A","24"
"69278","A","326"
"69287","A","456"
"69288","A","184"
"69289","A","432"
"69290","A","479"
"69291","A","383"
"69295","A","101"
"69300","A","411"
"69306","A","34"
"69310","A","75"
"69317","A","92"
"69319","A","468"
"69324","A","335"
"69331","A","251"
"69333","A","438"
"69337","A","301"
"69339","A","291"
"69344","A","73"
"69350","A","484"
"69355","A","468"
"69357","A","467"
"69359","A","165"
"69360","A","136"
"69361","A","19"
"69365","A","24"
"69369","A","254"
"69372","A","96"
"69374","A","498"
"69382","A","411"
"69386","A","111"
"69387","A","58"
"69388","A","225"
"69391","A","106"
"69398","A","34"
"69407","A","65"
"69408","A","429"
"69410","A","107"
"69411","A","68"
"69412","A","490"
"69418","A","85"
"69419","A","204"
"69426","A","334"
"69427","A","160"
"69432","A","480"
"69433","A","324"
"69438","A","173"
"69440","A","433"
"69442","A","98"
"69443","A","449"
"69445","A","481"
"69446","A","33"
"69453","A","69"
"69459","A","226"
"69461","A","17"
"69469","A","418"
"69471","A","220"
"69472","A","331"
"69475","A","225"
"69477","A","443"
"69485","A","497"
"69486","A","89"
"69498","A","351"
"69506","A","127"
"69519","A","215"
"69545","A","238"
"69554","A","187"
"69557","A","114"
"69558","A","426"
"69565","A","438"
"69569","A","488"
"69570","A","363"
"69583","A","267"
"69586","A","165"
"69592","A","196"
"69595","A","384"
"69598","A","463"
"69607","A","490"
"69629","A","226"
"69633","A","145"
"69636","A","338"
"69638","A","464"
"69647","A","229"
"69650","A","103"
"69651","A","205"
"69653","A","220"
"69654","A","423"
"69658","A","133"
"69669","A","45"
"69670","A","422"
"69672","A","77"
"69676","A","262"
"69679","A","60"
"69682","A","33"
"69684","A","311"
"69692","A","169"
"69701","A","206"
"69705","A","392"
"69706","A","383"
"69711","A","291"
"69712","A","294"
"69714","A","24"
"69715","A","464"
"69716","A","346"
"69717","A","366"
"69726","A","198"
"69729","A","323"
"69732","A","109"
"69735","A","339"
"69743","A","277"
"69746","A","436"
"69749","A","164"
"69750","A","347"
"69751","A","467"
"69759","A","478"
"69762","A","126"
"69765","A","186"
"69767","A","396"
"69770","A","18"
"69777","A","277"
"69780","A","351"
"69785","A","409"
"69787","A","343"
"69788","A","235"
"69793","A","125"
"69794","A","334"
"69796","A","395"
"69797","A","383"
"69802","A","441"
"69806","A","390"
"69808","A","140"
"69810","A","468"
"69811","A","258"
"69825","A","102"
"69831","A","77"
"69833","A","499"
"69836","A","126"
"69843","A","353"
"69845","A","314"
"69852","A","179"
"69857","A","347"
"69866","A","248"
"69871","A","394"
"69874","A","32"
"69875","A","429"
"69877","A","250"
"69882","A","186"
"69887","A","83"
"69889","A","311"
"69891","A","326"
"69893","A","450"
"69912","A","265"
"69917","A","273"
"69937","A","193"
"69941","A","248"
"69943","A","412"
"69947","A","73"
"69957","A","150"
"69963","A","204"
"69967","A","331"
"69971","A","119"
"69972","A","333"
"69974","A","469"
"69976","A","22"
"69978","A","232"
"69979","A","294"
"69991","A","154"
"69995","A","312"
"69998","A","201"
"69999","A","352"
"70000","A","19"
"70006","A","467"
"70015","A","305"
"70016","A","247"
"70017","A","51"
"70026","A","74"
"70029","A","473"
"70045","A","197"
"70047","A","297"
"70055","A","247"
"70061","A","389"
"70062","A","75"
"70072","A","366"
"70080","A","171"
"70081","A","123"
"70085","A","257"
"70090","A","70"
"70096","A","79"
"70099","A","94"
"70102","A","225"
"70107","A","243"
"70113","A","458"
"70117","A","394"
"70119","A","469"
"70121","A","485"
"70123","A","437"
"70131","A","340"
"70144","A","180"
"70151","A","157"
"70153","A","227"
"70154","A","68"
"70158","A","123"
"70163","A","297"
"70174","A","120"
"70177","A","124"
"70181","A","371"
"70185","A","409"
"70187","A","454"
"70188","A","35"
"70189","A","25"
"70194","A","112"
"70196","A","158"
"70197","A","486"
"70198","A","126"
"70199","A","381"
"70201","A","314"
"70212","A","359"
"70214","A","492"
"70222","A","327"
"70223","A","191"
"70227","A","12"
"70231","A","499"
"70236","A","135"
"70240","A","202"
"70244","A","378"
"70245","A","285"
"70247","A","321"
"70255","A","145"
"70257","A","371"
"70258","A","156"
"70273","A","44"
"70286","A","473"
"70287","A","148"
"70298","A","102"
"70308","A","426"
"70311","A","313"
"70312","A","163"
"70313","A","57"
"70315","A","184"
"70320","A","358"
"70329","A","372"
"70332","A","299"
"70337","A","281"
"70339","A","196"
"70345","A","50"
"70359","A","257"
"70361","A","47"
"70362","A","385"
"70364","A","109"
"70368","A","174"
"70371","A","58"
"70372","A","195"
"70380","A","224"
"70384","A","289"
"70385","A","309"
"70390","A","498"
"70393","A","99"
"70399","A","492"
"70401","A","189"
"70403","A","318"
"70408","A","275"
"70410","A","354"
"70411","A","11"
"70413","A","312"
"70419","A","70"
"70424","A","265"
"70427","A","145"
"70429","A","495"
"70438","A","38"
"70442","A","55"
"70445","A","354"
"70446","A","101"
"70449","A","122"
"70451","A","379"
"70457","A","123"
"70459","A","239"
"70461","A","305"
"70475","A","10"
"70478","A","354"
"70479","A","368"
"70484","A","468"
"70485","A","390"
"70486","A","140"
"70488","A","285"
"70491","A","321"
"70493","A","370"
"70495","A","196"
"70501","A","404"
"70505","A","79"
"70507","A","370"
"70512","A","290"
"70513","A","429"
"70520","A","94"
"70521","A","399"
"70527","A","344"
"70528","A","151"
"70532","A","386"
"70533","A","71"
"70536","A","441"
"70537","A","91"
"70543","A","321"
"70548","A","90"
"70549","A","341"
"70550","A","361"
"70551","A","486"
"70556","A","87"
"70559","A","161"
"70560","A","53"
"70563","A","355"
"70568","A","90"
"70572","A","325"
"70578","A","187"
"70584","A","160"
"70587","A","218"
"70594","A","488"
"70596","A","424"
"70600","A","391"
"70606","A","418"
"70607","A","492"
"70616","A","262"
"70619","A","245"
"70620","A","421"
"70621","A","319"
"70624","A","494"
"70625","A","210"
"70629","A","118"
"70637","A","389"
"70642","A","108"
"70646","A","437"
"70649","A","473"
"70652","A","18"
"70659","A","191"
"70664","A","467"
"70671","A","59"
"70672","A","93"
"70675","A","445"
"70678","A","211"
"70685","A","159"
"70693","A","279"
"70694","A","178"
"70707","A","456"
"70714","A","157"
"70719","A","82"
"70749","A","323"
"70762","A","182"
"70764","A","333"
"70765","A","387"
"70767","A","402"
"70768","A","100"
"70771","A","11"
"70773","A","417"
"70781","A","283"
"70782","A","118"
"70788","A","51"
"70790","A","65"
"70792","A","69"
"70796","A","369"
"70797","A","406"
"70798","A","473"
"70800","A","487"
"70803","A","374"
"70805","A","230"
"70808","A","439"
"70811","A","39"
"70818","A","79"
"70824","A","142"
"70827","A","198"
"70830","A","340"
"70834","A","287"
"70837","A","288"
"70838","A","294"
"70847","A","369"
"70848","A","68"
"70850","A","308"
"70852","A","438"
"70857","A","24"
"70859","A","425"
"70869","A","310"
"70870","A","498"
"70875","A","351"
"70879","A","47"
"70882","A","45"
"70883","A","436"
"70884","A","41"
"70889","A","359"
"70899","A","28"
"70902","A","295"
"70906","A","238"
"70907","A","216"
"70909","A","234"
"70911","A","100"
"70918","A","357"
"70919","A","214"
"70924","A","473"
"70925","A","425"
"70926","A","476"
"70932","A","395"
"70944","A","252"
"70966","A","62"
"70969","A","53"
"70970","A","414"
"70975","A","227"
"70989","A","154"
"70996","A","361"
"70997","A","429"
"71000","A","238"
"71002","A","124"
"71003","A","294"
"71011","A","408"
"71014","A","62"
"71023","A","464"
"71026","A","223"
"71034","A","102"
"71035","A","132"
"71036","A","442"
"71039","A","205"
"71044","A","101"
"71047","A","116"
"71048","A","220"
"71049","A","483"
"71053","A","491"
"71054","A","240"
"71055","A","480"
"71060","A","41"
"71061","A","402"
"71063","A","234"
"71067","A","297"
"71075","A","163"
"71077","A","273"
"71078","A","124"
"71079","A","456"
"71080","A","445"
"71085","A","366"
"71089","A","418"
"71090","A","417"
"71091","A","121"
"71097","A","473"
"71099","A","340"
"71100","A","200"
"71104","A","335"
"71105","A","244"
"71115","A","179"
"71117","A","328"
"71118","A","10"
"71126","A","491"
"71129","A","20"
"71133","A","451"
"71135","A","246"
"71139","A","412"
"71141","A","412"
"71142","A","459"
"71144","A","133"
"71145","A","288"
"71151","A","315"
"71154","A","49"
"71161","A","35"
"71164","A","88"
"71167","A","159"
"71169","A","297"
"71171","A","159"
"71172","A","194"
"71175","A","10"
"71183","A","92"
"71196","A","31"
"71200","A","134"
"71201","A","178"
"71202","A","494"
"71207","A","257"
"71208","A","386"
"71214","A","317"
"71223","A","259"
"71225","A","322"
"71227","A","226"
"71228","A","253"
"71230","A","442"
"71234","A","296"
"71249","A","82"
"71250","A","473"
"71251","A","107"
"71255","A","98"
"71256","A","446"
"71262","A","422"
"71265","A","293"
"71266","A","349"
"71275","A","470"
"71283","A","319"
"71290","A","493"
"71291","A","427"
"71305","A","321"
"71306","A","89"
"71311","A","329"
"71312","A","267"
"71315","A","327"
"71316","A","61"
"71324","A","173"
"71325","A","162"
"71328","A","222"
"71329","A","365"
"71330","A","386"
"71331","A","402"
"71333","A","347"
"71337","A","291"
"71341","A","32"
"71344","A","253"
"71358","A","100"
"71363","A","70"
"71365","A","493"
"71369","A","284"
"71375","A","34"
"71376","A","284"
"71382","A","119"
"71386","A","455"
"71390","A","290"
"71393","A","231"
"71396","A","258"
"71397","A","376"
"71404","A","24"
"71407","A","428"
"71410","A","296"
"71415","A","138"
"71424","A","122"
"71426","A","322"
"71430","A","270"
"71431","A","288"
"71433","A","326"
"71437","A","14"
"71438","A","333"
"71447","A","112"
"71451","A","322"
"71455","A","172"
"71459","A","81"
"71462","A","96"
"71467","A","336"
"71468","A","96"
"71475","A","258"
"71476","A","164"
"71482","A","35"
"71490","A","353"
"71492","A","298"
"71496","A","251"
"71498","A","99"
"71499","A","249"
"71501","A","461"
"71506","A","145"
"71510","A","14"
"71516","A","181"
"71531","A","191"
"71532","A","230"
"71540","A","327"
"71543","A","99"
"71550","A","152"
"71563","A","122"
"71566","A","400"
"71572","A","360"
"71574","A","248"
"71578","A","74"
"71580","A","17"
"71588","A","235"
"71594","A","158"
"71595","A","290"
"71600","A","41"
"71601","A","235"
"71603","A","263"
"71605","A","26"
"71608","A","366"
"71611","A","475"
"71623","A","197"
"71626","A","364"
"71630","A","15"
"71635","A","389"
"71639","A","400"
"71641","A","65"
"71645","A","487"
"71647","A","144"
"71651","A","294"
"71652","A","111"
"71654","A","109"
"71655","A","361"
"71660","A","485"
"71661","A","103"
"71664","A","206"
"71666","A","283"
"71669","A","12"
"71678","A","227"
"71681","A","104"
"71687","A","168"
"71695","A","220"
"71696","A","239"
"71700","A","23"
"71703","A","161"
"71704","A","37"
"71705","A","365"
"71708","A","111"
"71714","A","453"
"71715","A","382"
"71716","A","210"
"71718","A","313"
"71720","A","187"
"71728","A","376"
"71729","A","450"
"71730","A","32"
"71737","A","319"
"71738","A","296"
"71740","A","193"
"71742","A","236"
"71747","A","310"
"71752","A","427"
"71755","A","72"
"71756","A","326"
"71758","A","136"
"71763","A","455"
"71766","A","25"
"71768","A","372"
"71771","A","311"
"71773","A","311"
"71775","A","309"
"71782","A","317"
"71786","A","296"
"71788","A","237"
"71789","A","212"
"71795","A","297"
"71796","A","395"
"71797","A","21"
"71801","A","300"
"71804","A","74"
"71807","A","120"
"71808","A","282"
"71812","A","461"
"71823","A","498"
"71829","A","176"
"71832","A","195"
"71836","A","340"
"71837","A","366"
"71839","A","139"
"71843","A","76"
"71858","A","352"
"71859","A","345"
"71865","A","23"
"71873","A","132"
"71879","A","237"
"71883","A","332"
"71886","A","475"
"71889","A","63"
"71891","A","366"
"71892","A","294"
"71903","A","241"
"71905","A","462"
"71909","A","316"
"71916","A","323"
"71917","A","285"
"71919","A","338"
"71924","A","176"
"71925","A","400"
"71926","A","219"
"71927","A","133"
"71933","A","332"
"71935","A","361"
"71938","A","51"
"71941","A","495"
"71943","A","345"
"71946","A","172"
"71949","A","353"
"71951","A","375"
"71953","A","346"
"71960","A","448"
"71962","A","124"
"71965","A","340"
"71966","A","52"
"71967","A","105"
"71971","A","491"
"71976","A","367"
"71977","A","497"
"71978","A","120"
"71979","A","241"
"71981","A","302"
"71984","A","422"
"71985","A","127"
"71991","A","70"
"71997","A","295"
"72003","A","202"
"72005","A","221"
"72006","A","71"
"72008","A","343"
"72014","A","88"
"72018","A","15"
"72022","A","266"
"72024","A","142"
"72027","A","185"
"72031","A","179"
"72036","A","159"
"72039","A","89"
"72055","A","271"
"72056","A","268"
"72058","A","72"
"72062","A","345"
"72078","A","15"
"72082","A","12"
"72091","A","173"
"72092","A","343"
"72095","A","172"
"72103","A","232"
"72106","A","194"
"72113","A","368"
"72126","A","17"
"72128","A","336"
"72137","A","20"
"72139","A","369"
"72140","A","323"
"72148","A","428"
"72149","A","156"
"72153","A","216"
"72169","A","63"
"72171","A","86"
"72179","A","458"
"72183","A","179"
"72185","A","205"
"72186","A","346"
"72190","A","350"
"72192","A","294"
"72198","A","394"
"72200","A","166"
"72205","A","307"
"72208","A","137"
"72210","A","339"
"72211","A","228"
"72225","A","227"
"72229","A","93"
"72232","A","124"
"72233","A","455"
"72246","A","216"
"72248","A","155"
"72252","A","57"
"72261","A","395"
"72263","A","444"
"72270","A","66"
"72281","A","265"
"72282","A","223"
"72288","A","173"
"72289","A","60"
"72293","A","490"
"72300","A","341"
"72301","A","25"
"72319","A","488"
"72322","A","392"
"72324","A","341"
"72335","A","284"
"72337","A","436"
"72346","A","51"
"72349","A","497"
"72351","A","458"
"72366","A","248"
"72367","A","395"
"72373","A","67"
"72374","A","304"
"72378","A","41"
"72382","A","275"
"72385","A","70"
"72386","A","192"
"72387","A","374"
"72391","A","68"
"72392","A","409"
"72398","A","452"
"72409","A","330"
"72415","A","169"
"72419","A","405"
"72420","A","310"
"72421","A","397"
"72422","A","433"
"72430","A","161"
"72435","A","78"
"72436","A","293"
"72443","A","375"
"72444","A","382"
"72445","A","114"
"72449","A","187"
"72452","A","146"
"72453","A","279"
"72458","A","177"
"72462","A","49"
"72464","A","319"
"72465","A","408"
"72471","A","82"
"72472","A","207"
"72480","A","285"
"72482","A","345"
"72487","A","181"
"72492","A","17"
"72494","A","408"
"72496","A","204"
"72497","A","478"
"72500","A","424"
"72503","A","51"
"72505","A","374"
"72507","A","445"
"72510","A","195"
"72511","A","17"
"72512","A","491"
"72516","A","342"
"72519","A","243"
"72525","A","123"
"72527","A","375"
"72530","A","93"
"72531","A","452"
"72536","A","16"
"72537","A","54"
"72542","A","490"
"72548","A","120"
"72559","A","378"
"72560","A","190"
"72563","A","239"
"72565","A","310"
"72572","A","351"
"72573","A","244"
"72576","A","262"
"72589","A","66"
"72593","A","404"
"72596","A","271"
"72597","A","488"
"72598","A","346"
"72600","A","227"
"72602","A","296"
"72605","A","128"
"72606","A","291"
"72609","A","210"
"72613","A","401"
"72616","A","254"
"72617","A","372"
"72618","A","286"
"72622","A","348"
"72623","A","250"
"72629","A","371"
"72630","A","260"
"72631","A","236"
"72635","A","109"
"72636","A","487"
"72637","A","265"
"72645","A","149"
"72650","A","45"
"72652","A","456"
"72655","A","55"
"72656","A","473"
"72658","A","459"
"72660","A","433"
"72661","A","416"
"72664","A","202"
"72670","A","168"
"72672","A","19"
"72678","A","151"
"72689","A","426"
"72690","A","431"
"72695","A","431"
"72697","A","88"
"72699","A","496"
"72701","A","276"
"72714","A","470"
"72721","A","136"
"72724","A","206"
"72729","A","91"
"72730","A","82"
"72732","A","154"
"72733","A","272"
"72738","A","350"
"72739","A","135"
"72740","A","275"
"72747","A","163"
"72752","A","218"
"72760","A","229"
"72761","A","137"
"72770","A","380"
"72774","A","477"
"72782","A","185"
"72784","A","263"
"72790","A","497"
"72799","A","95"
"72802","A","290"
"72810","A","164"
"72811","A","255"
"72813","A","27"
"72814","A","206"
"72818","A","412"
"72824","A","198"
"72830","A","82"
"72832","A","167"
"72835","A","319"
"72837","A","212"
"72838","A","425"
"72844","A","441"
"72845","A","68"
"72849","A","244"
"72851","A","128"
"72852","A","24"
"72861","A","492"
"72864","A","369"
"72865","A","84"
"72866","A","314"
"72888","A","26"
"72891","A","446"
"72892","A","444"
"72897","A","222"
"72900","A","25"
"72912","A","119"
"72929","A","115"
"72934","A","469"
"72945","A","447"
"72949","A","149"
"72954","A","201"
"72959","A","86"
"72964","A","436"
"72971","A","48"
"72972","A","412"
"72978","A","196"
"72981","A","197"
"72989","A","398"
"72990","A","308"
"72992","A","453"
"72994","A","407"
"72996","A","163"
"72998","A","306"
"73001","A","430"
"73022","A","17"
"73025","A","91"
"73028","A","72"
"73031","A","39"
"73032","A","334"
"73034","A","94"
"73035","A","472"
"73043","A","465"
"73046","A","220"
"73069","A","253"
"73074","A","332"
"73075","A","466"
"73077","A","97"
"73079","A","49"
"73088","A","293"
"73089","A","367"
"73093","A","93"
"73098","A","406"
"73103","A","88"
"73106","A","361"
"73109","A","368"
"73113","A","485"
"73117","A","307"
"73119","A","443"
"73128","A","122"
"73144","A","249"
"73147","A","499"
"73150","A","40"
"73153","A","446"
"73154","A","397"
"73155","A","186"
"73158","A","291"
"73170","A","154"
"73176","A","399"
"73177","A","234"
"73181","A","497"
"73182","A","350"
"73185","A","103"
"73188","A","117"
"73192","A","489"
"73195","A","417"
"73197","A","433"
"73206","A","78"
"73209","A","486"
"73211","A","468"
"73214","A","237"
"73216","A","138"
"73217","A","258"
"73230","A","67"
"73232","A","437"
"73233","A","340"
"73234","A","349"
"73249","A","57"
"73265","A","467"
"73266","A","251"
"73270","A","133"
"73275","A","111"
"73277","A","24"
"73279","A","355"
"73281","A","339"
"73283","A","173"
"73284","A","36"
"73285","A","276"
"73290","A","244"
"73291","A","146"
"73297","A","458"
"73300","A","295"
"73301","A","209"
"73302","A","141"
"73304","A","17"
"73306","A","411"
"73310","A","151"
"73311","A","246"
"73320","A","141"
"73330","A","29"
"73344","A","311"
"73346","A","250"
"73349","A","154"
"73351","A","124"
"73355","A","475"
"73360","A","478"
"73362","A","125"
"73366","A","474"
"73368","A","211"
"73374","A","80"
"73376","A","207"
"73379","A","250"
"73383","A","364"
"73387","A","371"
"73389","A","79"
"73393","A","486"
"73397","A","409"
"73399","A","282"
"73406","A","462"
"73412","A","60"
"73414","A","345"
"73416","A","94"
"73417","A","61"
"73424","A","62"
"73428","A","289"
"73436","A","183"
"73443","A","368"
"73447","A","432"
"73449","A","422"
"73451","A","327"
"73452","A","74"
"73454","A","467"
"73459","A","491"
"73463","A","245"
"73465","A","444"
"73469","A","281"
"73478","A","117"
"73479","A","220"
"73480","A","345"
"73482","A","453"
"73494","A","264"
"73495","A","430"
"73498","A","291"
"73510","A","163"
"73520","A","297"
"73527","A","202"
"73530","A","354"
"73544","A","214"
"73545","A","226"
"73547","A","479"
"73554","A","395"
"73555","A","220"
"73558","A","227"
"73561","A","257"
"73570","A","270"
"73574","A","154"
"73579","A","31"
"73586","A","48"
"73592","A","191"
"73605","A","15"
"73607","A","396"
"73609","A","187"
"73610","A","198"
"73615","A","335"
"73631","A","251"
"73635","A","284"
"73644","A","387"
"73648","A","165"
"73655","A","80"
"73656","A","441"
"73657","A","448"
"73663","A","334"
"73664","A","17"
"73668","A","460"
"73669","A","173"
"73671","A","185"
"73675","A","222"
"73676","A","290"
"73681","A","435"
"73684","A","26"
"73685","A","236"
"73690","A","299"
"73692","A","60"
"73702","A","94"
"73703","A","67"
"73705","A","286"
"73706","A","299"
"73707","A","360"
"73712","A","200"
"73715","A","62"
"73724","A","256"
"73728","A","74"
"73736","A","177"
"73739","A","425"
"73753","A","244"
"73756","A","15"
"73758","A","152"
"73763","A","280"
"73769","A","98"
"73776","A","162"
"73778","A","355"
"73785","A","107"
"73787","A","302"
"73788","A","18"
"73792","A","321"
"73797","A","254"
"73799","A","467"
"73800","A","56"
"73806","A","499"
"73808","A","170"
"73809","A","306"
"73812","A","491"
"73816","A","404"
"73828","A","442"
"73832","A","339"
"73836","A","260"
"73842","A","328"
"73845","A","330"
"73846","A","393"
"73847","A","207"
"73849","A","403"
"73851","A","42"
"73852","A","119"
"73857","A","40"
"73858","A","275"
"73860","A","391"
"73864","A","434"
"73866","A","495"
"73870","A","30"
"73873","A","329"
"73876","A","156"
"73883","A","77"
"73887","A","413"
"73889","A","64"
"73895","A","151"
"73898","A","28"
"73899","A","36"
"73902","A","51"
"73907","A","315"
"73909","A","399"
"73912","A","195"
"73916","A","341"
"73917","A","159"
"73919","A","183"
"73924","A","201"
"73927","A","233"
"73929","A","412"
"73930","A","420"
"73931","A","102"
"73937","A","312"
"73942","A","351"
"73943","A","207"
"73947","A","447"
"73951","A","439"
"73953","A","212"
"73956","A","93"
"73958","A","229"
"73965","A","379"
"73966","A","209"
"73967","A","355"
"73968","A","390"
"73971","A","288"
"73977","A","75"
"73979","A","208"
"73981","A","132"
"73982","A","279"
"73983","A","211"
"73986","A","93"
"73998","A","26"
"74004","A","112"
"74006","A","358"
"74013","A","34"
"74014","A","206"
"74021","A","459"
"74031","A","194"
"74038","A","294"
"74046","A","481"
"74047","A","440"
"74053","A","21"
"74054","A","161"
"74056","A","164"
"74059","A","375"
"74064","A","478"
"74068","A","301"
"74069","A","187"
"74071","A","329"
"74075","A","11"
"74076","A","483"
"74078","A","257"
"74079","A","426"
"74081","A","456"
"74086","A","395"
"74089","A","255"
"74092","A","27"
"74097","A","172"
"74099","A","185"
"74100","A","425"
"74112","A","483"
"74118","A","237"
"74119","A","384"
"74121","A","260"
"74130","A","164"
"74141","A","61"
"74147","A","299"
"74148","A","238"
"74149","A","376"
"74151","A","288"
"74152","A","218"
"74159","A","180"
"74160","A","182"
"74161","A","421"
"74164","A","296"
"74169","A","212"
"74172","A","335"
"74181","A","121"
"74190","A","383"
"74199","A","447"
"74207","A","224"
"74215","A","292"
"74220","A","352"
"74222","A","30"
"74223","A","303"
"74228","A","426"
"74229","A","193"
"74230","A","246"
"74233","A","92"
"74234","A","91"
"74242","A","315"
"74252","A","223"
"74258","A","118"
"74260","A","159"
"74261","A","51"
"74262","A","207"
"74264","A","132"
"74265","A","25"
"74271","A","30"
"74273","A","301"
"74274","A","135"
"74281","A","305"
"74282","A","314"
"74283","A","248"
"74295","A","316"
"74300","A","131"
"74305","A","125"
"74316","A","132"
"74317","A","20"
"74318","A","95"
"74340","A","113"
"74342","A","252"
"74350","A","404"
"74351","A","373"
"74353","A","340"
"74355","A","142"
"74357","A","289"
"74362","A","76"
"74365","A","171"
"74367","A","189"
"74372","A","394"
"74373","A","266"
"74376","A","352"
"74380","A","220"
"74382","A","202"
"74385","A","386"
"74386","A","302"
"74389","A","196"
"74392","A","374"
"74393","A","402"
"74399","A","376"
"74401","A","299"
"74404","A","435"
"74405","A","196"
"74412","A","415"
"74418","A","299"
"74420","A","163"
"74424","A","212"
"74427","A","403"
"74438","A","325"
"74439","A","347"
"74442","A","488"
"74447","A","292"
"74448","A","403"
"74449","A","220"
"74452","A","143"
"74459","A","494"
"74461","A","35"
"74463","A","315"
"74471","A","72"
"74473","A","352"
"74483","A","379"
"74497","A","352"
"74506","A","73"
"74511","A","387"
"74516","A","337"
"74519","A","230"
"74521","A","155"
"74522","A","346"
"74528","A","250"
"74529","A","396"
"74539","A","473"
"74542","A","460"
"74543","A","153"
"74548","A","234"
"74551","A","271"
"74558","A","148"
"74561","A","269"
"74564","A","475"
"74567","A","56"
"74571","A","348"
"74581","A","239"
"74582","A","438"
"74587","A","203"
"74591","A","18"
"74594","A","366"
"74597","A","334"
"74599","A","277"
"74600","A","50"
"74601","A","102"
"74603","A","469"
"74608","A","336"
"74613","A","331"
"74614","A","437"
"74626","A","421"
"74627","A","312"
"74628","A","209"
"74634","A","130"
"74645","A","189"
"74651","A","153"
"74654","A","233"
"74661","A","21"
"74666","A","95"
"74670","A","60"
"74671","A","218"
"74682","A","356"
"74687","A","337"
"74703","A","25"
"74708","A","76"
"74714","A","146"
"74723","A","230"
"74727","A","207"
"74741","A","399"
"74745","A","160"
"74746","A","11"
"74747","A","140"
"74754","A","141"
"74756","A","62"
"74757","A","440"
"74758","A","336"
"74759","A","315"
"74762","A","220"
"74763","A","62"
"74765","A","409"
"74774","A","437"
"74777","A","213"
"74783","A","55"
"74784","A","243"
"74789","A","382"
"74798","A","131"
"74803","A","228"
"74807","A","467"
"74810","A","380"
"74811","A","152"
"74816","A","83"
"74826","A","267"
"74827","A","397"
"74828","A","475"
"74830","A","324"
"74833","A","376"
"74840","A","277"
"74841","A","482"
"74846","A","21"
"74862","A","364"
"74865","A","69"
"74878","A","25"
"74881","A","120"
"74882","A","380"
"74883","A","332"
"74887","A","210"
"74893","A","156"
"74894","A","451"
"74896","A","468"
"74897","A","28"
"74900","A","75"
"74909","A","273"
"74910","A","226"
"74915","A","104"
"74916","A","431"
"74923","A","497"
"74930","A","101"
"74934","A","290"
"74937","A","395"
"74940","A","331"
"74944","A","166"
"74947","A","265"
"74948","A","164"
"74950","A","302"
"74951","A","234"
"74956","A","105"
"74961","A","108"
"74962","A","121"
"74968","A","198"
"74971","A","101"
"74973","A","117"
"74984","A","480"
"74985","A","473"
"74993","A","134"
"74994","A","492"
"74995","A","337"
"74996","A","465"
"75004","A","420"
"75005","A","413"
"75014","A","200"
"75018","A","64"
"75021","A","410"
"75025","A","260"
"75027","A","138"
"75030","A","96"
"75032","A","312"
"75034","A","153"
"75036","A","81"
"75037","A","171"
"75042","A","152"
"75045","A","435"
"75046","A","405"
"75049","A","192"
"75058","A","68"
"75062","A","164"
"75063","A","498"
"75064","A","128"
"75074","A","368"
"75080","A","461"
"75083","A","106"
"75086","A","231"
"75088","A","222"
"75089","A","12"
"75091","A","206"
"75092","A","320"
"75093","A","20"
"75095","A","268"
"75096","A","279"
"75100","A","231"
"75102","A","339"
"75107","A","167"
"75109","A","205"
"75110","A","205"
"75111","A","142"
"75112","A","25"
"75117","A","454"
"75125","A","431"
"75126","A","338"
"75135","A","15"
"75138","A","111"
"75141","A","55"
"75142","A","452"
"75145","A","246"
"75160","A","323"
"75163","A","358"
"75171","A","419"
"75181","A","242"
"75183","A","237"
"75184","A","158"
"75188","A","322"
"75189","A","119"
"75197","A","229"
"75205","A","177"
"75211","A","38"
"75217","A","306"
"75223","A","353"
"75228","A","166"
"75234","A","53"
"75251","A","260"
"75255","A","92"
"75257","A","386"
"75261","A","190"
"75262","A","92"
"75271","A","445"
"75272","A","435"
"75276","A","60"
"75278","A","464"
"75279","A","340"
"75284","A","470"
"75299","A","218"
"75300","A","38"
"75305","A","255"
"75308","A","436"
"75319","A","396"
"75324","A","49"
"75330","A","135"
"75341","A","188"
"75346","A","372"
"75362","A","427"
"75371","A","478"
"75380","A","83"
"75384","A","237"
"75385","A","492"
"75390","A","22"
"75391","A","32"
"75393","A","180"
"75402","A","211"
"75417","A","410"
"75423","A","482"
"75427","A","268"
"75430","A","198"
"75433","A","395"
"75438","A","17"
"75439","A","86"
"75440","A","99"
"75442","A","188"
"75448","A","122"
"75450","A","343"
"75452","A","259"
"75454","A","325"
"75455","A","289"
"75457","A","334"
"75459","A","443"
"75461","A","121"
"75469","A","242"
"75474","A","172"
"75480","A","180"
"75487","A","198"
"75488","A","267"
"75495","A","66"
"75496","A","360"
"75500","A","497"
"75507","A","409"
"75509","A","182"
"75510","A","274"
"75516","A","120"
"75517","A","275"
"75518","A","249"
"75527","A","84"
"75531","A","91"
"75532","A","56"
"75535","A","255"
"75542","A","389"
"75548","A","13"
"75552","A","398"
"75553","A","96"
"75554","A","234"
"75567","A","366"
"75570","A","79"
"75572","A","486"
"75575","A","326"
"75576","A","467"
"75583","A","425"
"75586","A","365"
"75587","A","306"
"75591","A","192"
"75592","A","170"
"75595","A","162"
"75601","A","435"
"75602","A","384"
"75606","A","282"
"75617","A","97"
"75619","A","23"
"75620","A","427"
"75625","A","138"
"75630","A","449"
"75632","A","424"
"75633","A","287"
"75641","A","359"
"75646","A","199"
"75648","A","77"
"75651","A","270"
"75653","A","126"
"75657","A","184"
"75660","A","154"
"75663","A","454"
"75664","A","104"
"75671","A","313"
"75672","A","103"
"75675","A","196"
"75681","A","299"
"75682","A","436"
"75684","A","173"
"75689","A","412"
"75700","A","151"
"75701","A","431"
"75704","A","238"
"75714","A","188"
"75718","A","193"
"75720","A","114"
"75732","A","225"
"75733","A","104"
"75734","A","247"
"75735","A","442"
"75737","A","274"
"75738","A","388"
"75740","A","68"
"75741","A","228"
"75752","A","344"
"75755","A","25"
"75756","A","96"
"75762","A","39"
"75764","A","445"
"75765","A","27"
"75766","A","304"
"75770","A","430"
"75778","A","402"
"75782","A","352"
"75783","A","243"
"75795","A","175"
"75797","A","85"
"75804","A","275"
"75805","A","147"
"75816","A","153"
"75818","A","398"
"75821","A","117"
"75822","A","217"
"75827","A","139"
"75830","A","290"
"75835","A","307"
"75842","A","250"
"75852","A","492"
"75859","A","69"
"75860","A","288"
"75862","A","123"
"75863","A","135"
"75865","A","309"
"75866","A","131"
"75871","A","201"
"75874","A","371"
"75875","A","244"
"75883","A","343"
"75887","A","262"
"75891","A","189"
"75893","A","328"
"75896","A","430"
"75901","A","389"
"75909","A","466"
"75910","A","283"
"75914","A","107"
"75916","A","434"
"75917","A","468"
"75921","A","256"
"75922","A","114"
"75926","A","109"
"75930","A","342"
"75939","A","360"
"75940","A","202"
"75943","A","334"
"75947","A","46"
"75951","A","49"
"75958","A","377"
"75959","A","385"
"75960","A","95"
"75964","A","314"
"75966","A","362"
"75968","A","210"
"75969","A","227"
"75972","A","227"
"75978","A","114"
"75985","A","337"
"75991","A","383"
"76000","A","433"
"76002","A","48"
"76009","A","462"
"76013","A","397"
"76015","A","47"
"76030","A","223"
"76035","A","362"
"76036","A","46"
"76037","A","163"
"76044","A","73"
"76046","A","420"
"76048","A","180"
"76055","A","205"
"76062","A","101"
"76063","A","65"
"76066","A","52"
"76069","A","463"
"76073","A","348"
"76078","A","493"
"76083","A","457"
"76092","A","440"
"76096","A","376"
"76100","A","294"
"76103","A","170"
"76109","A","32"
"76112","A","271"
"76124","A","273"
"76127","A","442"
"76129","A","358"
"76133","A","349"
"76146","A","344"
"76149","A","108"
"76150","A","261"
"76158","A","388"
"76173","A","498"
"76177","A","169"
"76184","A","182"
"76192","A","473"
"76205","A","61"
"76212","A","162"
"76217","A","486"
"76219","A","196"
"76222","A","148"
"76225","A","152"
"76226","A","475"
"76229","A","167"
"76230","A","265"
"76231","A","210"
"76237","A","453"
"76238","A","302"
"76240","A","106"
"76241","A","344"
"76245","A","11"
"76250","A","212"
"76257","A","468"
"76260","A","399"
"76274","A","328"
"76277","A","120"
"76283","A","367"
"76284","A","415"
"76290","A","333"
"76291","A","100"
"76294","A","357"
"76298","A","66"
"76301","A","479"
"76322","A","83"
"76328","A","211"
"76329","A","363"
"76344","A","18"
"76346","A","463"
"76347","A","487"
"76349","A","493"
"76350","A","46"
"76361","A","12"
"76365","A","315"
"76366","A","88"
"76368","A","14"
"76369","A","131"
"76370","A","128"
"76374","A","394"
"76376","A","458"
"76388","A","58"
"76391","A","80"
"76393","A","362"
"76403","A","120"
"76412","A","163"
"76415","A","285"
"76419","A","12"
"76420","A","248"
"76421","A","363"
"76422","A","402"
"76426","A","209"
"76427","A","290"
"76433","A","488"
"76434","A","246"
"76435","A","452"
"76439","A","123"
"76442","A","345"
"76443","A","253"
"76447","A","296"
"76449","A","438"
"76450","A","43"
"76452","A","274"
"76460","A","249"
"76464","A","477"
"76468","A","98"
"76470","A","146"
"76473","A","184"
"76474","A","166"
"76475","A","346"
"76478","A","473"
"76479","A","111"
"76482","A","37"
"76483","A","348"
"76484","A","187"
"76485","A","170"
"76487","A","492"
"76489","A","379"
"76492","A","284"
"76496","A","276"
"76499","A","65"
"76502","A","379"
"76508","A","322"
"76509","A","314"
"76512","A","20"
"76520","A","262"
"76524","A","217"
"76535","A","72"
"76539","A","326"
"76549","A","272"
"76552","A","385"
"76555","A","12"
"76559","A","312"
"76561","A","159"
"76567","A","139"
"76568","A","492"
"76570","A","195"
"76573","A","486"
"76574","A","205"
"76575","A","494"
"76577","A","65"
"76579","A","345"
"76582","A","83"
"76583","A","317"
"76592","A","355"
"76593","A","309"
"76597","A","288"
"76606","A","444"
"76609","A","360"
"76614","A","270"
"76616","A","53"
"76619","A","96"
"76620","A","381"
"76624","A","100"
"76629","A","470"
"76630","A","250"
"76632","A","83"
"76642","A","243"
"76645","A","112"
"76646","A","10"
"76649","A","234"
"76651","A","254"
"76652","A","115"
"76658","A","64"
"76659","A","392"
"76662","A","170"
"76665","A","96"
"76669","A","206"
"76671","A","497"
"76677","A","249"
"76680","A","481"
"76685","A","220"
"76686","A","306"
"76693","A","221"
"76695","A","308"
"76696","A","471"
"76708","A","446"
"76714","A","96"
"76715","A","281"
"76719","A","367"
"76722","A","365"
"76728","A","300"
"76729","A","485"
"76731","A","226"
"76737","A","160"
"76739","A","369"
"76759","A","48"
"76761","A","432"
"76770","A","123"
"76771","A","362"
"76773","A","93"
"76774","A","397"
"76776","A","367"
"76780","A","392"
"76783","A","126"
"76787","A","232"
"76797","A","474"
"76798","A","399"
"76802","A","482"
"76805","A","244"
"76807","A","348"
"76810","A","337"
"76817","A","284"
"76823","A","404"
"76824","A","105"
"76827","A","253"
"76830","A","481"
"76833","A","107"
"76839","A","89"
"76843","A","289"
"76847","A","434"
"76849","A","359"
"76851","A","445"
"76852","A","210"
"76854","A","158"
"76855","A","352"
"76885","A","358"
"76886","A","71"
"76887","A","52"
"76888","A","151"
"76889","A","316"
"76900","A","29"
"76903","A","208"
"76906","A","122"
"76907","A","71"
"76919","A","248"
"76923","A","234"
"76926","A","204"
"76927","A","293"
"76928","A","94"
"76931","A","120"
"76944","A","470"
"76949","A","466"
"76951","A","399"
"76952","A","380"
"76954","A","154"
"76955","A","220"
"76956","A","50"
"76957","A","463"
"76958","A","316"
"76966","A","164"
"76972","A","426"
"76977","A","261"
"76978","A","148"
"76981","A","301"
"76983","A","83"
"76984","A","491"
"76996","A","178"
"76997","A","84"
"76998","A","31"
"76999","A","160"
"77005","A","475"
"77007","A","103"
"77008","A","161"
"77010","A","233"
"77011","A","405"
"77016","A","42"
"77020","A","226"
"77022","A","187"
"77028","A","42"
"77029","A","66"
"77030","A","268"
"77041","A","95"
"77042","A","359"
"77046","A","117"
"77059","A","65"
"77063","A","131"
"77065","A","465"
"77067","A","257"
"77070","A","214"
"77073","A","241"
"77074","A","375"
"77090","A","435"
"77092","A","34"
"77093","A","495"
"77096","A","452"
"77101","A","84"
"77102","A","369"
"77106","A","413"
"77108","A","494"
"77113","A","128"
"77114","A","52"
"77115","A","421"
"77118","A","78"
"77119","A","50"
"77122","A","363"
"77123","A","46"
"77140","A","113"
"77146","A","407"
"77150","A","478"
"77154","A","307"
"77156","A","283"
"77169","A","478"
"77172","A","128"
"77173","A","458"
"77174","A","266"
"77177","A","245"
"77178","A","273"
"77179","A","416"
"77188","A","468"
"77195","A","73"
"77202","A","378"
"77208","A","284"
"77213","A","95"
"77221","A","413"
"77222","A","494"
"77225","A","306"
"77226","A","235"
"77228","A","254"
"77230","A","210"
"77232","A","374"
"77233","A","37"
"77234","A","251"
"77237","A","460"
"77243","A","236"
"77246","A","61"
"77248","A","230"
"77252","A","235"
"77254","A","360"
"77260","A","191"
"77262","A","498"
"77263","A","107"
"77267","A","259"
"77269","A","119"
"77270","A","209"
"77273","A","100"
"77274","A","322"
"77277","A","75"
"77280","A","222"
"77282","A","199"
"77283","A","422"
"77288","A","110"
"77297","A","224"
"77298","A","17"
"77300","A","458"
"77301","A","143"
"77303","A","138"
"77304","A","458"
"77305","A","54"
"77308","A","397"
"77314","A","277"
"77320","A","267"
"77321","A","21"
"77328","A","382"
"77329","A","435"
"77334","A","125"
"77341","A","193"
"77343","A","40"
"77351","A","40"
"77352","A","448"
"77357","A","169"
"77358","A","38"
"77366","A","387"
"77373","A","49"
"77374","A","399"
"77382","A","372"
"77387","A","440"
"77388","A","260"
"77389","A","294"
"77391","A","441"
"77394","A","246"
"77401","A","373"
"77402","A","335"
"77407","A","68"
"77416","A","478"
"77418","A","430"
"77419","A","342"
"77425","A","58"
"77426","A","416"
"77429","A","178"
"77431","A","205"
"77436","A","267"
"77439","A","93"
"77441","A","85"
"77444","A","145"
"77445","A","306"
"77447","A","349"
"77448","A","362"
"77455","A","77"
"77459","A","347"
"77463","A","379"
"77470","A","182"
"77471","A","370"
"77480","A","62"
"77483","A","468"
"77484","A","406"
"77488","A","282"
"77489","A","108"
"77490","A","433"
"77492","A","477"
"77498","A","224"
"77503","A","245"
"77505","A","429"
"77508","A","245"
"77522","A","239"
"77524","A","36"
"77527","A","308"
"77530","A","260"
"77531","A","470"
"77544","A","312"
"77545","A","162"
"77550","A","469"
"77553","A","451"
"77555","A","47"
"77557","A","345"
"77558","A","308"
"77563","A","41"
"77564","A","302"
"77567","A","63"
"77571","A","72"
"77572","A","297"
"77574","A","188"
"77575","A","147"
"77579","A","345"
"77583","A","13"
"77587","A","129"
"77589","A","438"
"77592","A","374"
"77598","A","112"
"77608","A","58"
"77612","A","433"
"77614","A","313"
"77618","A","430"
"77621","A","491"
"77625","A","79"
"77626","A","314"
"77631","A","377"
"77634","A","304"
"77635","A","157"
"77636","A","150"
"77638","A","460"
"77640","A","201"
"77641","A","310"
"77643","A","485"
"77647","A","242"
"77653","A","181"
"77654","A","403"
"77662","A","393"
"77665","A","56"
"77672","A","121"
"77674","A","25"
"77678","A","485"
"77682","A","493"
"77683","A","94"
"77696","A","88"
"77703","A","450"
"77707","A","246"
"77709","A","478"
"77713","A","335"
"77716","A","41"
"77720","A","458"
"77722","A","370"
"77727","A","478"
"77734","A","210"
"77736","A","487"
"77737","A","426"
"77741","A","373"
"77742","A","83"
"77744","A","324"
"77746","A","383"
"77767","A","324"
"77768","A","184"
"77775","A","338"
"77776","A","344"
"77786","A","156"
"77788","A","108"
"77791","A","51"
"77792","A","172"
"77799","A","351"
"77801","A","86"
"77805","A","365"
"77811","A","261"
"77812","A","61"
"77813","A","386"
"77816","A","374"
"77818","A","27"
"77819","A","131"
"77820","A","97"
"77832","A","40"
"77835","A","407"
"77836","A","411"
"77838","A","45"
"77844","A","321"
"77850","A","152"
"77851","A","58"
"77852","A","75"
"77854","A","381"
"77856","A","159"
"77857","A","406"
"77858","A","208"
"77859","A","138"
"77861","A","96"
"77862","A","444"
"77868","A","37"
"77871","A","259"
"77872","A","415"
"77876","A","13"
"77879","A","280"
"77884","A","332"
"77887","A","238"
"77888","A","214"
"77889","A","477"
"77891","A","192"
"77892","A","328"
"77896","A","345"
"77897","A","396"
"77910","A","209"
"77913","A","311"
"77925","A","48"
"77951","A","43"
"77954","A","212"
"77958","A","41"
"77960","A","194"
"77961","A","205"
"77971","A","370"
"77975","A","15"
"77984","A","118"
"77986","A","447"
"78002","A","344"
"78006","A","472"
"78010","A","341"
"78011","A","64"
"78015","A","460"
"78019","A","286"
"78021","A","371"
"78022","A","304"
"78023","A","219"
"78026","A","338"
"78029","A","122"
"78030","A","355"
"78031","A","283"
"78034","A","321"
"78037","A","403"
"78038","A","287"
"78041","A","188"
"78043","A","93"
"78044","A","104"
"78045","A","371"
"78046","A","482"
"78047","A","162"
"78048","A","31"
"78049","A","86"
"78050","A","450"
"78058","A","30"
"78060","A","76"
"78061","A","455"
"78063","A","216"
"78070","A","19"
"78076","A","178"
"78078","A","253"
"78080","A","468"
"78082","A","349"
"78088","A","253"
"78104","A","453"
"78106","A","136"
"78108","A","194"
"78110","A","444"
"78111","A","449"
"78115","A","202"
"78117","A","306"
"78121","A","53"
"78131","A","70"
"78132","A","16"
"78141","A","417"
"78146","A","54"
"78149","A","30"
"78151","A","57"
"78161","A","465"
"78167","A","260"
"78171","A","334"
"78174","A","359"
"78175","A","322"
"78179","A","499"
"78180","A","159"
"78186","A","12"
"78192","A","151"
"78193","A","136"
"78203","A","127"
"78205","A","188"
"78208","A","369"
"78210","A","50"
"78215","A","66"
"78220","A","360"
"78225","A","324"
"78230","A","483"
"78234","A","407"
"78235","A","128"
"78237","A","16"
"78242","A","109"
"78245","A","55"
"78248","A","238"
"78271","A","45"
"78282","A","402"
"78283","A","302"
"78284","A","114"
"78285","A","258"
"78288","A","109"
"78292","A","69"
"78294","A","424"
"78296","A","283"
"78302","A","47"
"78303","A","312"
"78314","A","286"
"78317","A","260"
"78318","A","213"
"78323","A","417"
"78327","A","44"
"78332","A","488"
"78334","A","473"
"78335","A","435"
"78338","A","374"
"78344","A","387"
"78349","A","340"
"78355","A","258"
"78360","A","341"
"78364","A","294"
"78365","A","316"
"78369","A","408"
"78371","A","157"
"78372","A","372"
"78373","A","64"
"78383","A","434"
"78387","A","243"
"78394","A","430"
"78395","A","373"
"78396","A","51"
"78397","A","237"
"78398","A","393"
"78400","A","199"
"78405","A","426"
"78406","A","485"
"78413","A","312"
"78415","A","190"
"78420","A","499"
"78422","A","134"
"78423","A","256"
"78435","A","53"
"78436","A","294"
"78438","A","457"
"78449","A","204"
"78452","A","12"
"78453","A","377"
"78457","A","17"
"78458","A","261"
"78459","A","425"
"78468","A","197"
"78471","A","118"
"78472","A","336"
"78475","A","99"
"78480","A","316"
"78481","A","66"
"78484","A","354"
"78488","A","93"
"78489","A","409"
"78497","A","270"
"78498","A","327"
"78502","A","183"
"78505","A","258"
"78509","A","412"
"78510","A","461"
"78515","A","306"
"78516","A","113"
"78521","A","40"
"78534","A","195"
"78535","A","89"
"78539","A","429"
"78542","A","440"
"78549","A","52"
"78550","A","122"
"78553","A","51"
"78559","A","457"
"78560","A","294"
"78563","A","391"
"78575","A","440"
"78579","A","161"
"78584","A","488"
"78589","A","290"
"78595","A","458"
"78596","A","392"
"78598","A","190"
"78605","A","402"
"78608","A","62"
"78610","A","39"
"78612","A","138"
"78626","A","168"
"78632","A","177"
"78633","A","496"
"78636","A","451"
"78638","A","20"
"78640","A","441"
"78641","A","75"
"78642","A","274"
"78647","A","221"
"78651","A","327"
"78652","A","119"
"78655","A","77"
"78659","A","208"
"78664","A","146"
"78665","A","127"
"78666","A","247"
"78668","A","236"
"78669","A","349"
"78671","A","439"
"78673","A","20"
"78674","A","151"
"78677","A","326"
"78682","A","359"
"78683","A","374"
"78687","A","410"
"78693","A","87"
"78698","A","464"
"78702","A","21"
"78713","A","329"
"78714","A","148"
"78720","A","115"
"78721","A","10"
"78727","A","156"
"78730","A","255"
"78732","A","91"
"78742","A","332"
"78745","A","270"
"78748","A","102"
"78760","A","454"
"78761","A","423"
"78766","A","276"
"78768","A","11"
"78771","A","368"
"78772","A","40"
"78773","A","142"
"78774","A","364"
"78777","A","60"
"78779","A","31"
"78786","A","112"
"78788","A","492"
"78789","A","439"
"78790","A","350"
"78792","A","298"
"78795","A","110"
"78796","A","68"
"78807","A","193"
"78819","A","395"
"78828","A","51"
"78830","A","78"
"78831","A","342"
"78835","A","480"
"78855","A","442"
"78856","A","359"
"78858","A","176"
"78859","A","270"
"78860","A","492"
"78862","A","136"
"78864","A","397"
"78866","A","189"
"78867","A","270"
"78871","A","244"
"78873","A","251"
"78883","A","107"
"78908","A","151"
"78914","A","229"
"78920","A","83"
"78924","A","373"
"78929","A","22"
"78931","A","93"
"78934","A","475"
"78939","A","302"
"78943","A","340"
"78946","A","280"
"78954","A","122"
"78958","A","89"
"78959","A","466"
"78963","A","162"
"78965","A","219"
"78966","A","459"
"78969","A","285"
"78972","A","296"
"78974","A","476"
"78978","A","245"
"78986","A","133"
"78987","A","370"
"78991","A","365"
"78993","A","481"
"78997","A","377"
"79002","A","302"
"79003","A","282"
"79005","A","292"
"79042","A","278"
"79043","A","490"
"79049","A","53"
"79051","A","161"
"79056","A","157"
"79060","A","456"
"79062","A","347"
"79067","A","296"
"79070","A","343"
"79073","A","377"
"79074","A","377"
"79077","A","111"
"79078","A","34"
"79081","A","387"
"79087","A","148"
"79094","A","157"
"79095","A","475"
"79096","A","293"
"79101","A","220"
"79102","A","476"
"79109","A","406"
"79110","A","167"
"79113","A","235"
"79118","A","50"
"79119","A","53"
"79121","A","128"
"79126","A","318"
"79129","A","427"
"79130","A","161"
"79131","A","281"
"79136","A","364"
"79144","A","464"
"79145","A","334"
"79149","A","318"
"79153","A","198"
"79157","A","75"
"79165","A","435"
"79168","A","437"
"79170","A","33"
"79172","A","323"
"79182","A","16"
"79183","A","277"
"79189","A","455"
"79195","A","205"
"79197","A","239"
"79207","A","309"
"79210","A","47"
"79213","A","29"
"79214","A","468"
"79217","A","81"
"79219","A","65"
"79220","A","486"
"79221","A","485"
"79222","A","338"
"79229","A","92"
"79230","A","495"
"79231","A","490"
"79233","A","53"
"79238","A","333"
"79240","A","316"
"79248","A","208"
"79253","A","58"
"79257","A","378"
"79261","A","210"
"79265","A","182"
"79266","A","252"
"79272","A","299"
"79273","A","74"
"79277","A","55"
"79278","A","490"
"79282","A","412"
"79284","A","493"
"79304","A","422"
"79305","A","266"
"79308","A","142"
"79311","A","176"
"79315","A","219"
"79317","A","264"
"79320","A","366"
"79322","A","43"
"79332","A","459"
"79333","A","68"
"79337","A","12"
"79338","A","460"
"79342","A","290"
"79348","A","476"
"79350","A","180"
"79351","A","393"
"79354","A","255"
"79357","A","228"
"79358","A","59"
"79363","A","159"
"79364","A","147"
"79367","A","20"
"79368","A","342"
"79370","A","450"
"79375","A","227"
"79380","A","494"
"79384","A","162"
"79385","A","167"
"79386","A","133"
"79389","A","441"
"79390","A","47"
"79392","A","153"
"79395","A","356"
"79397","A","461"
"79399","A","408"
"79404","A","243"
"79407","A","29"
"79419","A","237"
"79421","A","178"
"79426","A","215"
"79427","A","126"
"79433","A","271"
"79435","A","239"
"79436","A","46"
"79438","A","271"
"79457","A","124"
"79461","A","35"
"79462","A","49"
"79463","A","299"
"79467","A","406"
"79468","A","16"
"79471","A","363"
"79474","A","395"
"79478","A","419"
"79480","A","418"
"79484","A","47"
"79486","A","103"
"79490","A","81"
"79495","A","69"
"79518","A","329"
"79519","A","312"
"79533","A","379"
"79535","A","313"
"79546","A","465"
"79549","A","67"
"79551","A","212"
"79552","A","261"
"79554","A","69"
"79555","A","256"
"79559","A","178"
"79561","A","327"
"79564","A","241"
"79565","A","356"
"79568","A","443"
"79576","A","91"
"79587","A","313"
"79592","A","446"
"79601","A","126"
"79610","A","193"
"79616","A","97"
"79617","A","127"
"79620","A","357"
"79621","A","451"
"79622","A","147"
"79628","A","96"
"79634","A","214"
"79635","A","190"
"79636","A","249"
"79643","A","185"
"79644","A","433"
"79653","A","53"
"79655","A","480"
"79668","A","381"
"79669","A","429"
"79682","A","55"
"79688","A","83"
"79691","A","285"
"79696","A","154"
"79705","A","317"
"79711","A","164"
"79721","A","289"
"79723","A","252"
"79728","A","466"
"79729","A","80"
"79732","A","309"
"79737","A","304"
"79743","A","360"
"79749","A","401"
"79754","A","80"
"79756","A","103"
"79765","A","346"
"79766","A","232"
"79767","A","477"
"79774","A","401"
"79779","A","168"
"79786","A","185"
"79787","A","26"
"79788","A","101"
"79789","A","484"
"79791","A","91"
"79792","A","89"
"79794","A","234"
"79801","A","387"
"79807","A","140"
"79812","A","77"
"79815","A","244"
"79820","A","426"
"79821","A","377"
"79822","A","485"
"79824","A","227"
"79825","A","248"
"79827","A","485"
"79829","A","118"
"79830","A","121"
"79835","A","403"
"79839","A","202"
"79841","A","482"
"79844","A","81"
"79852","A","141"
"79855","A","360"
"79856","A","396"
"79857","A","96"
"79860","A","211"
"79863","A","50"
"79873","A","322"
"79875","A","153"
"79876","A","11"
"79884","A","405"
"79893","A","382"
"79896","A","94"
"79898","A","264"
"79900","A","213"
"79901","A","88"
"79907","A","475"
"79910","A","172"
"79916","A","417"
"79918","A","161"
"79925","A","345"
"79927","A","384"
"79937","A","389"
"79941","A","105"
"79942","A","83"
"79944","A","59"
"79947","A","347"
"79950","A","229"
"79954","A","94"
"79958","A","375"
"79964","A","392"
"79965","A","294"
"79968","A","120"
"79969","A","127"
"79974","A","313"
"79982","A","95"
"79985","A","301"
"79996","A","374"
"79997","A","173"
"80001","A","325"
"80002","A","429"
"80005","A","68"
"80015","A","305"
"80016","A","171"
"80026","A","261"
"80030","A","432"
"80032","A","446"
"80034","A","321"
"80039","A","251"
"80051","A","340"
"80053","A","212"
"80061","A","476"
"80062","A","290"
"80068","A","336"
"80069","A","153"
"80076","A","270"
"80080","A","299"
"80083","A","285"
"80084","A","95"
"80086","A","305"
"80088","A","177"
"80090","A","428"
"80093","A","278"
"80098","A","473"
"80117","A","51"
"80126","A","180"
"80128","A","471"
"80129","A","211"
"80130","A","413"
"80137","A","196"
"80148","A","451"
"80153","A","490"
"80155","A","134"
"80157","A","470"
"80159","A","24"
"80160","A","70"
"80161","A","43"
"80164","A","227"
"80169","A","278"
"80171","A","233"
"80172","A","40"
"80175","A","388"
"80181","A","26"
"80187","A","468"
"80188","A","219"
"80203","A","352"
"80206","A","123"
"80217","A","158"
"80218","A","236"
"80219","A","145"
"80221","A","175"
"80229","A","371"
"80232","A","181"
"80240","A","104"
"80241","A","201"
"80249","A","329"
"80252","A","237"
"80253","A","406"
"80254","A","178"
"80257","A","67"
"80258","A","436"
"80259","A","362"
"80268","A","86"
"80272","A","326"
"80273","A","206"
"80274","A","472"
"80276","A","450"
"80281","A","243"
"80286","A","383"
"80287","A","316"
"80290","A","430"
"80294","A","44"
"80298","A","42"
"80308","A","293"
"80321","A","66"
"80322","A","437"
"80323","A","237"
"80324","A","121"
"80327","A","213"
"80329","A","160"
"80336","A","61"
"80338","A","408"
"80344","A","401"
"80346","A","97"
"80352","A","428"
"80354","A","439"
"80358","A","437"
"80360","A","123"
"80362","A","478"
"80367","A","398"
"80370","A","328"
"80375","A","366"
"80379","A","145"
"80380","A","133"
"80391","A","42"
"80392","A","454"
"80395","A","24"
"80401","A","250"
"80409","A","119"
"80414","A","477"
"80420","A","481"
"80422","A","151"
"80423","A","337"
"80424","A","205"
"80425","A","58"
"80428","A","49"
"80432","A","379"
"80435","A","53"
"80436","A","381"
"80441","A","426"
"80449","A","313"
"80456","A","55"
"80459","A","167"
"80461","A","62"
"80464","A","76"
"80469","A","497"
"80470","A","226"
"80475","A","54"
"80480","A","35"
"80488","A","289"
"80490","A","276"
"80493","A","78"
"80499","A","161"
"80500","A","345"
"80502","A","58"
"80506","A","372"
"80510","A","333"
"80512","A","239"
"80518","A","143"
"80522","A","277"
"80524","A","364"
"80527","A","190"
"80532","A","223"
"80536","A","208"
"80537","A","37"
"80548","A","169"
"80549","A","374"
"80552","A","139"
"80556","A","351"
"80562","A","496"
"80563","A","299"
"80568","A","94"
"80574","A","455"
"80576","A","63"
"80577","A","384"
"80579","A","159"
"80580","A","88"
"80589","A","217"
"80594","A","277"
"80599","A","22"
"80601","A","456"
"80605","A","301"
"80607","A","262"
"80608","A","30"
"80617","A","166"
"80620","A","67"
"80627","A","300"
"80629","A","353"
"80630","A","39"
"80632","A","436"
"80634","A","415"
"80635","A","337"
"80645","A","230"
"80647","A","101"
"80651","A","495"
"80653","A","189"
"80656","A","26"
"80660","A","343"
"80663","A","77"
"80664","A","388"
"80668","A","164"
"80672","A","71"
"80674","A","301"
"80676","A","283"
"80677","A","215"
"80692","A","129"
"80694","A","415"
"80715","A","369"
"80716","A","470"
"80718","A","23"
"80720","A","212"
"80721","A","100"
"80733","A","407"
"80736","A","397"
"80737","A","149"
"80739","A","278"
"80745","A","164"
"80746","A","32"
"80748","A","416"
"80761","A","371"
"80763","A","54"
"80767","A","343"
"80770","A","20"
"80784","A","123"
"80785","A","362"
"80787","A","258"
"80790","A","27"
"80791","A","289"
"80795","A","44"
"80806","A","477"
"80813","A","220"
"80814","A","85"
"80817","A","269"
"80825","A","486"
"80832","A","40"
"80833","A","286"
"80835","A","184"
"80846","A","364"
"80848","A","11"
"80856","A","305"
"80858","A","108"
"80861","A","400"
"80863","A","293"
"80868","A","137"
"80876","A","498"
"80880","A","344"
"80884","A","396"
"80885","A","251"
"80895","A","211"
"80898","A","53"
"80901","A","355"
"80907","A","410"
"80908","A","227"
"80910","A","31"
"80914","A","264"
"80919","A","495"
"80921","A","457"
"80925","A","467"
"80932","A","203"
"80933","A","323"
"80935","A","496"
"80939","A","467"
"80942","A","467"
"80949","A","190"
"80951","A","318"
"80953","A","475"
"80954","A","87"
"80957","A","202"
"80962","A","299"
"80967","A","118"
"80969","A","311"
"80973","A","281"
"80974","A","297"
"80977","A","440"
"80981","A","149"
"80982","A","99"
"80984","A","18"
"80987","A","287"
"80990","A","65"
"80997","A","42"
"80998","A","463"
"81000","A","83"
"81005","A","395"
"81009","A","315"
"81010","A","29"
"81011","A","332"
"81012","A","255"
"81014","A","300"
"81017","A","294"
"81025","A","107"
"81030","A","269"
"81042","A","20"
"81044","A","335"
"81048","A","472"
"81049","A","254"
"81051","A","344"
"81059","A","63"
"81063","A","155"
"81070","A","103"
"81076","A","55"
"81080","A","360"
"81085","A","254"
"81086","A","415"
"81089","A","13"
"81092","A","191"
"81094","A","330"
"81097","A","115"
"81100","A","261"
"81112","A","38"
"81113","A","72"
"81124","A","404"
"81131","A","44"
"81138","A","217"
"81141","A","402"
"81142","A","279"
"81155","A","363"
"81156","A","57"
"81161","A","391"
"81164","A","408"
"81165","A","113"
"81173","A","173"
"81200","A","347"
"81201","A","72"
"81203","A","461"
"81205","A","174"
"81208","A","291"
"81210","A","433"
"81212","A","378"
"81213","A","241"
"81216","A","386"
"81218","A","478"
"81223","A","269"
"81227","A","281"
"81230","A","320"
"81233","A","203"
"81234","A","47"
"81240","A","448"
"81242","A","138"
"81244","A","202"
"81251","A","198"
"81252","A","22"
"81264","A","347"
"81270","A","82"
"81272","A","208"
"81276","A","296"
"81278","A","418"
"81279","A","240"
"81280","A","110"
"81283","A","350"
"81284","A","353"
"81285","A","210"
"81295","A","35"
"81301","A","364"
"81304","A","262"
"81312","A","210"
"81324","A","209"
"81334","A","170"
"81342","A","144"
"81345","A","203"
"81353","A","141"
"81355","A","382"
"81364","A","108"
"81368","A","402"
"81370","A","392"
"81372","A","160"
"81379","A","159"
"81381","A","68"
"81386","A","79"
"81389","A","121"
"81394","A","23"
"81401","A","278"
"81404","A","443"
"81407","A","21"
"81409","A","113"
"81414","A","112"
"81424","A","333"
"81425","A","312"
"81434","A","161"
"81436","A","247"
"81442","A","468"
"81450","A","82"
"81452","A","213"
"81457","A","314"
"81459","A","468"
"81461","A","215"
"81464","A","173"
"81465","A","399"
"81473","A","435"
"81474","A","441"
"81475","A","65"
"81478","A","369"
"81481","A","230"
"81485","A","79"
"81488","A","449"
"81494","A","325"
"81500","A","415"
"81506","A","70"
"81509","A","133"
"81511","A","123"
"81520","A","349"
"81521","A","454"
"81528","A","172"
"81529","A","122"
"81533","A","159"
"81536","A","230"
"81537","A","119"
"81545","A","280"
"81550","A","103"
"81554","A","30"
"81557","A","35"
"81559","A","186"
"81562","A","490"
"81563","A","493"
"81564","A","332"
"81569","A","369"
"81571","A","97"
"81572","A","129"
"81573","A","116"
"81577","A","107"
"81580","A","131"
"81584","A","234"
"81590","A","107"
"81591","A","280"
"81593","A","202"
"81597","A","427"
"81599","A","302"
"81602","A","54"
"81611","A","106"
"81613","A","360"
"81616","A","107"
"81620","A","325"
"81622","A","295"
"81632","A","400"
"81637","A","268"
"81646","A","403"
"81658","A","179"
"81665","A","121"
"81667","A","81"
"81670","A","274"
"81672","A","316"
"81673","A","262"
"81676","A","81"
"81677","A","170"
"81684","A","104"
"81695","A","312"
"81696","A","418"
"81699","A","412"
"81704","A","75"
"81705","A","272"
"81706","A","285"
"81709","A","84"
"81710","A","253"
"81712","A","110"
"81713","A","372"
"81718","A","194"
"81725","A","108"
"81727","A","182"
"81729","A","327"
"81730","A","357"
"81739","A","469"
"81747","A","245"
"81754","A","283"
"81763","A","385"
"81767","A","237"
"81768","A","400"
"81774","A","410"
"81776","A","149"
"81778","A","83"
"81785","A","175"
"81794","A","297"
"81795","A","65"
"81799","A","118"
"81803","A","416"
"81812","A","439"
"81814","A","237"
"81816","A","422"
"81819","A","255"
"81825","A","97"
"81829","A","132"
"81834","A","228"
"81845","A","175"
"81846","A","358"
"81848","A","231"
"81849","A","32"
"81855","A","91"
"81865","A","102"
"81866","A","385"
"81868","A","486"
"81876","A","121"
"81884","A","299"
"81887","A","239"
"81888","A","430"
"81897","A","73"
"81901","A","411"
"81911","A","393"
"81915","A","41"
"81930","A","383"
"81932","A","488"
"81933","A","320"
"81941","A","78"
"81943","A","287"
"81945","A","312"
"81946","A","348"
"81949","A","137"
"81951","A","464"
"81953","A","326"
"81954","A","142"
"81956","A","407"
"81958","A","57"
"81959","A","280"
"81961","A","390"
"81962","A","259"
"81963","A","170"
"81964","A","109"
"81971","A","63"
"81973","A","22"
"81975","A","448"
"81976","A","110"
"81982","A","319"
"81986","A","373"
"81987","A","265"
"81990","A","146"
"81993","A","458"
"82003","A","427"
"82006","A","55"
"82007","A","329"
"82009","A","211"
"82013","A","19"
"82018","A","323"
"82020","A","428"
"82024","A","194"
"82026","A","413"
"82027","A","45"
"82037","A","59"
"82038","A","349"
"82046","A","379"
"82052","A","382"
"82053","A","261"
"82054","A","448"
"82057","A","229"
"82063","A","16"
"82065","A","307"
"82066","A","419"
"82067","A","149"
"82075","A","461"
"82076","A","34"
"82081","A","453"
"82090","A","401"
"82095","A","297"
"82098","A","479"
"82102","A","377"
"82104","A","265"
"82106","A","318"
"82107","A","122"
"82111","A","294"
"82122","A","217"
"82129","A","251"
"82130","A","427"
"82131","A","246"
"82136","A","193"
"82140","A","429"
"82143","A","470"
"82144","A","240"
"82153","A","65"
"82154","A","211"
"82157","A","248"
"82158","A","105"
"82168","A","114"
"82171","A","202"
"82182","A","449"
"82192","A","372"
"82195","A","40"
"82196","A","389"
"82197","A","322"
"82203","A","98"
"82204","A","477"
"82205","A","349"
"82230","A","197"
"82231","A","173"
"82233","A","98"
"82235","A","298"
"82237","A","220"
"82240","A","378"
"82243","A","360"
"82251","A","360"
"82253","A","464"
"82255","A","90"
"82260","A","366"
"82261","A","89"
"82265","A","447"
"82267","A","59"
"82273","A","75"
"82276","A","63"
"82288","A","429"
"82296","A","208"
"82299","A","176"
"82301","A","388"
"82304","A","349"
"82306","A","157"
"82307","A","37"
"82308","A","335"
"82310","A","466"
"82315","A","48"
"82317","A","159"
"82321","A","27"
"82328","A","209"
"82329","A","456"
"82330","A","442"
"82334","A","337"
"82343","A","157"
"82349","A","268"
"82355","A","36"
"82358","A","481"
"82364","A","66"
"82376","A","492"
"82377","A","85"
"82381","A","39"
"82384","A","195"
"82392","A","318"
"82402","A","338"
"82404","A","279"
"82406","A","31"
"82407","A","402"
"82413","A","235"
"82426","A","101"
"82430","A","121"
"82433","A","158"
"82434","A","230"
"82437","A","439"
"82438","A","441"
"82441","A","295"
"82445","A","33"
"82450","A","324"
"82452","A","391"
"82454","A","325"
"82455","A","47"
"82459","A","493"
"82460","A","20"
"82464","A","434"
"82466","A","140"
"82470","A","149"
"82471","A","461"
"82481","A","436"
"82487","A","166"
"82490","A","131"
"82496","A","136"
"82497","A","293"
"82504","A","34"
"82505","A","172"
"82506","A","295"
"82511","A","240"
"82525","A","271"
"82526","A","173"
"82527","A","396"
"82534","A","450"
"82540","A","463"
"82551","A","155"
"82554","A","372"
"82557","A","71"
"82566","A","112"
"82567","A","311"
"82570","A","92"
"82573","A","373"
"82574","A","344"
"82575","A","82"
"82579","A","268"
"82581","A","343"
"82584","A","149"
"82586","A","316"
"82589","A","154"
"82591","A","294"
"82594","A","71"
"82595","A","137"
"82602","A","467"
"82606","A","253"
"82607","A","224"
"82608","A","214"
"82620","A","122"
"82621","A","470"
"82624","A","12"
"82626","A","388"
"82627","A","263"
"82630","A","167"
"82631","A","308"
"82633","A","26"
"82648","A","133"
"82649","A","396"
"82650","A","230"
"82652","A","272"
"82657","A","474"
"82661","A","474"
"82662","A","282"
"82668","A","185"
"82675","A","238"
"82679","A","334"
"82680","A","254"
"82681","A","48"
"82682","A","422"
"82683","A","343"
"82688","A","448"
"82689","A","216"
"82691","A","499"
"82692","A","261"
"82693","A","203"
"82694","A","13"
"82695","A","29"
"82698","A","219"
"82699","A","243"
"82700","A","207"
"82704","A","95"
"82708","A","219"
"82712","A","398"
"82719","A","360"
"82721","A","310"
"82724","A","251"
"82728","A","499"
"82729","A","395"
"82731","A","153"
"82735","A","309"
"82738","A","336"
"82741","A","476"
"82753","A","385"
"82765","A","473"
"82769","A","311"
"82772","A","448"
"82774","A","83"
"82779","A","482"
"82780","A","209"
"82783","A","144"
"82789","A","274"
"82809","A","366"
"82811","A","390"
"82819","A","331"
"82823","A","330"
"82826","A","345"
"82830","A","475"
"82831","A","23"
"82835","A","228"
"82838","A","131"
"82846","A","486"
"82847","A","143"
"82848","A","317"
"82852","A","71"
"82856","A","124"
"82861","A","478"
"82862","A","291"
"82863","A","83"
"82867","A","263"
"82873","A","25"
"82877","A","187"
"82881","A","361"
"82884","A","47"
"82889","A","420"
"82893","A","240"
"82896","A","435"
"82898","A","351"
"82900","A","425"
"82906","A","213"
"82907","A","464"
"82914","A","200"
"82915","A","148"
"82917","A","155"
"82922","A","415"
"82923","A","415"
"82927","A","34"
"82934","A","286"
"82940","A","242"
"82941","A","113"
"82942","A","412"
"82943","A","29"
"82945","A","289"
"82948","A","347"
"82949","A","369"
"82958","A","242"
"82963","A","454"
"82964","A","495"
"82970","A","222"
"82971","A","245"
"82972","A","370"
"82981","A","313"
"82987","A","140"
"82992","A","239"
"83000","A","143"
"83002","A","360"
"83008","A","137"
"83009","A","324"
"83010","A","49"
"83014","A","347"
"83021","A","484"
"83027","A","78"
"83029","A","180"
"83033","A","471"
"83035","A","396"
"83041","A","258"
"83043","A","215"
"83046","A","158"
"83047","A","190"
"83048","A","206"
"83049","A","66"
"83050","A","413"
"83052","A","287"
"83053","A","59"
"83057","A","405"
"83059","A","294"
"83068","A","376"
"83069","A","194"
"83076","A","408"
"83081","A","36"
"83082","A","89"
"83083","A","72"
"83085","A","169"
"83088","A","417"
"83094","A","84"
"83095","A","487"
"83100","A","380"
"83114","A","463"
"83118","A","169"
"83120","A","431"
"83122","A","471"
"83127","A","104"
"83128","A","393"
"83129","A","399"
"83134","A","356"
"83137","A","138"
"83138","A","38"
"83141","A","226"
"83142","A","463"
"83143","A","297"
"83148","A","153"
"83153","A","161"
"83154","A","37"
"83168","A","58"
"83169","A","401"
"83176","A","86"
"83181","A","155"
"83182","A","203"
"83186","A","216"
"83192","A","149"
"83197","A","407"
"83203","A","255"
"83204","A","382"
"83208","A","498"
"83209","A","345"
"83212","A","169"
"83215","A","124"
"83216","A","248"
"83217","A","469"
"83219","A","106"
"83221","A","453"
"83225","A","100"
"83228","A","157"
"83231","A","219"
"83232","A","284"
"83234","A","148"
"83235","A","61"
"83237","A","317"
"83243","A","282"
"83247","A","340"
"83248","A","179"
"83252","A","369"
"83256","A","236"
"83261","A","77"
"83269","A","286"
"83277","A","72"
"83284","A","367"
"83285","A","300"
"83288","A","125"
"83293","A","447"
"83295","A","45"
"83298","A","244"
"83300","A","227"
"83303","A","490"
"83308","A","53"
"83312","A","370"
"83315","A","265"
"83317","A","12"
"83327","A","52"
"83329","A","203"
"83331","A","87"
"83332","A","239"
"83338","A","167"
"83342","A","443"
"83346","A","131"
"83348","A","353"
"83349","A","411"
"83351","A","496"
"83354","A","19"
"83355","A","118"
"83359","A","389"
"83360","A","150"
"83361","A","23"
"83362","A","119"
"83364","A","376"
"83365","A","233"
"83369","A","60"
"83371","A","68"
"83376","A","150"
"83380","A","167"
"83383","A","419"
"83387","A","372"
"83399","A","235"
"83403","A","401"
"83406","A","439"
"83411","A","280"
"83415","A","462"
"83417","A","456"
"83420","A","451"
"83421","A","176"
"83425","A","255"
"83432","A","345"
"83433","A","34"
"83434","A","360"
"83436","A","356"
"83438","A","495"
"83440","A","177"
"83447","A","148"
"83452","A","477"
"83455","A","43"
"83456","A","37"
"83457","A","197"
"83459","A","63"
"83460","A","36"
"83463","A","145"
"83471","A","419"
"83472","A","59"
"83478","A","205"
"83480","A","117"
"83483","A","87"
"83486","A","337"
"83489","A","491"
"83490","A","464"
"83491","A","334"
"83498","A","220"
"83499","A","498"
"83501","A","264"
"83503","A","385"
"83510","A","405"
"83517","A","210"
"83518","A","139"
"83525","A","463"
"83526","A","256"
"83540","A","481"
"83541","A","323"
"83542","A","219"
"83543","A","26"
"83545","A","450"
"83546","A","344"
"83557","A","172"
"83569","A","442"
"83578","A","270"
"83580","A","494"
"83585","A","218"
"83591","A","167"
"83600","A","126"
"83609","A","145"
"83613","A","284"
"83617","A","319"
"83626","A","382"
"83628","A","357"
"83631","A","28"
"83632","A","260"
"83635","A","301"
"83640","A","115"
"83643","A","198"
"83649","A","29"
"83651","A","344"
"83654","A","213"
"83659","A","67"
"83662","A","432"
"83663","A","460"
"83673","A","459"
"83674","A","290"
"83689","A","122"
"83693","A","234"
"83697","A","488"
"83699","A","58"
"83706","A","241"
"83709","A","265"
"83711","A","366"
"83719","A","72"
"83721","A","379"
"83723","A","190"
"83726","A","264"
"83731","A","348"
"83732","A","350"
"83734","A","115"
"83746","A","451"
"83750","A","382"
"83754","A","496"
"83761","A","54"
"83767","A","102"
"83773","A","244"
"83776","A","251"
"83782","A","419"
"83788","A","324"
"83789","A","414"
"83791","A","244"
"83797","A","76"
"83798","A","463"
"83801","A","392"
"83802","A","239"
"83803","A","247"
"83806","A","171"
"83808","A","436"
"83812","A","173"
"83815","A","217"
"83816","A","211"
"83824","A","128"
"83825","A","148"
"83832","A","61"
"83833","A","118"
"83839","A","317"
"83845","A","318"
"83846","A","13"
"83847","A","171"
"83853","A","94"
"83854","A","199"
"83858","A","403"
"83859","A","194"
"83862","A","71"
"83874","A","473"
"83881","A","141"
"83882","A","325"
"83883","A","303"
"83887","A","322"
"83890","A","83"
"83899","A","325"
"83900","A","28"
"83906","A","13"
"83907","A","28"
"83908","A","263"
"83909","A","481"
"83911","A","329"
"83913","A","269"
"83915","A","293"
"83919","A","370"
"83930","A","247"
"83934","A","327"
"83936","A","199"
"83952","A","422"
"83956","A","12"
"83957","A","128"
"83959","A","181"
"83968","A","175"
"83973","A","370"
"83975","A","257"
"83976","A","257"
"83977","A","174"
"83978","A","94"
"83979","A","478"
"83982","A","365"
"83991","A","428"
"83998","A","185"
"84008","A","295"
"84010","A","185"
"84011","A","493"
"84015","A","88"
"84018","A","172"
"84019","A","194"
"84020","A","379"
"84024","A","349"
"84028","A","199"
"84033","A","488"
"84035","A","196"
"84041","A","277"
"84043","A","480"
"84045","A","34"
"84048","A","241"
"84054","A","129"
"84055","A","354"
"84061","A","418"
"84066","A","398"
"84078","A","483"
"84091","A","103"
"84097","A","137"
"84107","A","379"
"84113","A","68"
"84125","A","429"
"84126","A","37"
"84127","A","345"
"84128","A","213"
"84133","A","282"
"84136","A","65"
"84141","A","494"
"84143","A","164"
"84149","A","81"
"84152","A","330"
"84160","A","325"
"84164","A","235"
"84176","A","32"
"84184","A","354"
"84188","A","377"
"84194","A","222"
"84197","A","397"
"84204","A","261"
"84205","A","438"
"84210","A","364"
"84216","A","304"
"84218","A","334"
"84232","A","143"
"84233","A","114"
"84241","A","444"
"84244","A","166"
"84245","A","49"
"84246","A","433"
"84251","A","461"
"84252","A","52"
"84255","A","437"
"84256","A","291"
"84259","A","256"
"84265","A","133"
"84268","A","41"
"84279","A","453"
"84282","A","173"
"84286","A","388"
"84291","A","247"
"84294","A","69"
"84295","A","80"
"84298","A","89"
"84304","A","493"
"84308","A","166"
"84314","A","320"
"84317","A","370"
"84322","A","112"
"84324","A","130"
"84325","A","194"
"84334","A","48"
"84336","A","321"
"84337","A","137"
"84338","A","84"
"84342","A","348"
"84344","A","269"
"84346","A","363"
"84347","A","212"
"84354","A","366"
"84357","A","429"
"84361","A","41"
"84362","A","246"
"84367","A","480"
"84371","A","239"
"84374","A","199"
"84379","A","430"
"84387","A","265"
"84389","A","451"
"84391","A","272"
"84395","A","390"
"84398","A","490"
"84423","A","467"
"84424","A","220"
"84429","A","27"
"84432","A","334"
"84437","A","110"
"84438","A","64"
"84440","A","176"
"84441","A","230"
"84448","A","311"
"84451","A","234"
"84453","A","488"
"84460","A","444"
"84465","A","463"
"84477","A","251"
"84479","A","165"
"84481","A","181"
"84482","A","359"
"84490","A","352"
"84494","A","458"
"84496","A","261"
"84499","A","274"
"84511","A","128"
"84515","A","63"
"84516","A","222"
"84521","A","357"
"84523","A","300"
"84524","A","176"
"84527","A","459"
"84535","A","32"
"84540","A","95"
"84542","A","63"
"84543","A","46"
"84544","A","488"
"84546","A","79"
"84547","A","461"
"84548","A","189"
"84555","A","227"
"84559","A","239"
"84563","A","27"
"84565","A","74"
"84575","A","324"
"84580","A","94"
"84582","A","172"
"84585","A","384"
"84586","A","329"
"84594","A","442"
"84596","A","399"
"84598","A","34"
"84603","A","188"
"84605","A","268"
"84606","A","496"
"84611","A","395"
"84619","A","494"
"84620","A","144"
"84621","A","416"
"84624","A","225"
"84627","A","141"
"84628","A","248"
"84636","A","485"
"84649","A","173"
"84658","A","315"
"84671","A","10"
"84674","A","459"
"84676","A","144"
"84677","A","418"
"84678","A","204"
"84679","A","81"
"84680","A","451"
"84681","A","69"
"84689","A","419"
"84691","A","142"
"84695","A","111"
"84703","A","78"
"84711","A","261"
"84715","A","330"
"84716","A","382"
"84718","A","132"
"84720","A","69"
"84722","A","151"
"84723","A","82"
"84733","A","319"
"84734","A","302"
"84735","A","77"
"84738","A","20"
"84743","A","295"
"84750","A","81"
"84754","A","92"
"84756","A","378"
"84774","A","158"
"84775","A","172"
"84780","A","223"
"84781","A","171"
"84785","A","247"
"84787","A","349"
"84789","A","424"
"84790","A","462"
"84803","A","290"
"84804","A","193"
"84805","A","477"
"84809","A","247"
"84812","A","117"
"84815","A","357"
"84816","A","498"
"84817","A","159"
"84818","A","496"
"84819","A","372"
"84822","A","282"
"84824","A","309"
"84828","A","486"
"84830","A","375"
"84831","A","140"
"84836","A","354"
"84837","A","91"
"84838","A","90"
"84840","A","140"
"84841","A","430"
"84856","A","209"
"84857","A","38"
"84862","A","142"
"84864","A","442"
"84865","A","302"
"84870","A","299"
"84872","A","366"
"84880","A","45"
"84882","A","342"
"84885","A","122"
"84891","A","452"
"84893","A","293"
"84898","A","347"
"84905","A","85"
"84910","A","217"
"84911","A","477"
"84912","A","460"
"84913","A","380"
"84917","A","330"
"84922","A","201"
"84928","A","56"
"84933","A","257"
"84936","A","425"
"84937","A","89"
"84940","A","326"
"84944","A","93"
"84951","A","303"
"84954","A","162"
"84958","A","351"
"84959","A","301"
"84963","A","287"
"84978","A","339"
"84979","A","415"
"84980","A","20"
"84981","A","78"
"84985","A","53"
"84988","A","192"
"84990","A","34"
"84996","A","318"
"85000","A","417"
"85006","A","279"
"85007","A","176"
"85008","A","461"
"85012","A","476"
"85023","A","229"
"85027","A","467"
"85029","A","203"
"85033","A","461"
"85035","A","128"
"85050","A","403"
"85051","A","274"
"85055","A","324"
"85056","A","281"
"85064","A","216"
"85067","A","40"
"85070","A","157"
"85071","A","149"
"85075","A","389"
"85076","A","294"
"85086","A","322"
"85088","A","417"
"85094","A","347"
"85095","A","195"
"85096","A","294"
"85101","A","290"
"85106","A","113"
"85110","A","116"
"85112","A","358"
"85123","A","213"
"85127","A","422"
"85128","A","453"
"85133","A","198"
"85135","A","279"
"85143","A","221"
"85151","A","73"
"85152","A","48"
"85157","A","450"
"85165","A","173"
"85166","A","70"
"85169","A","291"
"85175","A","476"
"85176","A","266"
"85177","A","455"
"85180","A","266"
"85183","A","331"
"85184","A","351"
"85188","A","409"
"85191","A","459"
"85195","A","481"
"85199","A","312"
"85203","A","298"
"85204","A","215"
"85205","A","188"
"85214","A","172"
"85220","A","59"
"85224","A","162"
"85235","A","281"
"85237","A","161"
"85241","A","243"
"85252","A","445"
"85259","A","41"
"85260","A","56"
"85262","A","32"
"85271","A","477"
"85277","A","329"
"85278","A","186"
"85284","A","80"
"85285","A","327"
"85286","A","109"
"85289","A","330"
"85290","A","148"
"85291","A","475"
"85298","A","357"
"85302","A","395"
"85303","A","120"
"85307","A","408"
"85314","A","493"
"85315","A","461"
"85317","A","282"
"85318","A","445"
"85324","A","264"
"85325","A","461"
"85329","A","56"
"85330","A","385"
"85332","A","192"
"85335","A","357"
"85336","A","264"
"85339","A","302"
"85340","A","139"
"85342","A","407"
"85347","A","429"
"85352","A","64"
"85354","A","173"
"85367","A","351"
"85368","A","401"
"85372","A","437"
"85374","A","171"
"85375","A","16"
"85381","A","306"
"85384","A","116"
"85391","A","295"
"85392","A","33"
"85394","A","185"
"85399","A","166"
"85402","A","243"
"85403","A","114"
"85405","A","170"
"85407","A","371"
"85414","A","346"
"85415","A","281"
"85422","A","331"
"85433","A","187"
"85441","A","274"
"85447","A","186"
"85450","A","121"
"85451","A","341"
"85452","A","395"
"85453","A","40"
"85460","A","382"
"85461","A","313"
"85463","A","381"
"85467","A","371"
"85471","A","156"
"85478","A","410"
"85479","A","224"
"85492","A","64"
"85498","A","221"
"85499","A","443"
"85500","A","269"
"85502","A","499"
"85506","A","272"
"85509","A","426"
"85512","A","119"
"85519","A","227"
"85523","A","345"
"85524","A","189"
"85526","A","326"
"85530","A","338"
"85539","A","190"
"85541","A","133"
"85544","A","112"
"85546","A","378"
"85556","A","363"
"85557","A","297"
"85564","A","314"
"85565","A","276"
"85569","A","438"
"85571","A","276"
"85575","A","366"
"85577","A","348"
"85578","A","292"
"85584","A","11"
"85587","A","147"
"85597","A","81"
"85598","A","74"
"85599","A","40"
"85608","A","56"
"85609","A","124"
"85611","A","436"
"85612","A","21"
"85614","A","270"
"85619","A","346"
"85623","A","372"
"85626","A","244"
"85629","A","47"
"85631","A","342"
"85642","A","84"
"85663","A","71"
"85666","A","450"
"85674","A","315"
"85675","A","324"
"85679","A","174"
"85687","A","309"
"85688","A","339"
"85691","A","354"
"85698","A","73"
"85702","A","318"
"85712","A","139"
"85716","A","223"
"85725","A","189"
"85729","A","105"
"85734","A","77"
"85737","A","430"
"85751","A","217"
"85754","A","156"
"85757","A","163"
"85758","A","241"
"85759","A","414"
"85770","A","188"
"85778","A","440"
"85780","A","70"
"85787","A","133"
"85793","A","192"
"85797","A","341"
"85800","A","115"
"85804","A","117"
"85808","A","63"
"85809","A","92"
"85811","A","326"
"85813","A","481"
"85815","A","333"
"85816","A","166"
"85817","A","235"
"85819","A","129"
"85827","A","168"
"85828","A","222"
"85834","A","289"
"85846","A","130"
"85856","A","474"
"85859","A","358"
"85868","A","469"
"85869","A","227"
"85872","A","230"
"85874","A","233"
"85884","A","151"
"85891","A","490"
"85892","A","302"
"85897","A","61"
"85905","A","259"
"85908","A","388"
"85910","A","111"
"85915","A","364"
"85919","A","106"
"85921","A","103"
"85925","A","335"
"85926","A","243"
"85931","A","342"
"85939","A","451"
"85940","A","436"
"85942","A","149"
"85947","A","315"
"85949","A","355"
"85951","A","442"
"85953","A","386"
"85959","A","195"
"85963","A","139"
"85974","A","460"
"85981","A","66"
"85984","A","107"
"85990","A","51"
"85991","A","428"
"85994","A","145"
"85997","A","428"
"85999","A","231"
"86013","A","13"
"86015","A","390"
"86020","A","284"
"86030","A","63"
"86034","A","14"
"86035","A","48"
"86038","A","209"
"86043","A","157"
"86056","A","447"
"86063","A","93"
"86064","A","489"
"86065","A","46"
"86068","A","167"
"86069","A","441"
"86070","A","414"
"86077","A","56"
"86079","A","100"
"86087","A","210"
"86092","A","311"
"86095","A","202"
"86097","A","457"
"86098","A","377"
"86106","A","66"
"86108","A","19"
"86110","A","133"
"86119","A","39"
"86125","A","377"
"86128","A","107"
"86129","A","197"
"86135","A","57"
"86140","A","241"
"86142","A","374"
"86144","A","367"
"86146","A","26"
"86150","A","91"
"86153","A","483"
"86160","A","443"
"86168","A","382"
"86178","A","204"
"86179","A","40"
"86182","A","87"
"86185","A","314"
"86186","A","162"
"86187","A","74"
"86191","A","225"
"86196","A","100"
"86201","A","340"
"86203","A","320"
"86205","A","213"
"86207","A","146"
"86208","A","52"
"86210","A","314"
"86211","A","304"
"86213","A","22"
"86216","A","394"
"86220","A","19"
"86221","A","203"
"86226","A","312"
"86227","A","18"
"86229","A","292"
"86230","A","133"
"86231","A","316"
"86237","A","175"
"86238","A","443"
"86242","A","350"
"86243","A","427"
"86254","A","210"
"86276","A","255"
"86279","A","283"
"86284","A","310"
"86294","A","124"
"86295","A","376"
"86298","A","392"
"86300","A","425"
"86302","A","137"
"86306","A","499"
"86309","A","449"
"86313","A","412"
"86318","A","255"
"86328","A","359"
"86331","A","298"
"86332","A","232"
"86338","A","330"
"86345","A","134"
"86349","A","30"
"86352","A","159"
"86354","A","470"
"86355","A","236"
"86356","A","212"
"86365","A","32"
"86367","A","95"
"86368","A","280"
"86369","A","311"
"86374","A","487"
"86375","A","57"
"86376","A","310"
"86380","A","400"
"86382","A","246"
"86383","A","56"
"86386","A","315"
"86387","A","388"
"86393","A","103"
"86395","A","249"
"86398","A","339"
"86403","A","468"
"86406","A","350"
"86407","A","324"
"86412","A","260"
"86414","A","37"
"86415","A","308"
"86419","A","194"
"86421","A","23"
"86427","A","184"
"86439","A","379"
"86445","A","142"
"86449","A","41"
"86452","A","288"
"86455","A","197"
"86457","A","184"
"86464","A","476"
"86469","A","336"
"86472","A","240"
"86473","A","280"
"86474","A","274"
"86477","A","404"
"86482","A","311"
"86483","A","348"
"86484","A","241"
"86486","A","479"
"86487","A","227"
"86491","A","272"
"86493","A","498"
"86494","A","331"
"86496","A","100"
"86499","A","87"
"86504","A","418"
"86505","A","216"
"86507","A","61"
"86508","A","457"
"86513","A","231"
"86515","A","326"
"86516","A","403"
"86521","A","473"
"86524","A","260"
"86529","A","304"
"86531","A","22"
"86533","A","51"
"86535","A","68"
"86536","A","451"
"86540","A","199"
"86541","A","322"
"86545","A","364"
"86546","A","304"
"86556","A","140"
"86562","A","117"
"86563","A","433"
"86564","A","338"
"86568","A","442"
"86576","A","31"
"86580","A","38"
"86581","A","49"
"86587","A","356"
"86588","A","149"
"86589","A","119"
"86592","A","306"
"86607","A","431"
"86623","A","267"
"86625","A","365"
"86639","A","417"
"86640","A","118"
"86645","A","255"
"86647","A","455"
"86650","A","409"
"86658","A","454"
"86661","A","84"
"86664","A","420"
"86665","A","40"
"86668","A","88"
"86670","A","22"
"86671","A","193"
"86681","A","134"
"86682","A","66"
"86690","A","248"
"86696","A","396"
"86703","A","360"
"86712","A","457"
"86723","A","238"
"86725","A","167"
"86727","A","46"
"86734","A","103"
"86735","A","87"
"86749","A","411"
"86751","A","56"
"86752","A","450"
"86753","A","415"
"86754","A","54"
"86768","A","213"
"86775","A","243"
"86777","A","181"
"86783","A","157"
"86792","A","266"
"86793","A","101"
"86796","A","378"
"86797","A","99"
"86799","A","133"
"86800","A","68"
"86801","A","486"
"86803","A","482"
"86804","A","234"
"86810","A","23"
"86814","A","27"
"86817","A","13"
"86820","A","63"
"86821","A","226"
"86823","A","406"
"86832","A","466"
"86837","A","31"
"86843","A","110"
"86844","A","166"
"86846","A","24"
"86855","A","357"
"86857","A","258"
"86858","A","222"
"86870","A","121"
"86871","A","254"
"86873","A","227"
"86877","A","422"
"86878","A","487"
"86883","A","296"
"86885","A","404"
"86886","A","433"
"86887","A","304"
"86888","A","481"
"86891","A","421"
"86899","A","403"
"86901","A","111"
"86909","A","237"
"86911","A","40"
"86912","A","122"
"86919","A","30"
"86921","A","169"
"86922","A","312"
"86924","A","358"
"86926","A","115"
"86927","A","486"
"86930","A","154"
"86931","A","160"
"86938","A","22"
"86941","A","83"
"86946","A","285"
"86947","A","384"
"86963","A","399"
"86965","A","194"
"86982","A","230"
"86988","A","366"
"86989","A","22"
"86994","A","280"
"86999","A","280"
"87003","A","191"
"87011","A","456"
"87013","A","172"
"87022","A","451"
"87023","A","82"
"87025","A","205"
"87034","A","115"
"87035","A","342"
"87036","A","233"
"87049","A","472"
"87051","A","367"
"87055","A","295"
"87057","A","170"
"87065","A","378"
"87069","A","82"
"87077","A","83"
"87086","A","227"
"87089","A","196"
"87093","A","288"
"87097","A","339"
"87098","A","128"
"87100","A","489"
"87105","A","347"
"87109","A","260"
"87112","A","490"
"87115","A","48"
"87122","A","134"
"87123","A","132"
"87128","A","408"
"87129","A","290"
"87132","A","181"
"87134","A","499"
"87137","A","338"
"87146","A","201"
"87152","A","55"
"87155","A","88"
"87156","A","195"
"87170","A","163"
"87174","A","243"
"87177","A","117"
"87178","A","298"
"87181","A","409"
"87192","A","144"
"87195","A","475"
"87198","A","302"
"87208","A","50"
"87211","A","258"
"87219","A","257"
"87227","A","194"
"87243","A","454"
"87252","A","217"
"87253","A","449"
"87260","A","475"
"87261","A","421"
"87265","A","450"
"87267","A","24"
"87268","A","315"
"87270","A","57"
"87274","A","457"
"87278","A","47"
"87279","A","220"
"87284","A","207"
"87285","A","56"
"87289","A","79"
"87293","A","378"
"87294","A","346"
"87296","A","316"
"87301","A","46"
"87302","A","382"
"87304","A","140"
"87306","A","342"
"87310","A","476"
"87321","A","48"
"87322","A","74"
"87325","A","26"
"87330","A","424"
"87331","A","105"
"87342","A","16"
"87351","A","498"
"87366","A","83"
"87367","A","95"
"87377","A","102"
"87380","A","243"
"87382","A","256"
"87386","A","218"
"87395","A","498"
"87397","A","278"
"87398","A","429"
"87400","A","487"
"87402","A","415"
"87403","A","284"
"87406","A","193"
"87408","A","258"
"87418","A","485"
"87420","A","120"
"87429","A","369"
"87430","A","337"
"87435","A","407"
"87440","A","361"
"87444","A","17"
"87445","A","47"
"87448","A","59"
"87458","A","235"
"87460","A","281"
"87461","A","90"
"87470","A","205"
"87474","A","188"
"87480","A","103"
"87482","A","478"
"87487","A","360"
"87490","A","132"
"87495","A","427"
"87496","A","475"
"87504","A","478"
"87509","A","203"
"87510","A","238"
"87511","A","414"
"87517","A","105"
"87518","A","251"
"87524","A","488"
"87526","A","271"
"87532","A","48"
"87536","A","83"
"87539","A","466"
"87540","A","75"
"87541","A","400"
"87547","A","470"
"87549","A","89"
"87551","A","340"
"87554","A","442"
"87562","A","425"
"87567","A","402"
"87577","A","84"
"87578","A","218"
"87581","A","465"
"87586","A","428"
"87587","A","391"
"87600","A","234"
"87608","A","484"
"87614","A","396"
"87616","A","193"
"87621","A","180"
"87622","A","297"
"87624","A","331"
"87638","A","165"
"87646","A","299"
"87654","A","29"
"87665","A","329"
"87667","A","28"
"87673","A","140"
"87675","A","391"
"87676","A","279"
"87677","A","456"
"87678","A","140"
"87679","A","34"
"87683","A","290"
"87691","A","257"
"87693","A","186"
"87695","A","292"
"87697","A","197"
"87698","A","300"
"87700","A","454"
"87707","A","120"
"87711","A","461"
"87712","A","405"
"87715","A","427"
"87720","A","203"
"87729","A","385"
"87732","A","25"
"87734","A","412"
"87741","A","204"
"87745","A","439"
"87747","A","281"
"87757","A","270"
"87760","A","284"
"87762","A","387"
"87763","A","102"
"87764","A","271"
"87773","A","151"
"87780","A","154"
"87782","A","378"
"87784","A","34"
"87796","A","421"
"87800","A","328"
"87807","A","265"
"87808","A","332"
"87809","A","213"
"87810","A","213"
"87813","A","334"
"87814","A","118"
"87819","A","81"
"87823","A","94"
"87824","A","271"
"87826","A","178"
"87833","A","113"
"87835","A","342"
"87842","A","467"
"87843","A","374"
"87845","A","226"
"87855","A","308"
"87857","A","199"
"87865","A","197"
"87866","A","81"
"87871","A","168"
"87875","A","246"
"87878","A","130"
"87882","A","391"
"87883","A","228"
"87885","A","193"
"87890","A","226"
"87894","A","43"
"87896","A","283"
"87899","A","287"
"87900","A","302"
"87902","A","327"
"87910","A","326"
"87911","A","338"
"87912","A","329"
"87916","A","415"
"87923","A","293"
"87933","A","50"
"87939","A","190"
"87940","A","363"
"87941","A","323"
"87951","A","147"
"87952","A","303"
"87953","A","103"
"87955","A","84"
"87957","A","407"
"87962","A","363"
"87967","A","34"
"87975","A","472"
"87976","A","470"
"87981","A","370"
"87987","A","433"
"87989","A","75"
"87992","A","174"
"87996","A","80"
"88002","A","427"
"88009","A","235"
"88018","A","296"
"88025","A","258"
"88026","A","178"
"88027","A","457"
"88029","A","215"
"88031","A","177"
"88035","A","341"
"88036","A","248"
"88043","A","104"
"88046","A","254"
"88048","A","317"
"88051","A","345"
"88055","A","477"
"88058","A","233"
"88062","A","90"
"88064","A","263"
"88067","A","281"
"88077","A","359"
"88080","A","335"
"88082","A","494"
"88086","A","119"
"88088","A","248"
"88089","A","137"
"88095","A","327"
"88100","A","103"
"88102","A","246"
"88107","A","402"
"88109","A","80"
"88111","A","142"
"88118","A","477"
"88119","A","38"
"88123","A","303"
"88133","A","481"
"88134","A","349"
"88135","A","307"
"88138","A","366"
"88149","A","232"
"88150","A","286"
"88152","A","222"
"88156","A","261"
"88157","A","474"
"88167","A","249"
"88171","A","366"
"88176","A","192"
"88178","A","209"
"88181","A","335"
"88182","A","422"
"88183","A","264"
"88186","A","305"
"88190","A","293"
"88192","A","372"
"88193","A","192"
"88197","A","125"
"88207","A","368"
"88209","A","257"
"88213","A","289"
"88225","A","150"
"88228","A","171"
"88231","A","67"
"88232","A","144"
"88233","A","423"
"88252","A","164"
"88253","A","119"
"88256","A","432"
"88262","A","287"
"88268","A","409"
"88271","A","217"
"88273","A","338"
"88278","A","268"
"88282","A","135"
"88284","A","158"
"88286","A","458"
"88287","A","228"
"88290","A","349"
"88293","A","235"
"88295","A","189"
"88296","A","218"
"88299","A","303"
"88303","A","93"
"88311","A","497"
"88318","A","436"
"88320","A","239"
"88325","A","170"
"88328","A","86"
"88334","A","284"
"88335","A","337"
"88338","A","149"
"88344","A","175"
"88346","A","427"
"88347","A","334"
"88352","A","409"
"88353","A","177"
"88357","A","99"
"88361","A","314"
"88364","A","123"
"88368","A","424"
"88370","A","274"
"88371","A","150"
"88372","A","206"
"88376","A","307"
"88380","A","189"
"88387","A","217"
"88389","A","301"
"88395","A","349"
"88398","A","34"
"88407","A","307"
"88411","A","312"
"88435","A","196"
"88436","A","230"
"88439","A","473"
"88440","A","168"
"88448","A","60"
"88449","A","298"
"88456","A","286"
"88462","A","445"
"88468","A","372"
"88469","A","41"
"88470","A","108"
"88472","A","264"
"88473","A","302"
"88478","A","91"
"88479","A","294"
"88485","A","425"
"88492","A","490"
"88497","A","364"
"88505","A","431"
"88512","A","394"
"88517","A","230"
"88526","A","151"
"88528","A","121"
"88530","A","338"
"88538","A","87"
"88556","A","323"
"88557","A","29"
"88558","A","300"
"88559","A","457"
"88563","A","433"
"88568","A","162"
"88575","A","446"
"88576","A","109"
"88580","A","359"
"88581","A","24"
"88584","A","296"
"88595","A","13"
"88604","A","375"
"88607","A","237"
"88613","A","10"
"88615","A","449"
"88618","A","53"
"88620","A","194"
"88622","A","104"
"88628","A","165"
"88630","A","469"
"88634","A","311"
"88640","A","132"
"88648","A","460"
"88652","A","215"
"88655","A","85"
"88658","A","443"
"88660","A","76"
"88661","A","165"
"88665","A","407"
"88670","A","181"
"88679","A","482"
"88684","A","459"
"88686","A","437"
"88689","A","126"
"88698","A","267"
"88701","A","319"
"88707","A","455"
"88708","A","201"
"88709","A","393"
"88712","A","142"
"88713","A","163"
"88714","A","428"
"88715","A","292"
"88719","A","18"
"88723","A","276"
"88724","A","484"
"88726","A","445"
"88728","A","237"
"88734","A","312"
"88738","A","39"
"88755","A","145"
"88757","A","464"
"88758","A","101"
"88762","A","235"
"88763","A","339"
"88765","A","133"
"88769","A","197"
"88772","A","184"
"88773","A","388"
"88774","A","291"
"88778","A","388"
"88790","A","399"
"88795","A","258"
"88796","A","123"
"88803","A","104"
"88807","A","363"
"88810","A","383"
"88821","A","486"
"88827","A","387"
"88831","A","197"
"88835","A","470"
"88837","A","57"
"88839","A","392"
"88842","A","61"
"88849","A","346"
"88851","A","380"
"88852","A","65"
"88853","A","20"
"88854","A","308"
"88858","A","263"
"88863","A","138"
"88864","A","432"
"88865","A","475"
"88868","A","444"
"88870","A","138"
"88874","A","384"
"88877","A","392"
"88886","A","276"
"88889","A","492"
"88891","A","145"
"88894","A","206"
"88895","A","280"
"88896","A","366"
"88899","A","342"
"88902","A","10"
"88904","A","460"
"88908","A","400"
"88909","A","61"
"88912","A","179"
"88919","A","492"
"88920","A","342"
"88934","A","407"
"88937","A","298"
"88938","A","433"
"88950","A","285"
"88961","A","120"
"88963","A","185"
"88969","A","451"
"88972","A","259"
"88973","A","202"
"88974","A","495"
"88978","A","18"
"88980","A","237"
"88981","A","56"
"88984","A","467"
"88985","A","91"
"88990","A","94"
"88992","A","39"
"88996","A","366"
"88997","A","157"
"89003","A","192"
"89006","A","50"
"89011","A","215"
"89014","A","30"
"89028","A","270"
"89029","A","75"
"89031","A","371"
"89033","A","427"
"89036","A","92"
"89044","A","32"
"89046","A","397"
"89048","A","395"
"89052","A","446"
"89053","A","38"
"89055","A","128"
"89064","A","445"
"89065","A","328"
"89066","A","112"
"89073","A","21"
"89079","A","233"
"89084","A","377"
"89088","A","390"
"89089","A","351"
"89107","A","403"
"89111","A","287"
"89113","A","146"
"89116","A","194"
"89121","A","429"
"89122","A","468"
"89125","A","197"
"89126","A","275"
"89133","A","350"
"89144","A","495"
"89148","A","234"
"89153","A","99"
"89155","A","433"
"89165","A","404"
"89166","A","486"
"89172","A","454"
"89179","A","432"
"89181","A","167"
"89185","A","353"
"89208","A","367"
"89210","A","394"
"89212","A","198"
"89217","A","46"
"89221","A","25"
"89223","A","192"
"89225","A","52"
"89232","A","483"
"89236","A","499"
"89245","A","113"
"89247","A","95"
"89253","A","100"
"89257","A","201"
"89258","A","366"
"89262","A","486"
"89264","A","252"
"89268","A","376"
"89269","A","111"
"89272","A","150"
"89274","A","45"
"89275","A","234"
"89277","A","306"
"89283","A","498"
"89287","A","332"
"89299","A","104"
"89304","A","265"
"89308","A","307"
"89309","A","403"
"89312","A","336"
"89314","A","181"
"89318","A","142"
"89327","A","481"
"89328","A","18"
"89330","A","422"
"89347","A","225"
"89357","A","159"
"89365","A","483"
"89368","A","265"
"89369","A","84"
"89370","A","190"
"89371","A","111"
"89372","A","83"
"89375","A","297"
"89382","A","50"
"89390","A","389"
"89391","A","112"
"89393","A","32"
"89395","A","189"
"89396","A","80"
"89402","A","98"
"89405","A","42"
"89414","A","426"
"89418","A","126"
"89420","A","435"
"89421","A","194"
"89423","A","81"
"89424","A","209"
"89426","A","481"
"89427","A","420"
"89432","A","208"
"89441","A","227"
"89444","A","472"
"89447","A","439"
"89460","A","313"
"89468","A","443"
"89470","A","359"
"89472","A","189"
"89476","A","293"
"89480","A","390"
"89483","A","160"
"89484","A","191"
"89493","A","388"
"89494","A","63"
"89495","A","94"
"89509","A","136"
"89514","A","220"
"89516","A","469"
"89518","A","104"
"89521","A","113"
"89531","A","114"
"89533","A","297"
"89534","A","440"
"89535","A","144"
"89538","A","198"
"89540","A","444"
"89543","A","45"
"89546","A","380"
"89547","A","150"
"89550","A","443"
"89551","A","109"
"89552","A","223"
"89556","A","381"
"89559","A","424"
"89567","A","41"
"89570","A","391"
"89573","A","402"
"89574","A","259"
"89580","A","17"
"89583","A","256"
"89587","A","433"
"89591","A","340"
"89596","A","374"
"89599","A","333"
"89603","A","208"
"89607","A","468"
"89611","A","289"
"89618","A","437"
"89621","A","319"
"89623","A","73"
"89625","A","10"
"89626","A","168"
"89631","A","126"
"89633","A","189"
"89635","A","396"
"89638","A","275"
"89640","A","291"
"89641","A","287"
"89644","A","173"
"89650","A","254"
"89652","A","128"
"89653","A","98"
"89671","A","452"
"89675","A","86"
"89676","A","406"
"89677","A","279"
"89680","A","27"
"89681","A","199"
"89684","A","454"
"89696","A","322"
"89698","A","167"
"89703","A","12"
"89708","A","172"
"89712","A","302"
"89718","A","247"
"89721","A","159"
"89723","A","280"
"89725","A","456"
"89727","A","100"
"89728","A","134"
"89730","A","231"
"89731","A","448"
"89736","A","279"
"89738","A","194"
"89741","A","361"
"89742","A","456"
"89743","A","436"
"89755","A","430"
"89764","A","249"
"89766","A","123"
"89776","A","159"
"89777","A","477"
"89781","A","480"
"89791","A","493"
"89796","A","148"
"89798","A","39"
"89802","A","422"
"89807","A","270"
"89810","A","287"
"89812","A","418"
"89813","A","397"
"89815","A","170"
"89820","A","190"
"89824","A","383"
"89825","A","382"
"89831","A","411"
"89832","A","183"
"89835","A","266"
"89839","A","256"
"89846","A","494"
"89847","A","36"
"89848","A","452"
"89859","A","333"
"89862","A","441"
"89863","A","310"
"89864","A","257"
"89865","A","147"
"89867","A","118"
"89870","A","252"
"89873","A","232"
"89874","A","193"
"89884","A","297"
"89892","A","187"
"89895","A","242"
"89897","A","382"
"89906","A","452"
"89907","A","376"
"89910","A","168"
"89914","A","25"
"89916","A","264"
"89917","A","471"
"89921","A","244"
"89922","A","74"
"89930","A","284"
"89932","A","472"
"89934","A","168"
"89943","A","318"
"89948","A","301"
"89952","A","358"
"89954","A","444"
"89955","A","413"
"89957","A","241"
"89963","A","115"
"89964","A","290"
"89969","A","343"
"89972","A","97"
"89974","A","90"
"89979","A","459"
"89984","A","253"
"89989","A","247"
"89990","A","300"
"89996","A","395"
"90005","A","130"
"90009","A","46"
"90011","A","444"
"90012","A","85"
"90013","A","331"
"90016","A","139"
"90017","A","422"
"90024","A","350"
"90031","A","170"
"90038","A","430"
"90041","A","357"
"90044","A","276"
"90046","A","355"
"90050","A","299"
"90052","A","139"
"90053","A","464"
"90060","A","200"
"90061","A","120"
"90064","A","209"
"90070","A","212"
"90074","A","275"
"90077","A","101"
"90078","A","489"
"90081","A","131"
"90082","A","484"
"90085","A","27"
"90088","A","494"
"90090","A","304"
"90091","A","342"
"90092","A","223"
"90094","A","62"
"90100","A","277"
"90103","A","485"
"90109","A","446"
"90114","A","254"
"90115","A","138"
"90120","A","385"
"90128","A","496"
"90129","A","438"
"90132","A","267"
"90139","A","437"
"90142","A","477"
"90143","A","386"
"90146","A","78"
"90147","A","455"
"90156","A","317"
"90157","A","473"
"90162","A","301"
"90166","A","163"
"90168","A","276"
"90171","A","49"
"90175","A","277"
"90176","A","435"
"90181","A","286"
"90186","A","38"
"90188","A","60"
"90190","A","202"
"90192","A","57"
"90193","A","426"
"90195","A","232"
"90196","A","203"
"90197","A","411"
"90202","A","353"
"90207","A","496"
"90209","A","172"
"90212","A","467"
"90215","A","12"
"90221","A","382"
"90225","A","157"
"90228","A","353"
"90229","A","490"
"90231","A","345"
"90232","A","56"
"90238","A","145"
"90244","A","307"
"90246","A","326"
"90259","A","448"
"90263","A","265"
"90264","A","286"
"90276","A","116"
"90277","A","221"
"90278","A","146"
"90279","A","352"
"90280","A","239"
"90284","A","445"
"90290","A","26"
"90291","A","187"
"90294","A","388"
"90296","A","311"
"90301","A","61"
"90303","A","236"
"90309","A","265"
"90315","A","191"
"90316","A","112"
"90318","A","323"
"90327","A","92"
"90329","A","96"
"90331","A","145"
"90333","A","79"
"90334","A","366"
"90338","A","167"
"90345","A","410"
"90352","A","279"
"90355","A","412"
"90363","A","185"
"90365","A","106"
"90369","A","308"
"90372","A","427"
"90373","A","246"
"90377","A","189"
"90381","A","422"
"90388","A","309"
"90391","A","155"
"90393","A","48"
"90395","A","497"
"90400","A","195"
"90405","A","486"
"90408","A","440"
"90412","A","351"
"90413","A","376"
"90417","A","459"
"90418","A","329"
"90420","A","251"
"90428","A","276"
"90434","A","116"
"90441","A","445"
"90452","A","440"
"90455","A","104"
"90459","A","420"
"90463","A","283"
"90465","A","137"
"90470","A","335"
"90475","A","218"
"90480","A","421"
"90490","A","210"
"90496","A","494"
"90501","A","473"
"90504","A","131"
"90511","A","93"
"90515","A","323"
"90517","A","430"
"90532","A","219"
"90533","A","164"
"90542","A","293"
"90546","A","426"
"90550","A","401"
"90551","A","247"
"90556","A","307"
"90560","A","199"
"90563","A","74"
"90564","A","436"
"90565","A","128"
"90580","A","319"
"90585","A","281"
"90586","A","83"
"90592","A","178"
"90596","A","316"
"90597","A","268"
"90614","A","295"
"90619","A","175"
"90623","A","296"
"90627","A","122"
"90631","A","273"
"90632","A","407"
"90634","A","131"
"90645","A","274"
"90648","A","413"
"90649","A","185"
"90656","A","395"
"90658","A","244"
"90661","A","236"
"90665","A","200"
"90674","A","141"
"90677","A","192"
"90679","A","223"
"90681","A","86"
"90682","A","239"
"90690","A","118"
"90694","A","402"
"90698","A","445"
"90700","A","440"
"90703","A","169"
"90705","A","469"
"90718","A","402"
"90719","A","284"
"90726","A","82"
"90732","A","455"
"90735","A","438"
"90737","A","499"
"90741","A","313"
"90750","A","390"
"90752","A","103"
"90753","A","226"
"90757","A","162"
"90758","A","357"
"90760","A","47"
"90762","A","69"
"90765","A","335"
"90768","A","231"
"90769","A","453"
"90771","A","273"
"90780","A","493"
"90783","A","159"
"90785","A","219"
"90787","A","135"
"90788","A","410"
"90792","A","177"
"90793","A","392"
"90796","A","382"
"90801","A","282"
"90804","A","218"
"90808","A","454"
"90811","A","112"
"90814","A","414"
"90827","A","348"
"90834","A","201"
"90838","A","440"
"90842","A","453"
"90843","A","386"
"90845","A","452"
"90846","A","24"
"90851","A","39"
"90854","A","101"
"90859","A","353"
"90861","A","419"
"90864","A","325"
"90867","A","111"
"90868","A","24"
"90869","A","278"
"90881","A","385"
"90883","A","50"
"90894","A","428"
"90895","A","470"
"90903","A","256"
"90910","A","176"
"90912","A","261"
"90920","A","481"
"90921","A","184"
"90926","A","37"
"90929","A","42"
"90930","A","357"
"90933","A","162"
"90934","A","205"
"90944","A","495"
"90946","A","316"
"90947","A","253"
"90948","A","242"
"90949","A","320"
"90951","A","38"
"90952","A","489"
"90953","A","48"
"90957","A","222"
"90964","A","414"
"90967","A","178"
"90969","A","106"
"90979","A","495"
"90981","A","305"
"90986","A","484"
"90987","A","127"
"90989","A","443"
"90991","A","175"
"90994","A","493"
"90996","A","51"
"90997","A","282"
"90999","A","379"
"91000","A","276"
"91003","A","478"
"91012","A","363"
"91019","A","356"
"91021","A","80"
"91023","A","12"
"91034","A","488"
"91038","A","423"
"91039","A","235"
"91042","A","78"
"91049","A","185"
"91052","A","150"
"91056","A","436"
"91061","A","87"
"91062","A","213"
"91064","A","86"
"91065","A","228"
"91070","A","437"
"91078","A","141"
"91081","A","82"
"91084","A","60"
"91086","A","464"
"91088","A","303"
"91091","A","195"
"91103","A","140"
"91110","A","235"
"91114","A","37"
"91120","A","112"
"91121","A","205"
"91126","A","413"
"91135","A","464"
"91139","A","33"
"91142","A","329"
"91150","A","208"
"91156","A","422"
"91158","A","264"
"91161","A","430"
"91163","A","258"
"91166","A","39"
"91168","A","126"
"91171","A","160"
"91177","A","145"
"91180","A","15"
"91185","A","24"
"91187","A","34"
"91202","A","38"
"91204","A","201"
"91211","A","289"
"91215","A","28"
"91219","A","281"
"91220","A","41"
"91221","A","67"
"91224","A","60"
"91227","A","336"
"91230","A","273"
"91236","A","214"
"91237","A","490"
"91238","A","353"
"91240","A","271"
"91243","A","437"
"91245","A","388"
"91254","A","78"
"91263","A","453"
"91265","A","466"
"91266","A","442"
"91269","A","195"
"91270","A","272"
"91271","A","287"
"91276","A","112"
"91278","A","291"
"91281","A","300"
"91282","A","411"
"91286","A","35"
"91287","A","107"
"91288","A","444"
"91291","A","108"
"91294","A","409"
"91295","A","445"
"91296","A","222"
"91302","A","317"
"91303","A","238"
"91306","A","478"
"91308","A","333"
"91310","A","475"
"91312","A","166"
"91313","A","498"
"91315","A","209"
"91316","A","324"
"91317","A","363"
"91319","A","84"
"91322","A","58"
"91325","A","354"
"91326","A","61"
"91331","A","497"
"91334","A","438"
"91336","A","326"
"91340","A","461"
"91345","A","411"
"91348","A","233"
"91354","A","450"
"91369","A","335"
"91370","A","174"
"91373","A","159"
"91384","A","309"
"91386","A","100"
"91389","A","303"
"91392","A","259"
"91393","A","207"
"91402","A","358"
"91403","A","236"
"91413","A","424"
"91415","A","295"
"91417","A","470"
"91418","A","310"
"91424","A","275"
"91425","A","385"
"91426","A","312"
"91429","A","466"
"91432","A","328"
"91433","A","409"
"91436","A","496"
"91440","A","432"
"91443","A","92"
"91444","A","168"
"91449","A","54"
"91450","A","132"
"91451","A","268"
"91453","A","20"
"91454","A","377"
"91458","A","190"
"91468","A","410"
"91469","A","486"
"91474","A","475"
"91480","A","371"
"91483","A","259"
"91501","A","201"
"91503","A","126"
"91507","A","381"
"91508","A","15"
"91510","A","120"
"91513","A","361"
"91515","A","28"
"91516","A","98"
"91517","A","423"
"91523","A","281"
"91526","A","350"
"91528","A","330"
"91532","A","99"
"91536","A","179"
"91538","A","280"
"91545","A","219"
"91549","A","329"
"91553","A","169"
"91557","A","159"
"91560","A","464"
"91561","A","464"
"91562","A","444"
"91568","A","387"
"91571","A","181"
"91573","A","280"
"91576","A","337"
"91578","A","210"
"91579","A","109"
"91580","A","219"
"91581","A","289"
"91582","A","12"
"91588","A","276"
"91591","A","265"
"91595","A","80"
"91596","A","205"
"91597","A","119"
"91598","A","261"
"91599","A","401"
"91600","A","288"
"91605","A","316"
"91606","A","129"
"91609","A","238"
"91610","A","426"
"91614","A","143"
"91618","A","280"
"91620","A","235"
"91624","A","322"
"91626","A","359"
"91629","A","30"
"91630","A","459"
"91632","A","285"
"91637","A","92"
"91649","A","373"
"91653","A","50"
"91657","A","470"
"91659","A","153"
"91660","A","330"
"91662","A","409"
"91663","A","310"
"91668","A","41"
"91673","A","346"
"91674","A","220"
"91678","A","43"
"91681","A","459"
"91682","A","410"
"91684","A","250"
"91688","A","461"
"91695","A","176"
"91701","A","335"
"91711","A","24"
"91714","A","26"
"91723","A","283"
"91733","A","274"
"91736","A","476"
"91737","A","278"
"91738","A","340"
"91739","A","84"
"91742","A","409"
"91747","A","300"
"91757","A","441"
"91758","A","288"
"91777","A","71"
"91779","A","310"
"91780","A","477"
"91783","A","485"
"91785","A","89"
"91787","A","484"
"91791","A","499"
"91793","A","415"
"91794","A","265"
"91802","A","57"
"91806","A","182"
"91808","A","53"
"91815","A","372"
"91816","A","461"
"91823","A","214"
"91825","A","13"
"91828","A","416"
"91839","A","250"
"91842","A","239"
"91845","A","412"
"91846","A","60"
"91851","A","196"
"91857","A","147"
"91859","A","19"
"91861","A","215"
"91862","A","165"
"91872","A","422"
"91875","A","306"
"91876","A","398"
"91879","A","179"
"91881","A","238"
"91882","A","126"
"91887","A","235"
"91888","A","335"
"91890","A","59"
"91891","A","361"
"91892","A","264"
"91896","A","27"
"91898","A","56"
"91899","A","491"
"91904","A","75"
"91905","A","446"
"91909","A","144"
"91920","A","234"
"91921","A","456"
"91923","A","338"
"91926","A","411"
"91929","A","370"
"91934","A","398"
"91935","A","76"
"91936","A","468"
"91938","A","49"
"91939","A","383"
"91945","A","86"
"91948","A","373"
"91962","A","401"
"91968","A","224"
"91971","A","182"
"91978","A","390"
"91987","A","224"
"91995","A","442"
"91998","A","79"
"92009","A","385"
"92010","A","41"
"92015","A","215"
"92016","A","85"
"92017","A","282"
"92027","A","116"
"92029","A","17"
"92038","A","121"
"92043","A","21"
"92044","A","166"
"92046","A","492"
"92047","A","41"
"92052","A","19"
"92057","A","24"
"92058","A","147"
"92060","A","134"
"92061","A","313"
"92066","A","298"
"92069","A","300"
"92073","A","23"
"92078","A","455"
"92083","A","271"
"92084","A","166"
"92086","A","171"
"92087","A","304"
"92095","A","61"
"92101","A","225"
"92108","A","460"
"92117","A","421"
"92122","A","288"
"92127","A","238"
"92129","A","88"
"92132","A","464"
"92136","A","288"
"92138","A","107"
"92139","A","460"
"92140","A","260"
"92149","A","125"
"92160","A","82"
"92163","A","289"
"92167","A","418"
"92174","A","456"
"92175","A","413"
"92176","A","103"
"92179","A","321"
"92181","A","71"
"92182","A","293"
"92185","A","35"
"92191","A","361"
"92192","A","440"
"92193","A","287"
"92195","A","297"
"92196","A","127"
"92198","A","365"
"92201","A","220"
"92203","A","259"
"92209","A","399"
"92212","A","497"
"92219","A","35"
"92226","A","156"
"92237","A","432"
"92244","A","356"
"92248","A","215"
"92250","A","444"
"92254","A","351"
"92255","A","208"
"92267","A","276"
"92272","A","350"
"92273","A","61"
"92278","A","302"
"92286","A","405"
"92287","A","308"
"92291","A","482"
"92296","A","357"
"92297","A","17"
"92299","A","277"
"92304","A","410"
"92311","A","379"
"92313","A","359"
"92316","A","314"
"92318","A","195"
"92323","A","400"
"92332","A","160"
"92333","A","206"
"92335","A","274"
"92337","A","223"
"92338","A","43"
"92345","A","332"
"92355","A","33"
"92366","A","187"
"92380","A","170"
"92383","A","270"
"92388","A","172"
"92391","A","85"
"92395","A","336"
"92398","A","65"
"92399","A","89"
"92409","A","388"
"92414","A","93"
"92423","A","100"
"92429","A","474"
"92432","A","168"
"92434","A","422"
"92440","A","219"
"92447","A","270"
"92450","A","254"
"92451","A","498"
"92454","A","159"
"92476","A","27"
"92477","A","38"
"92485","A","57"
"92486","A","438"
"92490","A","333"
"92493","A","230"
"92510","A","472"
"92515","A","446"
"92526","A","349"
"92532","A","63"
"92534","A","325"
"92548","A","332"
"92549","A","117"
"92553","A","278"
"92554","A","194"
"92555","A","57"
"92556","A","367"
"92564","A","494"
"92571","A","439"
"92575","A","17"
"92582","A","41"
"92583","A","67"
"92585","A","158"
"92586","A","421"
"92591","A","296"
"92592","A","364"
"92602","A","268"
"92603","A","14"
"92607","A","176"
"92610","A","286"
"92621","A","97"
"92627","A","58"
"92629","A","374"
"92630","A","400"
"92639","A","408"
"92643","A","344"
"92645","A","457"
"92646","A","199"
"92652","A","480"
"92664","A","216"
"92665","A","394"
"92667","A","42"
"92671","A","97"
"92676","A","430"
"92679","A","197"
"92682","A","123"
"92689","A","384"
"92690","A","389"
"92692","A","402"
"92699","A","323"
"92704","A","487"
"92705","A","84"
"92714","A","75"
"92719","A","401"
"92724","A","393"
"92729","A","70"
"92731","A","296"
"92733","A","70"
"92735","A","185"
"92747","A","66"
"92751","A","473"
"92752","A","373"
"92753","A","225"
"92755","A","457"
"92758","A","28"
"92760","A","461"
"92767","A","446"
"92774","A","443"
"92775","A","441"
"92778","A","322"
"92784","A","204"
"92790","A","134"
"92792","A","342"
"92796","A","296"
"92797","A","342"
"92805","A","27"
"92811","A","270"
"92818","A","386"
"92819","A","212"
"92820","A","120"
"92827","A","358"
"92831","A","30"
"92835","A","26"
"92836","A","354"
"92847","A","444"
"92858","A","491"
"92859","A","489"
"92863","A","103"
"92865","A","400"
"92870","A","418"
"92877","A","141"
"92879","A","51"
"92880","A","228"
"92882","A","76"
"92883","A","414"
"92884","A","430"
"92894","A","222"
"92896","A","174"
"92901","A","310"
"92903","A","236"
"92904","A","292"
"92905","A","203"
"92909","A","230"
"92910","A","375"
"92911","A","326"
"92917","A","159"
"92930","A","311"
"92933","A","225"
"92937","A","111"
"92939","A","25"
"92942","A","283"
"92943","A","143"
"92960","A","171"
"92967","A","296"
"92975","A","410"
"92977","A","189"
"92978","A","178"
"92982","A","103"
"92983","A","240"
"92985","A","319"
"93002","A","35"
"93003","A","259"
"93004","A","158"
"93005","A","495"
"93008","A","89"
"93009","A","452"
"93010","A","176"
"93014","A","395"
"93017","A","474"
"93028","A","398"
"93029","A","421"
"93031","A","390"
"93032","A","215"
"93037","A","318"
"93044","A","84"
"93046","A","164"
"93056","A","313"
"93057","A","453"
"93059","A","15"
"93063","A","135"
"93066","A","418"
"93073","A","144"
"93081","A","217"
"93083","A","34"
"93089","A","60"
"93096","A","109"
"93103","A","388"
"93106","A","107"
"93111","A","401"
"93117","A","205"
"93118","A","242"
"93120","A","492"
"93121","A","57"
"93125","A","424"
"93133","A","150"
"93151","A","75"
"93159","A","381"
"93160","A","472"
"93162","A","274"
"93164","A","171"
"93166","A","443"
"93167","A","242"
"93177","A","64"
"93179","A","97"
"93183","A","471"
"93186","A","69"
"93188","A","140"
"93195","A","410"
"93198","A","458"
"93202","A","71"
"93206","A","322"
"93207","A","298"
"93209","A","449"
"93216","A","426"
"93237","A","206"
"93238","A","102"
"93242","A","287"
"93244","A","145"
"93249","A","414"
"93255","A","22"
"93257","A","210"
"93258","A","407"
"93263","A","460"
"93271","A","483"
"93273","A","119"
"93274","A","330"
"93277","A","246"
"93281","A","337"
"93282","A","187"
"93287","A","218"
"93289","A","10"
"93291","A","336"
"93298","A","272"
"93299","A","442"
"93300","A","172"
"93301","A","173"
"93307","A","243"
"93311","A","350"
"93319","A","174"
"93320","A","134"
"93321","A","295"
"93325","A","220"
"93334","A","138"
"93335","A","321"
"93337","A","101"
"93341","A","389"
"93346","A","498"
"93347","A","123"
"93353","A","188"
"93358","A","268"
"93362","A","172"
"93366","A","364"
"93367","A","219"
"93371","A","441"
"93373","A","208"
"93375","A","57"
"93382","A","334"
"93383","A","290"
"93385","A","259"
"93389","A","411"
"93390","A","377"
"93399","A","28"
"93402","A","421"
"93413","A","38"
"93418","A","240"
"93422","A","288"
"93424","A","372"
"93427","A","169"
"93432","A","390"
"93442","A","126"
"93443","A","168"
"93444","A","145"
"93446","A","405"
"93448","A","80"
"93449","A","379"
"93454","A","109"
"93459","A","409"
"93460","A","279"
"93462","A","42"
"93465","A","137"
"93471","A","71"
"93475","A","414"
"93480","A","34"
"93485","A","16"
"93500","A","377"
"93503","A","297"
"93505","A","92"
"93507","A","91"
"93511","A","218"
"93513","A","300"
"93514","A","338"
"93516","A","366"
"93524","A","320"
"93526","A","119"
"93530","A","353"
"93531","A","381"
"93532","A","143"
"93534","A","466"
"93537","A","457"
"93543","A","275"
"93546","A","259"
"93549","A","404"
"93551","A","289"
"93552","A","301"
"93553","A","206"
"93555","A","239"
"93556","A","167"
"93557","A","126"
"93560","A","120"
"93561","A","291"
"93562","A","176"
"93563","A","332"
"93564","A","113"
"93568","A","214"
"93579","A","434"
"93580","A","43"
"93581","A","343"
"93583","A","482"
"93585","A","347"
"93591","A","266"
"93595","A","194"
"93599","A","384"
"93603","A","396"
"93609","A","482"
"93618","A","327"
"93624","A","78"
"93629","A","173"
"93630","A","55"
"93631","A","158"
"93632","A","192"
"93637","A","290"
"93638","A","474"
"93641","A","460"
"93648","A","494"
"93662","A","61"
"93670","A","327"
"93671","A","387"
"93672","A","217"
"93673","A","488"
"93677","A","437"
"93678","A","15"
"93686","A","323"
"93687","A","40"
"93694","A","475"
"93696","A","498"
"93697","A","475"
"93702","A","21"
"93703","A","17"
"93708","A","70"
"93709","A","369"
"93712","A","231"
"93714","A","381"
"93715","A","233"
"93724","A","73"
"93726","A","407"
"93732","A","145"
"93735","A","496"
"93738","A","458"
"93740","A","195"
"93746","A","245"
"93753","A","490"
"93768","A","128"
"93780","A","305"
"93781","A","498"
"93784","A","444"
"93788","A","482"
"93789","A","373"
"93793","A","412"
"93799","A","197"
"93801","A","142"
"93802","A","182"
"93803","A","466"
"93810","A","235"
"93821","A","197"
"93825","A","43"
"93833","A","294"
"93838","A","45"
"93842","A","387"
"93849","A","491"
"93853","A","427"
"93855","A","163"
"93868","A","410"
"93869","A","456"
"93873","A","448"
"93874","A","449"
"93875","A","436"
"93881","A","383"
"93882","A","108"
"93884","A","220"
"93890","A","31"
"93896","A","265"
"93899","A","24"
"93902","A","372"
"93906","A","220"
"93913","A","415"
"93914","A","378"
"93916","A","34"
"93924","A","147"
"93938","A","62"
"93944","A","274"
"93951","A","198"
"93952","A","199"
"93954","A","74"
"93955","A","413"
"93956","A","355"
"93957","A","210"
"93959","A","60"
"93964","A","339"
"93970","A","278"
"93974","A","400"
"93975","A","80"
"93983","A","37"
"93987","A","341"
"93992","A","362"
"94000","A","306"
"94001","A","115"
"94002","A","338"
"94003","A","365"
"94007","A","40"
"94015","A","221"
"94020","A","236"
"94036","A","332"
"94040","A","181"
"94043","A","330"
"94048","A","33"
"94052","A","427"
"94055","A","400"
"94061","A","484"
"94066","A","146"
"94068","A","245"
"94069","A","335"
"94070","A","468"
"94071","A","394"
"94076","A","179"
"94077","A","28"
"94080","A","58"
"94083","A","209"
"94088","A","412"
"94089","A","393"
"94092","A","385"
"94096","A","106"
"94100","A","332"
"94102","A","190"
"94104","A","164"
"94110","A","316"
"94111","A","227"
"94117","A","493"
"94131","A","194"
"94132","A","411"
"94135","A","472"
"94140","A","11"
"94141","A","499"
"94142","A","481"
"94147","A","348"
"94151","A","36"
"94154","A","176"
"94156","A","218"
"94159","A","192"
"94162","A","387"
"94184","A","112"
"94191","A","295"
"94196","A","226"
"94197","A","76"
"94198","A","268"
"94205","A","490"
"94207","A","448"
"94209","A","202"
"94214","A","104"
"94215","A","137"
"94216","A","199"
"94218","A","137"
"94226","A","236"
"94231","A","78"
"94243","A","25"
"94244","A","74"
"94245","A","275"
"94249","A","473"
"94251","A","119"
"94252","A","488"
"94261","A","250"
"94267","A","269"
"94269","A","417"
"94270","A","79"
"94272","A","272"
"94274","A","429"
"94276","A","40"
"94287","A","392"
"94300","A","48"
"94301","A","492"
"94304","A","100"
"94306","A","465"
"94309","A","183"
"94310","A","460"
"94317","A","103"
"94320","A","356"
"94322","A","399"
"94325","A","230"
"94327","A","322"
"94334","A","191"
"94335","A","119"
"94337","A","258"
"94340","A","172"
"94342","A","397"
"94350","A","281"
"94363","A","205"
"94365","A","458"
"94369","A","468"
"94370","A","140"
"94372","A","178"
"94378","A","189"
"94380","A","402"
"94381","A","313"
"94382","A","239"
"94401","A","168"
"94407","A","41"
"94414","A","51"
"94423","A","357"
"94424","A","41"
"94425","A","370"
"94426","A","174"
"94437","A","172"
"94440","A","341"
"94450","A","499"
"94454","A","468"
"94460","A","271"
"94462","A","69"
"94464","A","35"
"94470","A","48"
"94480","A","109"
"94485","A","165"
"94487","A","205"
"94489","A","139"
"94490","A","437"
"94492","A","236"
"94528","A","230"
"94529","A","359"
"94542","A","178"
"94549","A","207"
"94551","A","51"
"94554","A","83"
"94558","A","444"
"94560","A","19"
"94564","A","149"
"94566","A","291"
"94567","A","292"
"94569","A","303"
"94571","A","227"
"94585","A","74"
"94586","A","139"
"94587","A","98"
"94589","A","49"
"94601","A","217"
"94603","A","440"
"94610","A","92"
"94620","A","175"
"94624","A","486"
"94630","A","104"
"94631","A","494"
"94640","A","310"
"94644","A","215"
"94645","A","495"
"94646","A","239"
"94649","A","191"
"94653","A","42"
"94654","A","385"
"94656","A","39"
"94658","A","67"
"94660","A","330"
"94662","A","377"
"94664","A","305"
"94669","A","321"
"94680","A","177"
"94681","A","98"
"94683","A","206"
"94689","A","261"
"94691","A","498"
"94693","A","132"
"94694","A","471"
"94696","A","483"
"94698","A","16"
"94705","A","22"
"94714","A","195"
"94715","A","24"
"94716","A","96"
"94718","A","324"
"94720","A","338"
"94724","A","235"
"94737","A","133"
"94743","A","62"
"94745","A","252"
"94746","A","164"
"94763","A","277"
"94771","A","382"
"94773","A","356"
"94774","A","83"
"94776","A","134"
"94779","A","379"
"94784","A","333"
"94785","A","232"
"94789","A","326"
"94797","A","237"
"94800","A","203"
"94802","A","63"
"94804","A","405"
"94817","A","499"
"94820","A","383"
"94822","A","154"
"94824","A","457"
"94825","A","292"
"94827","A","130"
"94829","A","332"
"94830","A","293"
"94834","A","283"
"94836","A","147"
"94840","A","455"
"94841","A","426"
"94842","A","417"
"94843","A","22"
"94844","A","137"
"94845","A","176"
"94847","A","372"
"94851","A","147"
"94856","A","252"
"94859","A","153"
"94860","A","136"
"94865","A","37"
"94867","A","10"
"94868","A","54"
"94872","A","36"
"94874","A","432"
"94875","A","87"
"94880","A","398"
"94881","A","172"
"94883","A","238"
"94886","A","146"
"94888","A","184"
"94896","A","374"
"94900","A","276"
"94911","A","305"
"94912","A","181"
"94917","A","198"
"94918","A","89"
"94920","A","91"
"94932","A","480"
"94933","A","40"
"94934","A","356"
"94935","A","300"
"94936","A","36"
"94940","A","350"
"94944","A","242"
"94951","A","419"
"94952","A","495"
"94953","A","293"
"94957","A","434"
"94963","A","350"
"94964","A","138"
"94981","A","323"
"94986","A","305"
"94988","A","225"
"94997","A","173"
"94999","A","140"
"95003","A","196"
"95006","A","384"
"95010","A","327"
"95015","A","69"
"95026","A","472"
"95027","A","455"
"95029","A","222"
"95038","A","72"
"95041","A","316"
"95042","A","29"
"95044","A","198"
"95048","A","117"
"95049","A","393"
"95053","A","422"
"95054","A","284"
"95058","A","214"
"95061","A","411"
"95066","A","57"
"95067","A","273"
"95069","A","127"
"95074","A","409"
"95075","A","238"
"95081","A","179"
"95087","A","255"
"95088","A","258"
"95092","A","59"
"95096","A","155"
"95099","A","143"
"95100","A","171"
"95103","A","462"
"95107","A","96"
"95110","A","52"
"95111","A","196"
"95116","A","195"
"95120","A","15"
"95135","A","348"
"95137","A","222"
"95139","A","359"
"95141","A","424"
"95146","A","429"
"95148","A","318"
"95149","A","494"
"95150","A","19"
"95154","A","195"
"95157","A","269"
"95158","A","403"
"95164","A","203"
"95171","A","370"
"95173","A","467"
"95182","A","493"
"95186","A","419"
"95187","A","195"
"95191","A","322"
"95192","A","37"
"95197","A","368"
"95200","A","384"
"95201","A","415"
"95203","A","81"
"95207","A","476"
"95217","A","144"
"95223","A","133"
"95232","A","320"
"95233","A","308"
"95235","A","262"
"95237","A","286"
"95238","A","184"
"95242","A","342"
"95246","A","196"
"95248","A","479"
"95250","A","297"
"95251","A","332"
"95259","A","275"
"95260","A","455"
"95262","A","383"
"95263","A","217"
"95269","A","382"
"95280","A","493"
"95283","A","132"
"95287","A","110"
"95288","A","306"
"95290","A","28"
"95295","A","27"
"95296","A","101"
"95299","A","433"
"95301","A","472"
"95303","A","436"
"95305","A","204"
"95308","A","469"
"95315","A","65"
"95317","A","381"
"95325","A","390"
"95330","A","356"
"95333","A","32"
"95334","A","443"
"95335","A","385"
"95339","A","404"
"95340","A","254"
"95344","A","199"
"95347","A","206"
"95361","A","152"
"95373","A","452"
"95375","A","50"
"95376","A","137"
"95378","A","396"
"95381","A","404"
"95382","A","381"
"95383","A","221"
"95385","A","325"
"95386","A","255"
"95387","A","180"
"95390","A","301"
"95391","A","161"
"95393","A","320"
"95395","A","231"
"95396","A","135"
"95403","A","474"
"95409","A","164"
"95412","A","440"
"95414","A","174"
"95416","A","435"
"95420","A","130"
"95422","A","310"
"95425","A","133"
"95428","A","453"
"95435","A","264"
"95437","A","98"
"95438","A","488"
"95439","A","38"
"95445","A","52"
"95453","A","157"
"95454","A","193"
"95459","A","472"
"95460","A","138"
"95463","A","137"
"95464","A","280"
"95469","A","202"
"95470","A","92"
"95473","A","477"
"95477","A","323"
"95478","A","405"
"95480","A","32"
"95481","A","240"
"95488","A","211"
"95492","A","494"
"95494","A","243"
"95497","A","455"
"95512","A","33"
"95513","A","80"
"95514","A","90"
"95516","A","496"
"95522","A","419"
"95524","A","343"
"95526","A","480"
"95529","A","423"
"95537","A","203"
"95546","A","322"
"95559","A","490"
"95560","A","98"
"95564","A","275"
"95573","A","29"
"95576","A","399"
"95578","A","51"
"95598","A","438"
"95604","A","430"
"95608","A","56"
"95610","A","336"
"95612","A","111"
"95621","A","318"
"95628","A","181"
"95631","A","239"
"95634","A","89"
"95643","A","337"
"95645","A","234"
"95649","A","65"
"95653","A","396"
"95656","A","163"
"95657","A","212"
"95658","A","292"
"95660","A","340"
"95661","A","107"
"95665","A","325"
"95666","A","207"
"95674","A","216"
"95678","A","14"
"95683","A","165"
"95684","A","142"
"95686","A","282"
"95694","A","24"
"95697","A","241"
"95704","A","258"
"95709","A","400"
"95712","A","472"
"95716","A","414"
"95727","A","214"
"95728","A","96"
"95730","A","421"
"95731","A","115"
"95733","A","113"
"95735","A","235"
"95737","A","389"
"95742","A","411"
"95743","A","423"
"95748","A","28"
"95750","A","261"
"95758","A","174"
"95759","A","93"
"95767","A","292"
"95774","A","51"
"95777","A","10"
"95778","A","109"
"95781","A","122"
"95783","A","251"
"95785","A","247"
"95787","A","279"
"95788","A","322"
"95789","A","51"
"95799","A","301"
"95800","A","440"
"95803","A","477"
"95805","A","79"
"95807","A","404"
"95810","A","448"
"95812","A","440"
"95813","A","347"
"95815","A","309"
"95816","A","434"
"95818","A","106"
"95825","A","187"
"95830","A","73"
"95839","A","269"
"95840","A","213"
"95846","A","466"
"95847","A","157"
"95850","A","222"
"95851","A","51"
"95858","A","405"
"95864","A","24"
"95866","A","490"
"95867","A","108"
"95869","A","473"
"95873","A","436"
"95881","A","185"
"95889","A","382"
"95891","A","215"
"95894","A","215"
"95898","A","207"
"95899","A","326"
"95901","A","482"
"95902","A","309"
"95903","A","229"
"95906","A","261"
"95909","A","208"
"95916","A","323"
"95917","A","250"
"95919","A","137"
"95930","A","75"
"95938","A","186"
"95941","A","358"
"95942","A","485"
"95949","A","462"
"95952","A","140"
"95956","A","358"
"95957","A","424"
"95958","A","353"
"95963","A","131"
"95970","A","263"
"95980","A","403"
"95981","A","269"
"95983","A","417"
"95984","A","239"
"95995","A","320"
"95998","A","365"
"96003","A","37"
"96004","A","481"
"96015","A","153"
"96026","A","35"
"96030","A","167"
"96035","A","157"
"96040","A","189"
"96041","A","278"
"96052","A","121"
"96053","A","233"
"96060","A","348"
"96065","A","401"
"96068","A","35"
"96083","A","137"
"96088","A","284"
"96098","A","49"
"96099","A","118"
"96100","A","100"
"96101","A","80"
"96105","A","54"
"96106","A","256"
"96118","A","420"
"96121","A","29"
"96122","A","322"
"96129","A","150"
"96130","A","33"
"96131","A","207"
"96132","A","355"
"96136","A","203"
"96140","A","15"
"96144","A","140"
"96146","A","42"
"96150","A","475"
"96155","A","290"
"96157","A","126"
"96158","A","402"
"96164","A","24"
"96165","A","26"
"96171","A","158"
"96172","A","191"
"96177","A","27"
"96180","A","486"
"96183","A","73"
"96190","A","337"
"96191","A","108"
"96195","A","430"
"96198","A","485"
"96199","A","67"
"96201","A","184"
"96205","A","397"
"96212","A","79"
"96215","A","17"
"96220","A","125"
"96221","A","35"
"96222","A","105"
"96227","A","56"
"96228","A","33"
"96231","A","323"
"96234","A","323"
"96235","A","188"
"96236","A","24"
"96242","A","343"
"96243","A","254"
"96245","A","178"
"96247","A","324"
"96249","A","223"
"96250","A","295"
"96256","A","24"
"96259","A","315"
"96269","A","62"
"96270","A","282"
"96275","A","108"
"96280","A","164"
"96292","A","224"
"96299","A","33"
"96300","A","94"
"96301","A","480"
"96302","A","213"
"96303","A","457"
"96304","A","54"
"96306","A","235"
"96308","A","202"
"96312","A","397"
"96317","A","278"
"96320","A","326"
"96321","A","235"
"96322","A","482"
"96323","A","134"
"96324","A","480"
"96326","A","15"
"96327","A","27"
"96328","A","396"
"96333","A","54"
"96335","A","472"
"96340","A","61"
"96344","A","141"
"96350","A","137"
"96351","A","38"
"96352","A","53"
"96355","A","155"
"96358","A","14"
"96360","A","144"
"96365","A","428"
"96367","A","210"
"96372","A","460"
"96375","A","112"
"96377","A","12"
"96381","A","463"
"96383","A","364"
"96384","A","48"
"96388","A","432"
"96390","A","176"
"96394","A","100"
"96396","A","321"
"96398","A","299"
"96401","A","421"
"96407","A","358"
"96412","A","90"
"96419","A","330"
"96420","A","332"
"96421","A","497"
"96424","A","217"
"96428","A","384"
"96432","A","184"
"96433","A","262"
"96437","A","384"
"96442","A","303"
"96449","A","210"
"96453","A","300"
"96454","A","451"
"96462","A","20"
"96466","A","362"
"96473","A","162"
"96475","A","316"
"96478","A","53"
"96480","A","63"
"96481","A","299"
"96488","A","308"
"96492","A","302"
"96494","A","131"
"96495","A","43"
"96498","A","161"
"96500","A","291"
"96510","A","25"
"96511","A","53"
"96514","A","137"
"96515","A","353"
"96516","A","355"
"96522","A","258"
"96527","A","227"
"96530","A","169"
"96531","A","158"
"96533","A","219"
"96534","A","213"
"96539","A","358"
"96546","A","326"
"96550","A","373"
"96553","A","321"
"96559","A","342"
"96561","A","262"
"96565","A","496"
"96568","A","288"
"96570","A","105"
"96578","A","404"
"96587","A","40"
"96591","A","57"
"96593","A","496"
"96595","A","464"
"96598","A","417"
"96603","A","109"
"96617","A","13"
"96618","A","253"
"96624","A","248"
"96636","A","22"
"96642","A","189"
"96643","A","323"
"96653","A","207"
"96654","A","237"
"96661","A","233"
"96663","A","303"
"96664","A","494"
"96665","A","19"
"96676","A","227"
"96680","A","313"
"96681","A","202"
"96687","A","265"
"96706","A","289"
"96709","A","107"
"96710","A","341"
"96711","A","353"
"96719","A","379"
"96724","A","108"
"96725","A","442"
"96726","A","35"
"96727","A","447"
"96728","A","399"
"96732","A","493"
"96734","A","253"
"96735","A","299"
"96736","A","143"
"96741","A","115"
"96745","A","108"
"96750","A","27"
"96752","A","384"
"96753","A","266"
"96758","A","225"
"96760","A","139"
"96762","A","269"
"96771","A","139"
"96772","A","147"
"96773","A","441"
"96774","A","270"
"96775","A","85"
"96777","A","37"
"96792","A","276"
"96800","A","362"
"96801","A","262"
"96803","A","291"
"96806","A","339"
"96813","A","248"
"96815","A","281"
"96824","A","419"
"96825","A","38"
"96826","A","358"
"96827","A","74"
"96828","A","474"
"96829","A","53"
"96834","A","430"
"96837","A","165"
"96839","A","331"
"96841","A","413"
"96847","A","90"
"96851","A","78"
"96853","A","407"
"96857","A","269"
"96859","A","444"
"96863","A","311"
"96865","A","289"
"96866","A","455"
"96869","A","401"
"96871","A","217"
"96872","A","206"
"96882","A","53"
"96883","A","80"
"96885","A","289"
"96890","A","416"
"96903","A","189"
"96904","A","194"
"96905","A","258"
"96918","A","322"
"96922","A","39"
"96924","A","51"
"96926","A","405"
"96929","A","321"
"96932","A","195"
"96933","A","407"
"96934","A","284"
"96935","A","306"
"96940","A","84"
"96943","A","233"
"96948","A","183"
"96949","A","494"
"96955","A","204"
"96958","A","462"
"96961","A","282"
"96967","A","123"
"96968","A","345"
"96977","A","14"
"96982","A","353"
"96984","A","344"
"96990","A","117"
"96993","A","43"
"97001","A","172"
"97003","A","161"
"97014","A","36"
"97020","A","229"
"97021","A","277"
"97022","A","11"
"97028","A","163"
"97030","A","235"
"97032","A","245"
"97043","A","395"
"97044","A","143"
"97046","A","191"
"97068","A","138"
"97069","A","406"
"97070","A","103"
"97073","A","31"
"97081","A","144"
"97085","A","449"
"97086","A","141"
"97087","A","177"
"97091","A","153"
"97095","A","87"
"97097","A","88"
"97099","A","444"
"97114","A","280"
"97116","A","16"
"97117","A","310"
"97120","A","266"
"97122","A","478"
"97126","A","199"
"97130","A","199"
"97132","A","48"
"97146","A","74"
"97153","A","233"
"97154","A","231"
"97168","A","63"
"97170","A","143"
"97173","A","354"
"97174","A","46"
"97175","A","464"
"97176","A","273"
"97188","A","101"
"97190","A","377"
"97192","A","386"
"97196","A","65"
"97197","A","65"
"97204","A","157"
"97210","A","74"
"97211","A","499"
"97212","A","147"
"97216","A","148"
"97223","A","243"
"97225","A","443"
"97231","A","474"
"97232","A","45"
"97236","A","146"
"97237","A","129"
"97239","A","181"
"97243","A","152"
"97244","A","407"
"97253","A","241"
"97256","A","312"
"97262","A","397"
"97263","A","450"
"97265","A","60"
"97268","A","481"
"97270","A","351"
"97272","A","137"
"97274","A","65"
"97277","A","309"
"97284","A","30"
"97287","A","184"
"97301","A","330"
"97304","A","191"
"97312","A","134"
"97318","A","174"
"97320","A","105"
"97325","A","378"
"97327","A","140"
"97338","A","22"
"97344","A","162"
"97346","A","330"
"97347","A","69"
"97354","A","344"
"97355","A","59"
"97368","A","424"
"97371","A","75"
"97372","A","478"
"97391","A","234"
"97397","A","191"
"97403","A","377"
"97411","A","425"
"97412","A","115"
"97416","A","442"
"97417","A","290"
"97419","A","62"
"97422","A","152"
"97436","A","21"
"97438","A","380"
"97439","A","175"
"97440","A","356"
"97444","A","378"
"97447","A","342"
"97448","A","150"
"97450","A","66"
"97456","A","343"
"97458","A","316"
"97460","A","220"
"97461","A","439"
"97462","A","254"
"97468","A","405"
"97469","A","226"
"97473","A","492"
"97479","A","128"
"97484","A","131"
"97492","A","80"
"97494","A","233"
"97495","A","116"
"97496","A","212"
"97497","A","274"
"97511","A","389"
"97515","A","143"
"97519","A","80"
"97527","A","157"
"97532","A","382"
"97533","A","280"
"97536","A","59"
"97537","A","22"
"97541","A","276"
"97551","A","315"
"97553","A","303"
"97554","A","497"
"97555","A","303"
"97560","A","158"
"97563","A","270"
"97565","A","275"
"97571","A","382"
"97592","A","486"
"97593","A","440"
"97596","A","385"
"97597","A","350"
"97604","A","372"
"97609","A","237"
"97612","A","338"
"97626","A","230"
"97628","A","236"
"97639","A","280"
"97640","A","341"
"97642","A","488"
"97648","A","231"
"97657","A","216"
"97662","A","397"
"97666","A","398"
"97667","A","64"
"97675","A","150"
"97676","A","233"
"97678","A","67"
"97680","A","390"
"97684","A","280"
"97688","A","82"
"97689","A","165"
"97692","A","185"
"97703","A","460"
"97705","A","202"
"97708","A","168"
"97712","A","424"
"97714","A","299"
"97722","A","140"
"97726","A","273"
"97733","A","237"
"97750","A","448"
"97751","A","86"
"97752","A","259"
"97759","A","341"
"97760","A","429"
"97766","A","271"
"97767","A","219"
"97775","A","186"
"97778","A","272"
"97779","A","261"
"97780","A","351"
"97795","A","321"
"97797","A","21"
"97800","A","52"
"97801","A","403"
"97803","A","18"
"97806","A","475"
"97812","A","198"
"97813","A","279"
"97815","A","95"
"97821","A","335"
"97831","A","460"
"97841","A","163"
"97843","A","51"
"97847","A","444"
"97848","A","303"
"97849","A","159"
"97851","A","64"
"97854","A","120"
"97855","A","149"
"97862","A","383"
"97880","A","367"
"97882","A","468"
"97883","A","100"
"97888","A","319"
"97890","A","61"
"97892","A","180"
"97893","A","80"
"97900","A","332"
"97904","A","243"
"97906","A","207"
"97911","A","397"
"97923","A","20"
"97931","A","397"
"97933","A","143"
"97936","A","329"
"97939","A","113"
"97942","A","483"
"97945","A","423"
"97946","A","111"
"97947","A","429"
"97955","A","307"
"97958","A","253"
"97964","A","83"
"97965","A","101"
"97968","A","341"
"97969","A","475"
"97980","A","454"
"97988","A","415"
"97989","A","169"
"97990","A","373"
"97994","A","326"
"98003","A","285"
"98006","A","329"
"98011","A","122"
"98016","A","27"
"98019","A","120"
"98020","A","244"
"98026","A","300"
"98036","A","109"
"98037","A","401"
"98047","A","258"
"98048","A","374"
"98053","A","350"
"98063","A","399"
"98066","A","342"
"98067","A","412"
"98069","A","308"
"98072","A","97"
"98082","A","87"
"98083","A","254"
"98085","A","224"
"98086","A","94"
"98087","A","164"
"98088","A","271"
"98090","A","314"
"98093","A","199"
"98102","A","313"
"98107","A","405"
"98108","A","140"
"98111","A","196"
"98116","A","202"
"98119","A","18"
"98120","A","155"
"98126","A","491"
"98129","A","223"
"98133","A","109"
"98145","A","48"
"98147","A","336"
"98156","A","313"
"98162","A","457"
"98163","A","167"
"98164","A","147"
"98167","A","111"
"98172","A","125"
"98173","A","174"
"98180","A","85"
"98184","A","222"
"98185","A","24"
"98187","A","154"
"98188","A","313"
"98198","A","186"
"98201","A","398"
"98203","A","195"
"98207","A","108"
"98215","A","139"
"98216","A","163"
"98217","A","275"
"98218","A","438"
"98221","A","342"
"98226","A","478"
"98227","A","270"
"98230","A","219"
"98234","A","230"
"98241","A","280"
"98245","A","300"
"98249","A","431"
"98251","A","341"
"98253","A","428"
"98257","A","409"
"98260","A","289"
"98265","A","261"
"98266","A","97"
"98272","A","427"
"98275","A","388"
"98278","A","404"
"98293","A","57"
"98302","A","463"
"98316","A","107"
"98321","A","232"
"98323","A","62"
"98324","A","324"
"98328","A","192"
"98334","A","294"
"98337","A","236"
"98339","A","34"
"98340","A","107"
"98361","A","212"
"98362","A","299"
"98364","A","217"
"98368","A","161"
"98380","A","267"
"98385","A","303"
"98387","A","108"
"98392","A","488"
"98397","A","176"
"98398","A","450"
"98406","A","97"
"98407","A","325"
"98408","A","224"
"98411","A","60"
"98412","A","441"
"98413","A","121"
"98425","A","189"
"98427","A","253"
"98432","A","291"
"98433","A","69"
"98436","A","446"
"98441","A","281"
"98443","A","341"
"98449","A","224"
"98457","A","198"
"98459","A","42"
"98466","A","180"
"98469","A","206"
"98470","A","380"
"98474","A","467"
"98476","A","132"
"98477","A","359"
"98481","A","394"
"98491","A","466"
"98492","A","151"
"98494","A","48"
"98502","A","432"
"98504","A","244"
"98517","A","165"
"98518","A","345"
"98519","A","485"
"98521","A","454"
"98522","A","223"
"98525","A","430"
"98526","A","360"
"98535","A","359"
"98537","A","342"
"98540","A","143"
"98548","A","407"
"98550","A","250"
"98556","A","26"
"98558","A","263"
"98560","A","87"
"98563","A","86"
"98574","A","33"
"98575","A","248"
"98579","A","119"
"98584","A","446"
"98589","A","127"
"98591","A","497"
"98600","A","186"
"98602","A","243"
"98605","A","64"
"98612","A","397"
"98620","A","392"
"98622","A","308"
"98623","A","72"
"98626","A","225"
"98627","A","143"
"98631","A","206"
"98633","A","338"
"98634","A","406"
"98635","A","393"
"98637","A","154"
"98639","A","372"
"98642","A","145"
"98643","A","124"
"98644","A","228"
"98651","A","31"
"98658","A","471"
"98662","A","365"
"98663","A","355"
"98665","A","382"
"98666","A","145"
"98669","A","14"
"98672","A","488"
"98674","A","194"
"98689","A","429"
"98692","A","70"
"98694","A","76"
"98696","A","237"
"98697","A","259"
"98698","A","55"
"98706","A","21"
"98709","A","169"
"98713","A","295"
"98714","A","197"
"98715","A","345"
"98719","A","170"
"98720","A","35"
"98724","A","409"
"98733","A","261"
"98736","A","27"
"98742","A","487"
"98750","A","324"
"98758","A","483"
"98761","A","147"
"98768","A","198"
"98771","A","244"
"98776","A","244"
"98778","A","307"
"98782","A","22"
"98792","A","483"
"98815","A","91"
"98817","A","128"
"98819","A","336"
"98831","A","256"
"98834","A","232"
"98835","A","441"
"98840","A","126"
"98847","A","414"
"98848","A","11"
"98850","A","319"
"98861","A","143"
"98863","A","333"
"98867","A","446"
"98878","A","68"
"98885","A","331"
"98886","A","200"
"98887","A","102"
"98891","A","445"
"98901","A","383"
"98903","A","335"
"98905","A","110"
"98907","A","155"
"98908","A","237"
"98909","A","201"
"98911","A","100"
"98915","A","138"
"98917","A","189"
"98918","A","205"
"98921","A","29"
"98922","A","274"
"98929","A","113"
"98933","A","173"
"98934","A","369"
"98935","A","27"
"98937","A","369"
"98939","A","248"
"98941","A","274"
"98945","A","238"
"98946","A","353"
"98949","A","86"
"98955","A","59"
"98959","A","318"
"98960","A","414"
"98963","A","148"
"98966","A","16"
"98967","A","137"
"98969","A","189"
"98978","A","30"
"98980","A","32"
"98981","A","442"
"98983","A","24"
"98984","A","432"
"98985","A","194"
"98989","A","294"
"98993","A","197"
"98999","A","45"
"99000","A","251"
"99005","A","244"
"99018","A","74"
"99022","A","235"
"99030","A","183"
"99032","A","61"
"99036","A","363"
"99041","A","243"
"99047","A","449"
"99051","A","421"
"99053","A","480"
"99054","A","256"
"99057","A","319"
"99063","A","156"
"99065","A","56"
"99074","A","187"
"99082","A","213"
"99083","A","498"
"99086","A","71"
"99094","A","247"
"99100","A","379"
"99102","A","95"
"99115","A","211"
"99116","A","118"
"99117","A","425"
"99119","A","459"
"99120","A","57"
"99135","A","66"
"99136","A","49"
"99137","A","86"
"99138","A","223"
"99139","A","406"
"99150","A","311"
"99162","A","98"
"99164","A","331"
"99169","A","223"
"99172","A","45"
"99177","A","293"
"99179","A","69"
"99180","A","444"
"99182","A","118"
"99187","A","191"
"99189","A","105"
"99191","A","52"
"99199","A","176"
"99204","A","464"
"99207","A","293"
"99210","A","315"
"99212","A","420"
"99217","A","117"
"99219","A","223"
"99220","A","282"
"99224","A","45"
"99228","A","267"
"99230","A","185"
"99236","A","319"
"99255","A","13"
"99261","A","135"
"99262","A","151"
"99267","A","387"
"99279","A","17"
"99280","A","381"
"99282","A","240"
"99292","A","475"
"99293","A","497"
"99295","A","41"
"99296","A","266"
"99300","A","233"
"99303","A","33"
"99314","A","214"
"99318","A","208"
"99319","A","220"
"99322","A","270"
"99328","A","142"
"99329","A","209"
"99330","A","332"
"99334","A","267"
"99336","A","43"
"99341","A","71"
"99342","A","362"
"99348","A","213"
"99351","A","263"
"99352","A","399"
"99353","A","41"
"99360","A","407"
"99361","A","206"
"99363","A","434"
"99367","A","55"
"99373","A","497"
"99381","A","321"
"99384","A","145"
"99388","A","231"
"99393","A","453"
"99394","A","416"
"99403","A","463"
"99408","A","373"
"99414","A","124"
"99431","A","127"
"99433","A","34"
"99438","A","401"
"99443","A","171"
"99445","A","308"
"99453","A","224"
"99456","A","437"
"99458","A","286"
"99459","A","252"
"99460","A","197"
"99462","A","205"
"99464","A","50"
"99465","A","217"
"99485","A","188"
"99488","A","19"
"99491","A","208"
"99496","A","96"
"99499","A","427"
"99504","A","139"
"99506","A","459"
"99508","A","139"
"99519","A","414"
"99522","A","280"
"99528","A","278"
"99542","A","394"
"99546","A","95"
"99550","A","38"
"99556","A","135"
"99557","A","427"
"99559","A","75"
"99575","A","420"
"99578","A","284"
"99590","A","118"
"99594","A","211"
"99600","A","62"
"99602","A","429"
"99605","A","29"
"99608","A","467"
"99610","A","138"
"99616","A","42"
"99620","A","356"
"99622","A","318"
"99628","A","318"
"99629","A","483"
"99632","A","175"
"99633","A","46"
"99634","A","12"
"99639","A","352"
"99645","A","99"
"99646","A","367"
"99648","A","110"
"99657","A","445"
"99660","A","141"
"99666","A","122"
"99669","A","496"
"99670","A","387"
"99672","A","394"
"99686","A","117"
"99687","A","139"
"99688","A","146"
"99692","A","482"
"99694","A","169"
"99699","A","211"
"99701","A","220"
"99713","A","292"
"99717","A","229"
"99721","A","493"
"99722","A","311"
"99724","A","317"
"99728","A","80"
"99736","A","214"
"99738","A","393"
"99752","A","178"
"99757","A","196"
"99772","A","150"
"99773","A","154"
"99779","A","303"
"99784","A","490"
"99788","A","215"
"99789","A","83"
"99791","A","353"
"99801","A","24"
"99808","A","226"
"99816","A","389"
"99817","A","228"
"99820","A","109"
"99822","A","495"
"99828","A","226"
"99830","A","154"
"99831","A","490"
"99832","A","394"
"99835","A","467"
"99842","A","337"
"99849","A","128"
"99850","A","479"
"99852","A","105"
"99857","A","206"
"99863","A","251"
"99864","A","235"
"99875","A","16"
"99880","A","353"
"99884","A","436"
"99888","A","83"
"99895","A","39"
"99898","A","111"
"99904","A","289"
"99911","A","286"
"99913","A","65"
"99914","A","50"
"99918","A","289"
"99929","A","440"
"99930","A","347"
"99931","A","448"
"99933","A","79"
"99939","A","287"
"99943","A","328"
"99944","A","270"
"99945","A","312"
"99951","A","235"
"99952","A","429"
"99962","A","118"
"99963","A","25"
"99964","A","319"
"99965","A","375"
"99968","A","495"
"99971","A","467"
"99972","A","339"
"99973","A","76"
"99986","A","231"
"99989","A","322"
"100000","A","101"
"100006","A","41"
"100008","A","29"
"100010","A","45"
"100013","A","42"
"100022","A","293"
"100024","A","82"
"100030","A","448"
"100033","A","251"
"100034","A","142"
"100046","A","345"
"100050","A","345"
"100052","A","471"
"100054","A","261"
"100061","A","464"
"100067","A","475"
"100068","A","212"
"100082","A","262"
"100083","A","417"
"100085","A","490"
"100087","A","181"
"100090","A","15"
"100095","A","101"
"100098","A","379"
"100105","A","69"
"100119","A","124"
"100120","A","397"
"100131","A","261"
"100134","A","137"
"100139","A","269"
"100140","A","109"
"100143","A","347"
"100149","A","291"
"100151","A","444"
"100155","A","199"
"100161","A","491"
"100166","A","361"
"100172","A","76"
"100174","A","498"
"100175","A","424"
"100185","A","352"
"100187","A","292"
"100192","A","445"
"100193","A","280"
"100197","A","377"
"100201","A","417"
"100202","A","331"
"100205","A","341"
"100207","A","206"
"100209","A","473"
"100212","A","17"
"100213","A","60"
"100216","A","100"
"100222","A","57"
"100225","A","184"
"100232","A","153"
"100244","A","402"
"100250","A","433"
"100254","A","272"
"100255","A","304"
"100258","A","16"
"100259","A","143"
"100261","A","84"
"100262","A","436"
"100271","A","459"
"100272","A","63"
"100277","A","170"
"100289","A","307"
"100292","A","387"
"100294","A","402"
"100297","A","455"
"100299","A","146"
"100300","A","117"
"100302","A","228"
"100305","A","461"
"100309","A","417"
"100313","A","83"
"100335","A","338"
"100340","A","240"
"100345","A","110"
"100349","A","122"
"100356","A","374"
"100360","A","342"
"100362","A","164"
"100366","A","268"
"100369","A","59"
"100377","A","68"
"100378","A","228"
"100381","A","57"
"100383","A","263"
"100385","A","490"
"100386","A","390"
"100392","A","63"
"100395","A","37"
"100397","A","89"
"100398","A","261"
"100406","A","335"
"100407","A","452"
"100409","A","338"
"100425","A","288"
"100428","A","164"
"100430","A","287"
"100433","A","158"
"100434","A","41"
"100438","A","71"
"100451","A","497"
"100453","A","224"
"100456","A","233"
"100459","A","131"
"100466","A","452"
"100468","A","171"
"100469","A","412"
"100471","A","12"
"100472","A","497"
"100482","A","192"
"100492","A","335"
"100493","A","114"
"100494","A","156"
"100497","A","496"
"100499","A","452"
"100502","A","495"
"100505","A","59"
"100506","A","262"
"100508","A","432"
"100510","A","30"
"100512","A","224"
"100514","A","146"
"100516","A","483"
"100525","A","495"
"100527","A","453"
"100531","A","47"
"100538","A","213"
"100542","A","393"
"100545","A","356"
"100551","A","282"
"100554","A","224"
"100557","A","252"
"100560","A","400"
"100561","A","448"
"100570","A","317"
"100574","A","314"
"100576","A","494"
"100582","A","483"
"100584","A","54"
"100585","A","106"
"100587","A","110"
"100588","A","417"
"100591","A","386"
"100595","A","216"
"100601","A","233"
"100611","A","56"
"100627","A","434"
"100631","A","50"
"100634","A","430"
"100643","A","247"
"100646","A","201"
"100649","A","39"
"100662","A","87"
"100666","A","37"
"100672","A","75"
"100674","A","412"
"100679","A","211"
"100680","A","330"
"100685","A","107"
"100686","A","366"
"100688","A","59"
"100694","A","330"
"100695","A","25"
"100697","A","335"
"100698","A","199"
"100703","A","18"
"100714","A","17"
"100715","A","423"
"100734","A","308"
"100737","A","362"
"100738","A","50"
"100742","A","366"
"100743","A","13"
"100751","A","219"
"100754","A","81"
"100755","A","257"
"100757","A","116"
"100760","A","372"
"100772","A","72"
"100774","A","206"
"100775","A","217"
"100777","A","256"
"100779","A","122"
"100783","A","303"
"100785","A","76"
"100786","A","91"
"100788","A","450"
"100797","A","185"
"100800","A","143"
"100803","A","440"
"100805","A","447"
"100807","A","58"
"100811","A","69"
"100813","A","246"
"100815","A","90"
"100817","A","175"
"100822","A","232"
"100827","A","487"
"100829","A","190"
"100831","A","471"
"100833","A","280"
"100836","A","206"
"100838","A","360"
"100839","A","121"
"100843","A","199"
"100845","A","285"
"100846","A","157"
"100848","A","400"
"100849","A","39"
"100853","A","121"
"100854","A","458"
"100856","A","244"
"100859","A","57"
"100860","A","413"
"100863","A","127"
"100870","A","322"
"100871","A","309"
"100875","A","31"
"100877","A","78"
"100886","A","469"
"100889","A","284"
"100891","A","272"
"100894","A","88"
"100898","A","12"
"100899","A","334"
"100900","A","170"
"100901","A","471"
"100914","A","406"
"100915","A","91"
"100917","A","406"
"100919","A","142"
"100920","A","237"
"100924","A","462"
"100934","A","456"
"100937","A","399"
"100940","A","439"
"100942","A","448"
"100951","A","179"
"100953","A","275"
"100959","A","156"
"100963","A","186"
"100965","A","479"
"100968","A","393"
"100973","A","213"
"100979","A","200"
"100983","A","84"
"100985","A","383"
"100987","A","130"
"100988","A","214"
"100993","A","495"
"100995","A","426"
"101002","A","168"
"101009","A","264"
"101012","A","35"
"101023","A","65"
"101026","A","396"
"101030","A","441"
"101031","A","412"
"101039","A","347"
"101040","A","252"
"101041","A","367"
"101046","A","112"
"101055","A","353"
"101056","A","273"
"101058","A","133"
"101059","A","243"
"101060","A","479"
"101061","A","124"
"101063","A","463"
"101067","A","344"
"101072","A","320"
"101078","A","327"
"101082","A","258"
"101086","A","369"
"101088","A","393"
"101090","A","304"
"101099","A","417"
"101100","A","55"
"101101","A","273"
"101110","A","33"
"101118","A","177"
"101122","A","22"
"101130","A","262"
"101135","A","484"
"101137","A","265"
"101138","A","315"
"101141","A","279"
"101156","A","37"
"101157","A","468"
"101175","A","484"
"101176","A","264"
"101185","A","416"
"101188","A","15"
"101192","A","148"
"101194","A","405"
"101195","A","209"
"101198","A","294"
"101209","A","356"
"101214","A","406"
"101219","A","169"
"101223","A","119"
"101225","A","161"
"101227","A","19"
"101228","A","365"
"101231","A","68"
"101239","A","155"
"101249","A","476"
"101250","A","429"
"101252","A","278"
"101267","A","98"
"101268","A","200"
"101274","A","378"
"101279","A","441"
"101285","A","438"
"101295","A","185"
"101299","A","180"
"101303","A","419"
"101304","A","420"
"101307","A","183"
"101310","A","392"
"101312","A","423"
"101313","A","35"
"101317","A","419"
"101326","A","20"
"101330","A","456"
"101338","A","137"
"101346","A","46"
"101347","A","434"
"101352","A","192"
"101355","A","235"
"101359","A","365"
"101360","A","249"
"101364","A","198"
"101373","A","275"
"101375","A","134"
"101377","A","329"
"101379","A","258"
"101384","A","148"
"101391","A","183"
"101394","A","132"
"101397","A","181"
"101400","A","320"
"101401","A","344"
"101402","A","109"
"101403","A","254"
"101408","A","207"
"101417","A","394"
"101421","A","221"
"101422","A","436"
"101425","A","254"
"101426","A","40"
"101433","A","312"
"101437","A","128"
"101439","A","56"
"101442","A","83"
"101453","A","40"
"101464","A","189"
"101468","A","432"
"101472","A","126"
"101473","A","13"
"101474","A","17"
"101476","A","69"
"101481","A","87"
"101490","A","139"
"101492","A","276"
"101497","A","99"
"101501","A","408"
"101511","A","165"
"101512","A","393"
"101515","A","473"
"101520","A","341"
"101522","A","320"
"101526","A","299"
"101528","A","64"
"101537","A","470"
"101540","A","38"
"101541","A","411"
"101545","A","324"
"101555","A","306"
"101556","A","415"
"101560","A","255"
"101562","A","250"
"101564","A","418"
"101566","A","71"
"101568","A","470"
"101569","A","438"
"101578","A","252"
"101584","A","116"
"101587","A","22"
"101589","A","428"
"101591","A","180"
"101593","A","359"
"101598","A","314"
"101599","A","280"
"101605","A","499"
"101615","A","372"
"101618","A","241"
"101620","A","439"
"101621","A","284"
"101628","A","131"
"101635","A","314"
"101642","A","312"
"101644","A","467"
"101652","A","494"
"101653","A","80"
"101654","A","413"
"101655","A","291"
"101661","A","65"
"101673","A","65"
"101675","A","240"
"101679","A","413"
"101680","A","436"
"101686","A","137"
"101690","A","465"
"101708","A","317"
"101709","A","210"
"101710","A","489"
"101719","A","100"
"101722","A","415"
"101726","A","267"
"101730","A","97"
"101732","A","469"
"101737","A","68"
"101742","A","311"
"101744","A","330"
"101746","A","478"
"101748","A","52"
"101752","A","350"
"101753","A","247"
"101756","A","451"
"101761","A","464"
"101763","A","65"
"101765","A","436"
"101768","A","237"
"101770","A","138"
"101773","A","470"
"101776","A","341"
"101777","A","18"
"101779","A","86"
"101784","A","177"
"101786","A","303"
"101790","A","138"
"101792","A","130"
"101793","A","414"
"101798","A","69"
"101799","A","283"
"101806","A","265"
"101807","A","401"
"101812","A","295"
"101824","A","373"
"101830","A","136"
"101833","A","53"
"101840","A","456"
"101842","A","329"
"101847","A","318"
"101848","A","259"
"101850","A","21"
"101851","A","376"
"101861","A","282"
"101863","A","268"
"101869","A","454"
"101870","A","16"
"101878","A","276"
"101879","A","467"
"101884","A","269"
"101886","A","308"
"101888","A","403"
"101890","A","37"
"101904","A","411"
"101913","A","484"
"101915","A","498"
"101921","A","443"
"101923","A","435"
"101926","A","49"
"101927","A","148"
"101940","A","22"
"101944","A","201"
"101946","A","113"
"101949","A","15"
"101954","A","472"
"101957","A","454"
"101962","A","435"
"101964","A","208"
"101965","A","38"
"101971","A","96"
"101974","A","192"
"101976","A","161"
"101979","A","89"
"101980","A","296"
"101988","A","445"
"101992","A","321"
"101997","A","191"
"102002","A","182"
"102005","A","183"
"102010","A","414"
"102012","A","146"
"102018","A","59"
"102023","A","80"
"102024","A","386"
"102025","A","160"
"102027","A","134"
"102028","A","367"
"102032","A","12"
"102033","A","368"
"102038","A","137"
"102047","A","87"
"102051","A","437"
"102052","A","286"
"102055","A","94"
"102056","A","132"
"102073","A","227"
"102079","A","261"
"102080","A","224"
"102082","A","253"
"102090","A","221"
"102091","A","16"
"102092","A","120"
"102093","A","41"
"102095","A","305"
"102105","A","353"
"102107","A","260"
"102108","A","481"
"102109","A","413"
"102112","A","124"
"102114","A","447"
"102120","A","339"
"102131","A","392"
"102134","A","454"
"102142","A","232"
"102143","A","196"
"102147","A","258"
"102149","A","100"
"102153","A","349"
"102159","A","274"
"102160","A","124"
"102168","A","76"
"102176","A","270"
"102180","A","284"
"102182","A","199"
"102185","A","418"
"102197","A","28"
"102201","A","316"
"102207","A","322"
"102208","A","126"
"102209","A","196"
"102210","A","345"
"102216","A","40"
"102223","A","156"
"102225","A","493"
"102227","A","427"
"102230","A","393"
"102231","A","175"
"102234","A","80"
"102235","A","431"
"102237","A","80"
"102243","A","297"
"102244","A","260"
"102246","A","465"
"102248","A","216"
"102251","A","154"
"102252","A","322"
"102257","A","473"
"102259","A","111"
"102262","A","110"
"102264","A","320"
"102265","A","177"
"102271","A","379"
"102275","A","134"
"102286","A","442"
"102289","A","57"
"102293","A","474"
"102294","A","275"
"102296","A","264"
"102299","A","434"
"102300","A","288"
"102304","A","440"
"102311","A","149"
"102312","A","398"
"102317","A","142"
"102320","A","45"
"102325","A","89"
"102326","A","104"
"102332","A","258"
"102334","A","211"
"102335","A","378"
"102343","A","378"
"102345","A","30"
"102347","A","277"
"102359","A","29"
"102361","A","356"
"102362","A","127"
"102363","A","388"
"102368","A","242"
"102370","A","224"
"102383","A","360"
"102388","A","133"
"102391","A","160"
"102398","A","478"
"102400","A","345"
"102405","A","383"
"102406","A","108"
"102414","A","255"
"102429","A","149"
"102438","A","489"
"102440","A","423"
"102451","A","95"
"102456","A","381"
"102460","A","129"
"102462","A","320"
"102464","A","99"
"102470","A","384"
"102471","A","108"
"102475","A","257"
"102478","A","352"
"102482","A","470"
"102485","A","11"
"102488","A","250"
"102495","A","199"
"102496","A","382"
"102503","A","263"
"102510","A","400"
"102511","A","473"
"102516","A","172"
"102518","A","175"
"102527","A","285"
"102530","A","137"
"102537","A","248"
"102543","A","70"
"102544","A","169"
"102547","A","390"
"102549","A","316"
"102550","A","387"
"102554","A","470"
"102559","A","168"
"102568","A","187"
"102570","A","55"
"102571","A","88"
"102572","A","144"
"102573","A","311"
"102584","A","359"
"102587","A","222"
"102588","A","469"
"102589","A","408"
"102590","A","349"
"102593","A","21"
"102596","A","364"
"102598","A","162"
"102600","A","382"
"102604","A","166"
"102607","A","17"
"102608","A","444"
"102609","A","56"
"102624","A","127"
"102625","A","248"
"102626","A","113"
"102627","A","140"
"102631","A","289"
"102634","A","12"
"102644","A","317"
"102648","A","155"
"102653","A","473"
"102656","A","43"
"102664","A","139"
"102666","A","236"
"102667","A","17"
"102670","A","449"
"102673","A","110"
"102680","A","416"
"102687","A","221"
"102694","A","88"
"102696","A","82"
"102698","A","415"
"102699","A","10"
"102700","A","495"
"102703","A","354"
"102708","A","123"
"102711","A","197"
"102717","A","434"
"102718","A","472"
"102719","A","449"
"102725","A","230"
"102728","A","339"
"102734","A","374"
"102736","A","281"
"102737","A","469"
"102738","A","28"
"102745","A","291"
"102748","A","307"
"102750","A","427"
"102756","A","298"
"102757","A","451"
"102763","A","119"
"102764","A","338"
"102765","A","356"
"102766","A","170"
"102770","A","75"
"102781","A","344"
"102791","A","446"
"102795","A","300"
"102808","A","127"
"102814","A","414"
"102822","A","425"
"102823","A","12"
"102831","A","231"
"102833","A","432"
"102835","A","489"
"102837","A","77"
"102838","A","57"
"102840","A","239"
"102841","A","270"
"102845","A","454"
"102848","A","497"
"102850","A","320"
"102855","A","478"
"102862","A","285"
"102872","A","56"
"102873","A","11"
"102879","A","258"
"102880","A","306"
"102881","A","187"
"102882","A","163"
"102887","A","56"
"102888","A","251"
"102890","A","229"
"102891","A","208"
"102900","A","214"
"102904","A","354"
"102905","A","94"
"102908","A","188"
"102912","A","62"
"102926","A","159"
"102934","A","471"
"102937","A","211"
"102943","A","80"
"102944","A","486"
"102946","A","226"
"102952","A","140"
"102953","A","325"
"102963","A","465"
"102969","A","25"
"102974","A","343"
"102982","A","197"
"102985","A","480"
"102986","A","382"
"102988","A","323"
"103001","A","104"
"103005","A","449"
"103010","A","51"
"103013","A","125"
"103015","A","155"
"103022","A","75"
"103024","A","421"
"103026","A","351"
"103029","A","32"
"103030","A","366"
"103032","A","432"
"103034","A","249"
"103035","A","360"
"103042","A","160"
"103043","A","58"
"103055","A","350"
"103057","A","369"
"103058","A","333"
"103064","A","352"
"103068","A","476"
"103069","A","115"
"103073","A","413"
"103074","A","25"
"103078","A","174"
"103080","A","122"
"103081","A","144"
"103082","A","265"
"103094","A","17"
"103102","A","462"
"103106","A","443"
"103111","A","470"
"103113","A","161"
"103116","A","345"
"103126","A","453"
"103130","A","344"
"103135","A","422"
"103142","A","194"
"103147","A","116"
"103148","A","377"
"103160","A","357"
"103162","A","369"
"103164","A","58"
"103174","A","321"
"103178","A","165"
"103180","A","212"
"103188","A","193"
"103192","A","335"
"103193","A","105"
"103194","A","124"
"103198","A","211"
"103199","A","217"
"103202","A","349"
"103203","A","321"
"103213","A","184"
"103221","A","430"
"103223","A","305"
"103229","A","68"
"103233","A","174"
"103235","A","304"
"103236","A","192"
"103238","A","76"
"103242","A","179"
"103246","A","202"
"103249","A","218"
"103255","A","438"
"103263","A","310"
"103269","A","233"
"103270","A","351"
"103273","A","288"
"103274","A","471"
"103276","A","217"
"103277","A","171"
"103281","A","389"
"103285","A","151"
"103290","A","495"
"103291","A","64"
"103293","A","95"
"103299","A","98"
"103304","A","28"
"103309","A","10"
"103315","A","216"
"103316","A","188"
"103318","A","366"
"103326","A","119"
"103328","A","245"
"103337","A","394"
"103338","A","127"
"103343","A","27"
"103354","A","183"
"103358","A","90"
"103361","A","249"
"103366","A","260"
"103375","A","267"
"103377","A","439"
"103386","A","479"
"103392","A","227"
"103398","A","130"
"103401","A","285"
"103403","A","42"
"103408","A","123"
"103409","A","151"
"103410","A","476"
"103412","A","24"
"103414","A","126"
"103415","A","191"
"103421","A","200"
"103424","A","217"
"103425","A","403"
"103426","A","130"
"103428","A","180"
"103430","A","137"
"103435","A","387"
"103444","A","269"
"103448","A","340"
"103449","A","82"
"103450","A","107"
"103453","A","159"
"103454","A","434"
"103457","A","199"
"103465","A","309"
"103469","A","419"
"103470","A","428"
"103474","A","255"
"103477","A","308"
"103494","A","104"
"103501","A","40"
"103505","A","239"
"103506","A","38"
"103508","A","366"
"103511","A","109"
"103512","A","325"
"103513","A","475"
"103515","A","235"
"103520","A","85"
"103522","A","100"
"103523","A","80"
"103524","A","372"
"103531","A","337"
"103533","A","283"
"103537","A","135"
"103539","A","178"
"103540","A","162"
"103548","A","466"
"103551","A","398"
"103552","A","417"
"103554","A","474"
"103555","A","197"
"103559","A","149"
"103563","A","121"
"103566","A","293"
"103567","A","349"
"103572","A","369"
"103573","A","177"
"103578","A","24"
"103583","A","466"
"103591","A","489"
"103595","A","296"
"103600","A","200"
"103603","A","222"
"103605","A","36"
"103606","A","234"
"103607","A","396"
"103608","A","220"
"103613","A","323"
"103614","A","228"
"103618","A","77"
"103623","A","82"
"103631","A","440"
"103632","A","132"
"103633","A","439"
"103634","A","159"
"103636","A","252"
"103637","A","45"
"103638","A","218"
"103642","A","47"
"103651","A","181"
"103656","A","220"
"103662","A","337"
"103668","A","274"
"103669","A","145"
"103670","A","180"
"103671","A","446"
"103684","A","192"
"103685","A","284"
"103687","A","179"
"103688","A","161"
"103692","A","475"
"103694","A","155"
"103699","A","305"
"103711","A","352"
"103715","A","265"
"103723","A","158"
"103725","A","376"
"103732","A","146"
"103737","A","485"
"103739","A","256"
"103740","A","281"
"103746","A","284"
"103749","A","160"
"103757","A","64"
"103761","A","444"
"103766","A","290"
"103767","A","200"
"103768","A","237"
"103770","A","317"
"103771","A","109"
"103776","A","473"
"103789","A","400"
"103790","A","84"
"103799","A","115"
"103802","A","261"
"103808","A","435"
"103809","A","41"
"103811","A","323"
"103814","A","78"
"103817","A","486"
"103823","A","322"
"103824","A","236"
"103826","A","383"
"103830","A","100"
"103837","A","430"
"103842","A","134"
"103849","A","238"
"103850","A","77"
"103851","A","195"
"103854","A","289"
"103855","A","207"
"103858","A","436"
"103859","A","219"
"103860","A","286"
"103863","A","50"
"103873","A","353"
"103875","A","71"
"103876","A","461"
"103877","A","404"
"103882","A","340"
"103887","A","437"
"103888","A","177"
"103894","A","284"
"103898","A","294"
"103899","A","493"
"103908","A","262"
"103909","A","369"
"103918","A","262"
"103922","A","297"
"103926","A","180"
"103927","A","33"
"103928","A","210"
"103930","A","76"
"103931","A","491"
"103932","A","75"
"103937","A","90"
"103950","A","357"
"103955","A","228"
"103962","A","140"
"103965","A","65"
"103966","A","421"
"103968","A","169"
"103973","A","113"
"103977","A","497"
"103979","A","457"
"103980","A","293"
"103984","A","193"
"103985","A","221"
"103987","A","190"
"103988","A","172"
"103989","A","354"
"103993","A","36"
"103994","A","91"
"104002","A","19"
"104005","A","473"
"104008","A","495"
"104009","A","485"
"104017","A","64"
"104025","A","491"
"104040","A","389"
"104047","A","462"
"104050","A","100"
"104053","A","303"
"104055","A","173"
"104057","A","492"
"104064","A","438"
"104071","A","194"
"104073","A","406"
"104074","A","490"
"104085","A","325"
"104087","A","183"
"104088","A","212"
"104093","A","418"
"104096","A","121"
"104107","A","112"
"104108","A","198"
"104116","A","324"
"104119","A","367"
"104125","A","471"
"104131","A","23"
"104134","A","387"
"104141","A","444"
"104143","A","43"
"104144","A","195"
"104148","A","30"
"104149","A","94"
"104151","A","174"
"104153","A","415"
"104156","A","60"
"104165","A","26"
"104169","A","15"
"104171","A","35"
"104174","A","254"
"104176","A","133"
"104177","A","239"
"104178","A","315"
"104191","A","296"
"104193","A","246"
"104197","A","409"
"104203","A","351"
"104205","A","189"
"104208","A","330"
"104209","A","300"
"104218","A","465"
"104219","A","235"
"104220","A","30"
"104225","A","465"
"104230","A","231"
"104231","A","33"
"104237","A","31"
"104239","A","461"
"104259","A","311"
"104261","A","450"
"104265","A","344"
"104270","A","184"
"104272","A","421"
"104280","A","53"
"104282","A","141"
"104288","A","19"
"104289","A","423"
"104290","A","489"
"104299","A","324"
"104306","A","203"
"104312","A","176"
"104313","A","476"
"104318","A","175"
"104319","A","249"
"104325","A","160"
"104326","A","434"
"104327","A","58"
"104331","A","379"
"104333","A","363"
"104338","A","155"
"104340","A","321"
"104345","A","403"
"104347","A","250"
"104349","A","352"
"104353","A","342"
"104357","A","287"
"104358","A","392"
"104365","A","246"
"104368","A","92"
"104387","A","214"
"104392","A","158"
"104393","A","303"
"104397","A","351"
"104403","A","92"
"104407","A","171"
"104408","A","312"
"104414","A","321"
"104417","A","399"
"104420","A","367"
"104422","A","89"
"104425","A","108"
"104433","A","498"
"104434","A","71"
"104436","A","380"
"104438","A","101"
"104439","A","431"
"104444","A","432"
"104446","A","108"
"104447","A","76"
"104450","A","133"
"104451","A","318"
"104459","A","326"
"104462","A","458"
"104463","A","273"
"104466","A","131"
"104471","A","496"
"104477","A","126"
"104481","A","335"
"104482","A","449"
"104484","A","181"
"104489","A","379"
"104490","A","170"
"104491","A","295"
"104492","A","196"
"104501","A","255"
"104504","A","478"
"104505","A","174"
"104506","A","37"
"104507","A","26"
"104508","A","236"
"104509","A","283"
"104511","A","390"
"104517","A","361"
"104519","A","280"
"104520","A","130"
"104524","A","314"
"104528","A","225"
"104531","A","478"
"104532","A","180"
"104533","A","82"
"104534","A","35"
"104535","A","352"
"104536","A","419"
"104537","A","102"
"104557","A","357"
"104560","A","265"
"104561","A","307"
"104564","A","383"
"104575","A","431"
"104585","A","13"
"104587","A","236"
"104589","A","33"
"104595","A","166"
"104596","A","395"
"104597","A","442"
"104598","A","353"
"104599","A","463"
"104602","A","178"
"104607","A","304"
"104608","A","52"
"104609","A","243"
"104610","A","491"
"104614","A","230"
"104615","A","169"
"104619","A","97"
"104620","A","144"
"104624","A","27"
"104630","A","59"
"104635","A","284"
"104650","A","37"
"104652","A","239"
"104653","A","212"
"104655","A","277"
"104659","A","146"
"104669","A","240"
"104674","A","381"
"104682","A","51"
"104685","A","239"
"104688","A","434"
"104716","A","10"
"104720","A","178"
"104724","A","304"
"104725","A","118"
"104734","A","145"
"104736","A","300"
"104738","A","315"
"104740","A","54"
"104746","A","447"
"104750","A","456"
"104754","A","256"
"104757","A","141"
"104771","A","222"
"104773","A","310"
"104779","A","94"
"104783","A","283"
"104785","A","160"
"104786","A","282"
"104791","A","24"
"104796","A","341"
"104805","A","331"
"104808","A","27"
"104814","A","180"
"104818","A","43"
"104819","A","215"
"104821","A","457"
"104825","A","107"
"104828","A","214"
"104829","A","368"
"104843","A","363"
"104846","A","246"
"104857","A","465"
"104858","A","311"
"104859","A","131"
"104861","A","80"
"104867","A","481"
"104886","A","354"
"104893","A","95"
"104895","A","112"
"104901","A","149"
"104904","A","219"
"104905","A","153"
"104906","A","496"
"104913","A","162"
"104915","A","463"
"104916","A","386"
"104922","A","376"
"104924","A","324"
"104926","A","274"
"104928","A","315"
"104931","A","388"
"104933","A","154"
"104936","A","362"
"104938","A","482"
"104940","A","441"
"104943","A","263"
"104948","A","146"
"104949","A","58"
"104951","A","238"
"104954","A","174"
"104967","A","211"
"104977","A","448"
"104978","A","394"
"104982","A","221"
"104986","A","322"
"104996","A","388"
"105000","A","232"
"105002","A","110"
"105003","A","19"
"105011","A","240"
"105019","A","112"
"105022","A","80"
"105027","A","336"
"105028","A","204"
"105029","A","27"
"105034","A","66"
"105035","A","22"
"105040","A","416"
"105048","A","247"
"105054","A","355"
"105057","A","446"
"105062","A","38"
"105066","A","447"
"105069","A","83"
"105070","A","62"
"105071","A","345"
"105073","A","429"
"105074","A","15"
"105076","A","194"
"105078","A","333"
"105080","A","222"
"105081","A","138"
"105083","A","25"
"105085","A","270"
"105086","A","153"
"105091","A","369"
"105111","A","172"
"105116","A","37"
"105120","A","205"
"105131","A","102"
"105133","A","19"
"105135","A","449"
"105136","A","17"
"105137","A","446"
"105138","A","313"
"105144","A","100"
"105146","A","116"
"105150","A","56"
"105151","A","77"
"105152","A","419"
"105158","A","95"
"105159","A","471"
"105170","A","27"
"105171","A","200"
"105173","A","209"
"105182","A","200"
"105184","A","493"
"105188","A","133"
"105189","A","260"
"105193","A","437"
"105196","A","452"
"105202","A","169"
"105205","A","31"
"105206","A","131"
"105207","A","331"
"105214","A","310"
"105216","A","53"
"105225","A","193"
"105234","A","17"
"105241","A","375"
"105246","A","417"
"105249","A","378"
"105250","A","131"
"105251","A","83"
"105252","A","171"
"105254","A","85"
"105268","A","175"
"105279","A","28"
"105284","A","90"
"105287","A","84"
"105290","A","272"
"105293","A","401"
"105299","A","231"
"105300","A","101"
"105301","A","255"
"105302","A","351"
"105303","A","417"
"105304","A","109"
"105306","A","492"
"105311","A","470"
"105314","A","469"
"105315","A","29"
"105317","A","89"
"105318","A","111"
"105328","A","498"
"105329","A","94"
"105338","A","199"
"105339","A","133"
"105342","A","239"
"105352","A","252"
"105353","A","302"
"105356","A","222"
"105357","A","400"
"105360","A","277"
"105362","A","460"
"105364","A","458"
"105368","A","381"
"105372","A","93"
"105373","A","87"
"105383","A","351"
"105385","A","309"
"105387","A","321"
"105393","A","262"
"105396","A","73"
"105403","A","103"
"105408","A","81"
"105410","A","283"
"105411","A","441"
"105412","A","264"
"105417","A","222"
"105420","A","19"
"105421","A","104"
"105422","A","230"
"105423","A","162"
"105427","A","497"
"105429","A","478"
"105441","A","149"
"105443","A","119"
"105447","A","266"
"105448","A","156"
"105450","A","266"
"105457","A","458"
"105460","A","128"
"105474","A","437"
"105478","A","407"
"105481","A","46"
"105484","A","281"
"105487","A","141"
"105488","A","138"
"105489","A","263"
"105490","A","124"
"105491","A","189"
"105492","A","316"
"105493","A","467"
"105494","A","337"
"105506","A","55"
"105507","A","133"
"105519","A","407"
"105523","A","284"
"105524","A","345"
"105525","A","382"
"105526","A","91"
"105529","A","332"
"105531","A","498"
"105533","A","21"
"105535","A","217"
"105536","A","411"
"105540","A","297"
"105542","A","170"
"105547","A","337"
"105548","A","74"
"105553","A","499"
"105557","A","332"
"105561","A","369"
"105564","A","217"
"105565","A","427"
"105575","A","404"
"105576","A","124"
"105583","A","421"
"105588","A","128"
"105589","A","213"
"105592","A","312"
"105593","A","466"
"105606","A","351"
"105609","A","495"
"105610","A","128"
"105611","A","207"
"105619","A","251"
"105622","A","490"
"105624","A","56"
"105628","A","164"
"105637","A","320"
"105641","A","335"
"105642","A","352"
"105646","A","23"
"105656","A","489"
"105658","A","187"
"105660","A","431"
"105661","A","288"
"105662","A","147"
"105663","A","55"
"105666","A","369"
"105667","A","279"
"105669","A","230"
"105671","A","263"
"105688","A","380"
"105692","A","111"
"105694","A","141"
"105700","A","462"
"105711","A","363"
"105722","A","310"
"105725","A","97"
"105728","A","155"
"105731","A","280"
"105732","A","239"
"105736","A","457"
"105751","A","281"
"105753","A","52"
"105759","A","359"
"105768","A","384"
"105769","A","368"
"105771","A","483"
"105772","A","322"
"105776","A","332"
"105780","A","37"
"105795","A","267"
"105800","A","266"
"105804","A","420"
"105805","A","275"
"105808","A","68"
"105810","A","225"
"105820","A","465"
"105839","A","230"
"105844","A","302"
"105849","A","214"
"105855","A","124"
"105861","A","487"
"105864","A","231"
"105871","A","440"
"105872","A","393"
"105876","A","146"
"105878","A","190"
"105882","A","192"
"105883","A","106"
"105884","A","185"
"105885","A","94"
"105888","A","484"
"105893","A","31"
"105894","A","335"
"105900","A","269"
"105908","A","133"
"105910","A","171"
"105913","A","58"
"105927","A","120"
"105929","A","303"
"105931","A","70"
"105938","A","99"
"105941","A","254"
"105951","A","319"
"105954","A","289"
"105956","A","67"
"105963","A","60"
"105964","A","107"
"105972","A","255"
"105976","A","18"
"105989","A","301"
"105992","A","393"
"105998","A","295"
"106000","A","180"
"106009","A","99"
"106010","A","197"
"106013","A","369"
"106017","A","337"
"106023","A","95"
"106026","A","212"
"106027","A","286"
"106034","A","209"
"106035","A","79"
"106039","A","261"
"106040","A","432"
"106042","A","15"
"106043","A","349"
"106044","A","164"
"106046","A","97"
"106051","A","126"
"106057","A","307"
"106061","A","452"
"106063","A","47"
"106067","A","124"
"106069","A","387"
"106071","A","447"
"106072","A","22"
"106075","A","182"
"106077","A","165"
"106079","A","231"
"106081","A","148"
"106084","A","411"
"106085","A","60"
"106086","A","448"
"106087","A","405"
"106088","A","395"
"106092","A","174"
"106106","A","34"
"106107","A","338"
"106111","A","289"
"106115","A","262"
"106120","A","488"
"106122","A","200"
"106125","A","461"
"106133","A","362"
"106140","A","281"
"106142","A","52"
"106145","A","470"
"106147","A","70"
"106149","A","245"
"106150","A","324"
"106163","A","497"
"106176","A","91"
"106180","A","439"
"106189","A","80"
"106192","A","130"
"106193","A","129"
"106194","A","469"
"106196","A","211"
"106203","A","115"
"106207","A","57"
"106209","A","316"
"106210","A","390"
"106211","A","440"
"106217","A","313"
"106221","A","15"
"106222","A","163"
"106237","A","206"
"106238","A","448"
"106240","A","260"
"106245","A","58"
"106246","A","442"
"106258","A","402"
"106260","A","288"
"106262","A","168"
"106272","A","474"
"106279","A","432"
"106281","A","395"
"106284","A","141"
"106285","A","30"
"106287","A","14"
"106288","A","395"
"106294","A","23"
"106296","A","306"
"106299","A","214"
"106300","A","34"
"106301","A","91"
"106306","A","98"
"106310","A","149"
"106318","A","414"
"106321","A","294"
"106322","A","472"
"106324","A","206"
"106327","A","119"
"106343","A","218"
"106348","A","151"
"106351","A","204"
"106352","A","387"
"106357","A","389"
"106360","A","170"
"106363","A","153"
"106369","A","69"
"106371","A","419"
"106372","A","249"
"106382","A","434"
"106388","A","158"
"106392","A","247"
"106394","A","206"
"106404","A","191"
"106405","A","307"
"106406","A","352"
"106412","A","207"
"106418","A","257"
"106421","A","195"
"106422","A","237"
"106427","A","413"
"106429","A","138"
"106430","A","248"
"106438","A","323"
"106446","A","172"
"106450","A","460"
"106459","A","180"
"106462","A","195"
"106464","A","397"
"106465","A","332"
"106474","A","264"
"106479","A","22"
"106480","A","105"
"106482","A","423"
"106484","A","488"
"106485","A","180"
"106486","A","335"
"106488","A","96"
"106494","A","350"
"106495","A","237"
"106501","A","349"
"106502","A","163"
"106505","A","143"
"106506","A","114"
"106520","A","274"
"106524","A","374"
"106525","A","400"
"106526","A","496"
"106537","A","304"
"106538","A","170"
"106542","A","140"
"106547","A","142"
"106554","A","123"
"106562","A","218"
"106571","A","90"
"106577","A","384"
"106580","A","473"
"106582","A","331"
"106593","A","232"
"106595","A","473"
"106596","A","298"
"106602","A","129"
"106608","A","171"
"106616","A","340"
"106621","A","382"
"106626","A","149"
"106628","A","329"
"106629","A","310"
"106631","A","295"
"106634","A","155"
"106635","A","20"
"106636","A","429"
"106638","A","332"
"106647","A","193"
"106650","A","346"
"106653","A","73"
"106664","A","96"
"106672","A","329"
"106680","A","37"
"106685","A","351"
"106687","A","253"
"106696","A","201"
"106706","A","221"
"106714","A","46"
"106720","A","42"
"106721","A","100"
"106726","A","398"
"106728","A","48"
"106729","A","329"
"106731","A","95"
"106738","A","453"
"106750","A","482"
"106755","A","58"
"106763","A","218"
"106764","A","137"
"106770","A","70"
"106774","A","76"
"106776","A","183"
"106781","A","459"
"106785","A","108"
"106787","A","334"
"106799","A","51"
"106801","A","265"
"106803","A","63"
"106805","A","392"
"106808","A","310"
"106814","A","251"
"106819","A","273"
"106826","A","372"
"106829","A","426"
"106834","A","249"
"106838","A","304"
"106839","A","183"
"106840","A","229"
"106841","A","161"
"106842","A","153"
"106848","A","307"
"106851","A","204"
"106858","A","206"
"106862","A","163"
"106863","A","24"
"106865","A","167"
"106866","A","29"
"106867","A","16"
"106869","A","203"
"106875","A","369"
"106876","A","239"
"106882","A","175"
"106886","A","251"
"106889","A","231"
"106899","A","480"
"106900","A","419"
"106902","A","489"
"106908","A","193"
"106912","A","175"
"106913","A","289"
"106914","A","423"
"106930","A","369"
"106931","A","109"
"106935","A","299"
"106942","A","333"
"106949","A","49"
"106950","A","263"
"106953","A","45"
"106955","A","363"
"106956","A","416"
"106966","A","381"
"106973","A","25"
"106977","A","422"
"106979","A","225"
"106980","A","416"
"106981","A","318"
"106983","A","77"
"106988","A","120"
"106998","A","447"
"107007","A","63"
"107009","A","295"
"107013","A","396"
"107016","A","333"
"107019","A","26"
"107021","A","13"
"107024","A","45"
"107027","A","125"
"107033","A","124"
"107035","A","415"
"107036","A","221"
"107051","A","300"
"107056","A","220"
"107057","A","146"
"107064","A","392"
"107067","A","278"
"107069","A","301"
"107070","A","325"
"107072","A","253"
"107075","A","399"
"107076","A","348"
"107082","A","39"
"107085","A","121"
"107087","A","160"
"107091","A","92"
"107099","A","161"
"107100","A","104"
"107106","A","386"
"107109","A","366"
"107123","A","171"
"107124","A","394"
"107126","A","423"
"107127","A","403"
"107129","A","140"
"107130","A","450"
"107135","A","461"
"107136","A","12"
"107140","A","268"
"107141","A","239"
"107142","A","293"
"107148","A","350"
"107151","A","359"
"107157","A","374"
"107163","A","210"
"107164","A","61"
"107165","A","312"
"107166","A","416"
"107175","A","181"
"107176","A","490"
"107177","A","27"
"107179","A","456"
"107180","A","74"
"107181","A","233"
"107190","A","324"
"107194","A","225"
"107195","A","288"
"107216","A","29"
"107218","A","333"
"107219","A","243"
"107226","A","259"
"107231","A","302"
"107238","A","318"
"107239","A","90"
"107243","A","312"
"107245","A","59"
"107249","A","461"
"107251","A","294"
"107258","A","472"
"107267","A","374"
"107273","A","184"
"107278","A","278"
"107279","A","103"
"107285","A","366"
"107287","A","494"
"107291","A","70"
"107293","A","351"
"107294","A","258"
"107295","A","198"
"107297","A","143"
"107299","A","81"
"107301","A","496"
"107312","A","33"
"107313","A","394"
"107315","A","42"
"107319","A","442"
"107327","A","76"
"107330","A","39"
"107332","A","225"
"107333","A","439"
"107334","A","393"
"107335","A","307"
"107336","A","486"
"107337","A","282"
"107339","A","498"
"107340","A","418"
"107343","A","437"
"107355","A","297"
"107357","A","396"
"107362","A","175"
"107364","A","95"
"107366","A","119"
"107368","A","462"
"107369","A","94"
"107371","A","449"
"107374","A","223"
"107379","A","469"
"107381","A","327"
"107382","A","384"
"107388","A","140"
"107391","A","88"
"107392","A","229"
"107395","A","60"
"107398","A","202"
"107400","A","375"
"107405","A","252"
"107409","A","44"
"107411","A","253"
"107424","A","235"
"107431","A","460"
"107438","A","376"
"107444","A","237"
"107449","A","372"
"107454","A","494"
"107458","A","35"
"107459","A","121"
"107464","A","148"
"107465","A","336"
"107476","A","370"
"107484","A","148"
"107490","A","114"
"107491","A","453"
"107495","A","89"
"107496","A","317"
"107501","A","109"
"107503","A","369"
"107504","A","388"
"107505","A","489"
"107506","A","159"
"107510","A","126"
"107513","A","245"
"107519","A","427"
"107521","A","263"
"107522","A","180"
"107523","A","36"
"107524","A","339"
"107527","A","389"
"107530","A","201"
"107531","A","473"
"107539","A","86"
"107542","A","213"
"107546","A","425"
"107549","A","149"
"107555","A","173"
"107563","A","362"
"107567","A","24"
"107568","A","346"
"107571","A","67"
"107576","A","156"
"107582","A","436"
"107583","A","16"
"107586","A","469"
"107587","A","83"
"107589","A","88"
"107599","A","75"
"107609","A","164"
"107620","A","463"
"107624","A","272"
"107632","A","62"
"107634","A","437"
"107635","A","394"
"107638","A","159"
"107643","A","182"
"107649","A","459"
"107657","A","356"
"107658","A","421"
"107664","A","420"
"107666","A","189"
"107668","A","495"
"107671","A","468"
"107676","A","368"
"107678","A","251"
"107689","A","183"
"107708","A","165"
"107715","A","153"
"107718","A","93"
"107722","A","13"
"107723","A","48"
"107728","A","196"
"107730","A","259"
"107732","A","458"
"107734","A","75"
"107743","A","111"
"107747","A","363"
"107756","A","184"
"107759","A","409"
"107762","A","107"
"107765","A","27"
"107767","A","402"
"107770","A","286"
"107772","A","212"
"107775","A","141"
"107776","A","91"
"107779","A","294"
"107781","A","236"
"107783","A","370"
"107787","A","103"
"107789","A","13"
"107792","A","404"
"107796","A","429"
"107801","A","99"
"107805","A","168"
"107810","A","234"
"107815","A","496"
"107835","A","480"
"107841","A","390"
"107858","A","327"
"107861","A","349"
"107865","A","250"
"107866","A","286"
"107868","A","281"
"107876","A","11"
"107879","A","487"
"107883","A","158"
"107889","A","388"
"107890","A","108"
"107895","A","487"
"107896","A","10"
"107897","A","13"
"107900","A","13"
"107903","A","13"
"107905","A","409"
"107908","A","478"
"107914","A","157"
"107919","A","312"
"107920","A","466"
"107921","A","467"
"107928","A","178"
"107930","A","281"
"107935","A","69"
"107942","A","410"
"107943","A","453"
"107945","A","214"
"107946","A","204"
"107952","A","447"
"107957","A","163"
"107960","A","483"
"107965","A","358"
"107970","A","126"
"107972","A","290"
"107976","A","83"
"107978","A","350"
"107984","A","39"
"107986","A","117"
"107987","A","161"
"107992","A","310"
"107994","A","72"
"107996","A","77"
"108000","A","370"
"108003","A","172"
"108008","A","74"
"108010","A","184"
"108012","A","483"
"108013","A","96"
"108016","A","236"
"108019","A","460"
"108020","A","121"
"108021","A","78"
"108025","A","485"
"108027","A","436"
"108029","A","122"
"108033","A","473"
"108035","A","88"
"108039","A","377"
"108045","A","284"
"108047","A","244"
"108049","A","446"
"108054","A","347"
"108060","A","301"
"108062","A","63"
"108065","A","315"
"108066","A","34"
"108068","A","18"
"108076","A","476"
"108077","A","120"
"108087","A","420"
"108090","A","236"
"108093","A","195"
"108094","A","36"
"108099","A","323"
"108106","A","276"
"108108","A","283"
"108113","A","407"
"108118","A","497"
"108120","A","75"
"108125","A","421"
"108126","A","277"
"108132","A","397"
"108135","A","210"
"108141","A","254"
"108149","A","102"
"108154","A","421"
"108156","A","271"
"108159","A","329"
"108167","A","485"
"108179","A","10"
"108181","A","118"
"108182","A","477"
"108191","A","124"
"108196","A","364"
"108200","A","117"
"108201","A","322"
"108203","A","34"
"108207","A","331"
"108218","A","384"
"108223","A","488"
"108227","A","388"
"108228","A","475"
"108239","A","431"
"108249","A","283"
"108251","A","255"
"108253","A","226"
"108258","A","104"
"108259","A","359"
"108266","A","197"
"108268","A","393"
"108269","A","235"
"108270","A","66"
"108278","A","280"
"108281","A","37"
"108285","A","394"
"108290","A","293"
"108292","A","314"
"108311","A","394"
"108312","A","170"
"108322","A","149"
"108324","A","288"
"108348","A","449"
"108349","A","72"
"108362","A","483"
"108363","A","174"
"108368","A","166"
"108373","A","384"
"108376","A","208"
"108381","A","476"
"108382","A","492"
"108384","A","41"
"108389","A","108"
"108393","A","316"
"108394","A","391"
"108404","A","265"
"108405","A","494"
"108406","A","455"
"108420","A","344"
"108421","A","251"
"108427","A","78"
"108429","A","276"
"108431","A","291"
"108436","A","131"
"108443","A","382"
"108447","A","40"
"108459","A","338"
"108462","A","478"
"108463","A","38"
"108464","A","176"
"108468","A","193"
"108476","A","322"
"108478","A","384"
"108482","A","429"
"108485","A","415"
"108503","A","345"
"108511","A","78"
"108513","A","345"
"108519","A","391"
"108520","A","334"
"108522","A","230"
"108541","A","367"
"108547","A","266"
"108549","A","282"
"108550","A","133"
"108551","A","18"
"108553","A","74"
"108560","A","420"
"108563","A","157"
"108564","A","91"
"108569","A","259"
"108576","A","431"
"108587","A","497"
"108595","A","366"
"108599","A","413"
"108605","A","477"
"108609","A","111"
"108613","A","275"
"108614","A","265"
"108617","A","344"
"108618","A","485"
"108626","A","429"
"108638","A","367"
"108643","A","173"
"108644","A","154"
"108653","A","282"
"108654","A","381"
"108661","A","226"
"108665","A","235"
"108667","A","67"
"108670","A","268"
"108674","A","56"
"108676","A","130"
"108682","A","497"
"108684","A","246"
"108686","A","275"
"108696","A","144"
"108703","A","87"
"108708","A","86"
"108709","A","112"
"108710","A","316"
"108720","A","10"
"108721","A","252"
"108723","A","463"
"108726","A","37"
"108729","A","229"
"108735","A","66"
"108741","A","337"
"108746","A","319"
"108751","A","212"
"108753","A","318"
"108757","A","352"
"108764","A","26"
"108765","A","58"
"108768","A","201"
"108774","A","474"
"108780","A","468"
"108783","A","175"
"108786","A","171"
"108787","A","439"
"108789","A","416"
"108793","A","110"
"108795","A","41"
"108800","A","468"
"108809","A","83"
"108812","A","440"
"108820","A","417"
"108823","A","60"
"108824","A","339"
"108826","A","30"
"108827","A","26"
"108828","A","343"
"108831","A","463"
"108835","A","200"
"108840","A","484"
"108843","A","428"
"108846","A","131"
"108850","A","461"
"108853","A","484"
"108855","A","494"
"108861","A","284"
"108864","A","155"
"108865","A","199"
"108868","A","39"
"108876","A","198"
"108887","A","248"
"108888","A","213"
"108892","A","349"
"108897","A","11"
"108903","A","139"
"108910","A","75"
"108912","A","389"
"108915","A","388"
"108916","A","223"
"108917","A","67"
"108919","A","185"
"108920","A","89"
"108921","A","262"
"108926","A","268"
"108927","A","140"
"108933","A","305"
"108934","A","161"
"108935","A","443"
"108938","A","268"
"108943","A","179"
"108952","A","252"
"108962","A","363"
"108970","A","53"
"108977","A","476"
"108979","A","380"
"108981","A","54"
"108990","A","124"
"108998","A","126"
"109004","A","177"
"109010","A","106"
"109015","A","29"
"109018","A","283"
"109022","A","323"
"109025","A","277"
"109027","A","145"
"109032","A","73"
"109042","A","69"
"109045","A","28"
"109046","A","231"
"109047","A","201"
"109063","A","39"
"109064","A","378"
"109067","A","254"
"109068","A","18"
"109072","A","183"
"109076","A","457"
"109082","A","293"
"109086","A","264"
"109089","A","475"
"109095","A","184"
"109106","A","32"
"109108","A","110"
"109109","A","493"
"109116","A","30"
"109118","A","214"
"109123","A","311"
"109128","A","72"
"109129","A","333"
"109132","A","192"
"109134","A","150"
"109138","A","337"
"109145","A","162"
"109146","A","17"
"109148","A","297"
"109150","A","291"
"109152","A","150"
"109153","A","233"
"109157","A","322"
"109161","A","170"
"109163","A","29"
"109175","A","270"
"109180","A","154"
"109181","A","101"
"109183","A","351"
"109184","A","196"
"109187","A","26"
"109190","A","400"
"109195","A","102"
"109196","A","252"
"109198","A","333"
"109202","A","26"
"109205","A","433"
"109209","A","218"
"109211","A","46"
"109212","A","418"
"109215","A","438"
"109222","A","417"
"109223","A","134"
"109229","A","357"
"109230","A","490"
"109232","A","54"
"109233","A","337"
"109235","A","431"
"109239","A","209"
"109244","A","266"
"109248","A","430"
"109252","A","256"
"109253","A","409"
"109255","A","407"
"109257","A","467"
"109260","A","336"
"109262","A","183"
"109263","A","434"
"109268","A","241"
"109270","A","21"
"109273","A","59"
"109276","A","35"
"109279","A","105"
"109285","A","83"
"109288","A","361"
"109292","A","361"
"109297","A","336"
"109299","A","30"
"109300","A","393"
"109301","A","309"
"109303","A","397"
"109304","A","394"
"109305","A","318"
"109311","A","213"
"109313","A","42"
"109314","A","10"
"109315","A","389"
"109320","A","103"
"109329","A","58"
"109336","A","337"
"109337","A","31"
"109340","A","37"
"109342","A","495"
"109347","A","341"
"109351","A","438"
"109353","A","456"
"109359","A","49"
"109367","A","107"
"109369","A","172"
"109377","A","149"
"109380","A","330"
"109381","A","445"
"109382","A","63"
"109383","A","57"
"109392","A","366"
"109393","A","119"
"109396","A","319"
"109399","A","95"
"109400","A","145"
"109401","A","360"
"109414","A","193"
"109421","A","248"
"109422","A","186"
"109427","A","46"
"109431","A","195"
"109434","A","309"
"109435","A","200"
"109437","A","43"
"109439","A","271"
"109442","A","381"
"109445","A","75"
"109449","A","133"
"109450","A","141"
"109467","A","207"
"109470","A","345"
"109473","A","160"
"109479","A","388"
"109481","A","336"
"109485","A","134"
"109489","A","26"
"109500","A","260"
"109504","A","268"
"109512","A","69"
"109517","A","271"
"109521","A","481"
"109524","A","387"
"109525","A","218"
"109532","A","461"
"109535","A","67"
"109537","A","168"
"109547","A","497"
"109549","A","26"
"109561","A","215"
"109572","A","245"
"109578","A","207"
"109584","A","317"
"109593","A","335"
"109600","A","142"
"109601","A","279"
"109606","A","481"
"109608","A","265"
"109613","A","144"
"109618","A","42"
"109619","A","239"
"109620","A","82"
"109629","A","463"
"109633","A","264"
"109634","A","254"
"109641","A","80"
"109648","A","182"
"109652","A","180"
"109656","A","256"
"109658","A","69"
"109659","A","22"
"109663","A","138"
"109664","A","442"
"109670","A","157"
"109671","A","363"
"109675","A","194"
"109678","A","79"
"109679","A","298"
"109682","A","166"
"109684","A","433"
"109686","A","290"
"109689","A","481"
"109706","A","434"
"109708","A","160"
"109712","A","418"
"109714","A","398"
"109718","A","418"
"109720","A","162"
"109723","A","351"
"109728","A","125"
"109736","A","447"
"109737","A","354"
"109744","A","220"
"109745","A","290"
"109747","A","67"
"109749","A","132"
"109752","A","58"
"109753","A","228"
"109755","A","460"
"109758","A","151"
"109762","A","148"
"109765","A","11"
"109772","A","274"
"109775","A","406"
"109776","A","365"
"109777","A","396"
"109780","A","338"
"109787","A","237"
"109803","A","289"
"109810","A","421"
"109812","A","193"
"109819","A","260"
"109820","A","57"
"109822","A","179"
"109828","A","245"
"109831","A","418"
"109833","A","384"
"109835","A","484"
"109839","A","87"
"109842","A","449"
"109844","A","394"
"109845","A","379"
"109853","A","327"
"109854","A","181"
"109857","A","258"
"109858","A","206"
"109862","A","302"
"109868","A","430"
"109872","A","208"
"109873","A","477"
"109888","A","436"
"109901","A","99"
"109908","A","302"
"109917","A","450"
"109923","A","158"
"109924","A","39"
"109938","A","247"
"109940","A","287"
"109941","A","355"
"109942","A","140"
"109948","A","199"
"109950","A","372"
"109952","A","215"
"109954","A","114"
"109957","A","337"
"109964","A","248"
"109971","A","281"
"109972","A","492"
"109977","A","234"
"109980","A","290"
"109984","A","438"
"109988","A","346"
"109991","A","132"
"110000","A","107"
"110011","A","372"
"110012","A","112"
"110015","A","365"
"110016","A","258"
"110019","A","482"
"110020","A","59"
"110024","A","203"
"110032","A","389"
"110033","A","430"
"110040","A","124"
"110041","A","288"
"110043","A","464"
"110047","A","227"
"110052","A","378"
"110053","A","63"
"110056","A","142"
"110058","A","319"
"110064","A","278"
"110067","A","183"
"110068","A","391"
"110071","A","36"
"110074","A","137"
"110076","A","184"
"110079","A","459"
"110086","A","350"
"110090","A","495"
"110098","A","228"
"110102","A","306"
"110104","A","49"
"110105","A","234"
"110108","A","257"
"110115","A","493"
"110116","A","340"
"110119","A","166"
"110131","A","73"
"110139","A","470"
"110154","A","283"
"110156","A","371"
"110157","A","94"
"110166","A","471"
"110170","A","113"
"110172","A","313"
"110175","A","351"
"110177","A","124"
"110179","A","481"
"110180","A","357"
"110181","A","121"
"110186","A","452"
"110188","A","442"
"110189","A","200"
"110193","A","57"
"110199","A","12"
"110202","A","121"
"110203","A","131"
"110213","A","197"
"110214","A","235"
"110227","A","246"
"110233","A","36"
"110237","A","73"
"110240","A","381"
"110242","A","152"
"110244","A","74"
"110253","A","21"
"110254","A","470"
"110258","A","172"
"110264","A","386"
"110266","A","200"
"110270","A","418"
"110274","A","237"
"110280","A","208"
"110282","A","26"
"110283","A","434"
"110287","A","338"
"110289","A","283"
"110291","A","303"
"110293","A","157"
"110296","A","391"
"110297","A","315"
"110298","A","418"
"110299","A","99"
"110301","A","416"
"110305","A","161"
"110311","A","88"
"110313","A","116"
"110322","A","152"
"110324","A","337"
"110328","A","432"
"110330","A","193"
"110332","A","377"
"110335","A","365"
"110336","A","310"
"110337","A","451"
"110343","A","367"
"110347","A","101"
"110349","A","290"
"110350","A","409"
"110359","A","74"
"110376","A","296"
"110378","A","379"
"110386","A","197"
"110389","A","494"
"110391","A","461"
"110397","A","499"
"110400","A","28"
"110408","A","278"
"110410","A","75"
"110412","A","141"
"110419","A","134"
"110422","A","72"
"110423","A","18"
"110426","A","77"
"110429","A","31"
"110431","A","441"
"110433","A","165"
"110435","A","246"
"110436","A","68"
"110438","A","377"
"110446","A","394"
"110451","A","309"
"110457","A","343"
"110459","A","274"
"110461","A","10"
"110463","A","302"
"110466","A","137"
"110474","A","253"
"110478","A","353"
"110479","A","112"
"110495","A","58"
"110503","A","451"
"110505","A","383"
"110506","A","319"
"110507","A","298"
"110511","A","172"
"110513","A","453"
"110519","A","450"
"110520","A","253"
"110521","A","158"
"110528","A","98"
"110530","A","420"
"110537","A","186"
"110540","A","259"
"110541","A","161"
"110543","A","84"
"110549","A","233"
"110554","A","181"
"110557","A","351"
"110558","A","438"
"110559","A","84"
"110576","A","153"
"110582","A","91"
"110584","A","483"
"110586","A","471"
"110588","A","430"
"110593","A","276"
"110594","A","123"
"110595","A","305"
"110599","A","348"
"110611","A","170"
"110617","A","307"
"110618","A","204"
"110625","A","342"
"110632","A","261"
"110633","A","167"
"110635","A","102"
"110637","A","438"
"110640","A","354"
"110644","A","402"
"110654","A","305"
"110655","A","464"
"110656","A","211"
"110665","A","45"
"110669","A","386"
"110675","A","126"
"110678","A","163"
"110680","A","98"
"110681","A","232"
"110686","A","151"
"110692","A","188"
"110699","A","446"
"110706","A","83"
"110708","A","467"
"110709","A","114"
"110715","A","218"
"110718","A","260"
"110719","A","230"
"110721","A","111"
"110722","A","383"
"110724","A","193"
"110725","A","220"
"110732","A","17"
"110733","A","267"
"110734","A","72"
"110735","A","285"
"110746","A","159"
"110752","A","205"
"110763","A","431"
"110768","A","354"
"110769","A","342"
"110777","A","376"
"110780","A","36"
"110788","A","459"
"110792","A","375"
"110793","A","245"
"110794","A","122"
"110796","A","250"
"110798","A","344"
"110801","A","159"
"110810","A","318"
"110816","A","52"
"110821","A","342"
"110822","A","214"
"110825","A","491"
"110829","A","328"
"110835","A","476"
"110840","A","471"
"110844","A","185"
"110849","A","434"
"110850","A","229"
"110860","A","44"
"110864","A","452"
"110871","A","163"
"110873","A","33"
"110874","A","434"
"110875","A","208"
"110882","A","202"
"110883","A","148"
"110894","A","85"
"110898","A","206"
"110906","A","121"
"110909","A","321"
"110913","A","439"
"110916","A","57"
"110922","A","177"
"110924","A","121"
"110929","A","86"
"110936","A","86"
"110939","A","110"
"110940","A","269"
"110944","A","363"
"110956","A","89"
"110957","A","201"
"110959","A","286"
"110961","A","76"
"110973","A","136"
"110976","A","180"
"110984","A","267"
"110986","A","236"
"110990","A","67"
"110991","A","425"
"110992","A","330"
"111003","A","415"
"111011","A","285"
"111014","A","336"
"111017","A","103"
"111019","A","315"
"111022","A","352"
"111027","A","202"
"111033","A","75"
"111035","A","270"
"111036","A","196"
"111039","A","178"
"111040","A","323"
"111041","A","196"
"111048","A","324"
"111058","A","470"
"111062","A","194"
"111069","A","169"
"111074","A","456"
"111075","A","483"
"111081","A","483"
"111083","A","58"
"111087","A","64"
"111089","A","264"
"111095","A","239"
"111096","A","230"
"111097","A","33"
"111098","A","492"
"111099","A","141"
"111101","A","361"
"111108","A","169"
"111117","A","374"
"111119","A","194"
"111120","A","234"
"111121","A","199"
"111127","A","183"
"111133","A","340"
"111147","A","410"
"111149","A","337"
"111153","A","78"
"111158","A","205"
"111161","A","341"
"111177","A","11"
"111181","A","99"
"111185","A","358"
"111186","A","131"
"111201","A","452"
"111209","A","69"
"111214","A","381"
"111216","A","269"
"111219","A","211"
"111220","A","392"
"111227","A","478"
"111228","A","461"
"111230","A","393"
"111237","A","346"
"111241","A","22"
"111246","A","152"
"111248","A","264"
"111251","A","183"
"111265","A","346"
"111269","A","360"
"111270","A","131"
"111272","A","218"
"111279","A","180"
"111288","A","95"
"111290","A","345"
"111298","A","376"
"111306","A","210"
"111313","A","280"
"111319","A","252"
"111321","A","431"
"111322","A","143"
"111326","A","210"
"111329","A","104"
"111331","A","267"
"111341","A","307"
"111342","A","28"
"111343","A","143"
"111347","A","52"
"111349","A","50"
"111351","A","180"
"111354","A","45"
"111359","A","462"
"111367","A","339"
"111369","A","306"
"111373","A","46"
"111378","A","320"
"111383","A","286"
"111385","A","315"
"111391","A","284"
"111392","A","221"
"111394","A","85"
"111396","A","51"
"111399","A","337"
"111400","A","461"
"111406","A","408"
"111407","A","310"
"111409","A","340"
"111415","A","192"
"111416","A","20"
"111420","A","10"
"111425","A","438"
"111426","A","343"
"111431","A","348"
"111432","A","123"
"111445","A","123"
"111450","A","210"
"111456","A","388"
"111463","A","187"
"111466","A","196"
"111467","A","218"
"111469","A","126"
"111471","A","111"
"111473","A","215"
"111474","A","52"
"111482","A","121"
"111489","A","230"
"111490","A","198"
"111491","A","403"
"111498","A","291"
"111504","A","33"
"111511","A","72"
"111515","A","176"
"111519","A","396"
"111520","A","381"
"111524","A","482"
"111525","A","231"
"111527","A","190"
"111528","A","372"
"111529","A","35"
"111531","A","292"
"111532","A","142"
"111535","A","240"
"111540","A","418"
"111541","A","307"
"111551","A","31"
"111552","A","203"
"111554","A","175"
"111558","A","202"
"111560","A","220"
"111563","A","315"
"111564","A","165"
"111565","A","273"
"111566","A","57"
"111569","A","96"
"111577","A","298"
"111595","A","316"
"111601","A","374"
"111602","A","25"
"111603","A","374"
"111605","A","204"
"111611","A","449"
"111618","A","140"
"111620","A","241"
"111622","A","325"
"111625","A","109"
"111626","A","315"
"111630","A","382"
"111639","A","72"
"111640","A","256"
"111648","A","197"
"111649","A","202"
"111651","A","128"
"111652","A","139"
"111653","A","169"
"111657","A","91"
"111658","A","218"
"111660","A","188"
"111665","A","322"
"111668","A","367"
"111671","A","57"
"111674","A","270"
"111677","A","227"
"111678","A","129"
"111681","A","499"
"111689","A","372"
"111692","A","381"
"111694","A","20"
"111705","A","477"
"111706","A","247"
"111715","A","18"
"111725","A","326"
"111727","A","246"
"111730","A","249"
"111734","A","308"
"111735","A","403"
"111737","A","70"
"111746","A","385"
"111751","A","414"
"111762","A","314"
"111763","A","386"
"111766","A","105"
"111767","A","187"
"111773","A","356"
"111774","A","18"
"111780","A","191"
"111782","A","225"
"111786","A","395"
"111790","A","407"
"111792","A","479"
"111793","A","319"
"111797","A","19"
"111807","A","448"
"111810","A","420"
"111811","A","462"
"111814","A","385"
"111818","A","135"
"111821","A","316"
"111828","A","465"
"111830","A","68"
"111842","A","323"
"111843","A","357"
"111847","A","237"
"111855","A","187"
"111857","A","157"
"111868","A","239"
"111870","A","197"
"111879","A","335"
"111894","A","353"
"111898","A","369"
"111900","A","357"
"111903","A","398"
"111909","A","306"
"111914","A","300"
"111916","A","340"
"111920","A","462"
"111922","A","57"
"111925","A","247"
"111929","A","296"
"111931","A","412"
"111936","A","53"
"111939","A","191"
"111944","A","465"
"111950","A","445"
"111951","A","234"
"111954","A","490"
"111963","A","111"
"111964","A","347"
"111968","A","363"
"111974","A","19"
"111979","A","268"
"111982","A","445"
"111985","A","122"
"111988","A","318"
"111989","A","292"
"111991","A","460"
"111992","A","56"
"111999","A","129"
"112006","A","277"
"112007","A","29"
"112009","A","395"
"112022","A","51"
"112023","A","245"
"112032","A","414"
"112038","A","155"
"112039","A","205"
"112040","A","335"
"112041","A","248"
"112045","A","466"
"112046","A","471"
"112052","A","188"
"112056","A","16"
"112066","A","244"
"112068","A","480"
"112069","A","283"
"112072","A","287"
"112075","A","421"
"112079","A","459"
"112083","A","442"
"112090","A","193"
"112093","A","111"
"112099","A","102"
"112100","A","200"
"112111","A","32"
"112115","A","246"
"112116","A","111"
"112121","A","213"
"112124","A","156"
"112125","A","10"
"112127","A","349"
"112130","A","337"
"112142","A","36"
"112151","A","315"
"112153","A","82"
"112156","A","463"
"112160","A","164"
"112161","A","123"
"112162","A","312"
"112163","A","488"
"112164","A","292"
"112169","A","380"
"112175","A","258"
"112178","A","411"
"112182","A","45"
"112184","A","451"
"112191","A","428"
"112192","A","148"
"112193","A","234"
"112196","A","307"
"112200","A","112"
"112202","A","408"
"112206","A","399"
"112209","A","58"
"112214","A","368"
"112221","A","16"
"112225","A","132"
"112230","A","448"
"112231","A","79"
"112237","A","41"
"112241","A","104"
"112242","A","249"
"112243","A","351"
"112250","A","58"
"112252","A","483"
"112257","A","405"
"112261","A","224"
"112267","A","354"
"112268","A","362"
"112283","A","168"
"112285","A","492"
"112304","A","184"
"112307","A","185"
"112310","A","23"
"112311","A","329"
"112313","A","133"
"112314","A","345"
"112322","A","284"
"112325","A","148"
"112329","A","359"
"112331","A","464"
"112334","A","241"
"112339","A","42"
"112340","A","403"
"112341","A","86"
"112342","A","117"
"112344","A","292"
"112345","A","265"
"112348","A","181"
"112350","A","450"
"112352","A","186"
"112353","A","248"
"112355","A","16"
"112356","A","485"
"112361","A","61"
"112367","A","447"
"112369","A","347"
"112370","A","382"
"112373","A","204"
"112380","A","16"
"112384","A","473"
"112399","A","272"
"112400","A","452"
"112405","A","470"
"112407","A","175"
"112409","A","324"
"112416","A","229"
"112419","A","138"
"112421","A","330"
"112422","A","229"
"112424","A","20"
"112428","A","103"
"112438","A","163"
"112442","A","105"
"112445","A","241"
"112451","A","98"
"112452","A","27"
"112453","A","69"
"112454","A","393"
"112458","A","412"
"112460","A","99"
"112464","A","419"
"112472","A","218"
"112479","A","476"
"112481","A","495"
"112495","A","282"
"112497","A","407"
"112498","A","287"
"112500","A","20"
"112501","A","335"
"112502","A","428"
"112503","A","371"
"112506","A","334"
"112509","A","257"
"112512","A","127"
"112516","A","75"
"112523","A","371"
"112524","A","382"
"112525","A","314"
"112526","A","368"
"112527","A","288"
"112533","A","86"
"112539","A","228"
"112542","A","142"
"112546","A","50"
"112547","A","171"
"112552","A","111"
"112558","A","371"
"112562","A","202"
"112564","A","131"
"112565","A","460"
"112568","A","350"
"112571","A","292"
"112579","A","99"
"112580","A","90"
"112582","A","270"
"112584","A","350"
"112587","A","114"
"112588","A","225"
"112591","A","25"
"112593","A","124"
"112598","A","321"
"112605","A","89"
"112613","A","187"
"112618","A","40"
"112625","A","366"
"112626","A","199"
"112628","A","22"
"112632","A","155"
"112633","A","440"
"112638","A","280"
"112639","A","62"
"112650","A","208"
"112657","A","170"
"112659","A","298"
"112661","A","196"
"112664","A","347"
"112665","A","148"
"112672","A","405"
"112674","A","304"
"112679","A","309"
"112682","A","216"
"112685","A","387"
"112686","A","33"
"112694","A","408"
"112697","A","344"
"112700","A","174"
"112703","A","59"
"112712","A","391"
"112713","A","129"
"112716","A","214"
"112718","A","225"
"112731","A","405"
"112735","A","276"
"112738","A","392"
"112739","A","390"
"112742","A","333"
"112744","A","185"
"112748","A","358"
"112750","A","122"
"112757","A","55"
"112758","A","331"
"112761","A","68"
"112763","A","231"
"112764","A","284"
"112771","A","303"
"112775","A","34"
"112776","A","458"
"112800","A","84"
"112813","A","440"
"112817","A","165"
"112824","A","173"
"112830","A","496"
"112831","A","468"
"112835","A","112"
"112837","A","381"
"112838","A","317"
"112839","A","256"
"112840","A","43"
"112842","A","270"
"112845","A","159"
"112846","A","237"
"112849","A","46"
"112851","A","487"
"112869","A","392"
"112870","A","276"
"112878","A","371"
"112887","A","88"
"112888","A","447"
"112892","A","277"
"112894","A","15"
"112904","A","249"
"112905","A","434"
"112910","A","271"
"112911","A","50"
"112914","A","21"
"112917","A","456"
"112923","A","334"
"112926","A","358"
"112928","A","237"
"112931","A","451"
"112936","A","447"
"112937","A","43"
"112939","A","166"
"112944","A","299"
"112952","A","111"
"112954","A","381"
"112955","A","311"
"112966","A","160"
"112970","A","98"
"112983","A","241"
"113002","A","387"
"113010","A","199"
"113016","A","477"
"113018","A","296"
"113020","A","251"
"113022","A","157"
"113027","A","160"
"113029","A","172"
"113030","A","356"
"113032","A","291"
"113035","A","364"
"113049","A","477"
"113052","A","468"
"113053","A","349"
"113057","A","205"
"113070","A","248"
"113071","A","292"
"113074","A","111"
"113083","A","47"
"113086","A","90"
"113088","A","111"
"113091","A","469"
"113093","A","361"
"113098","A","141"
"113101","A","211"
"113103","A","298"
"113106","A","123"
"113109","A","487"
"113114","A","242"
"113119","A","494"
"113125","A","130"
"113128","A","31"
"113133","A","268"
"113143","A","70"
"113147","A","17"
"113148","A","26"
"113150","A","449"
"113151","A","452"
"113154","A","116"
"113162","A","478"
"113172","A","196"
"113177","A","217"
"113178","A","350"
"113182","A","61"
"113192","A","495"
"113195","A","357"
"113200","A","131"
"113202","A","331"
"113204","A","402"
"113205","A","397"
"113207","A","224"
"113212","A","246"
"113227","A","99"
"113231","A","142"
"113233","A","104"
"113235","A","328"
"113238","A","227"
"113239","A","435"
"113240","A","320"
"113241","A","312"
"113246","A","342"
"113252","A","431"
"113253","A","490"
"113255","A","31"
"113256","A","164"
"113257","A","362"
"113258","A","307"
"113261","A","191"
"113264","A","123"
"113269","A","373"
"113270","A","19"
"113272","A","379"
"113281","A","19"
"113282","A","165"
"113285","A","154"
"113286","A","305"
"113295","A","385"
"113300","A","248"
"113305","A","302"
"113307","A","83"
"113309","A","455"
"113311","A","147"
"113316","A","46"
"113320","A","265"
"113321","A","246"
"113340","A","251"
"113348","A","296"
"113350","A","400"
"113364","A","475"
"113369","A","319"
"113370","A","198"
"113374","A","455"
"113375","A","281"
"113377","A","226"
"113380","A","32"
"113382","A","150"
"113394","A","283"
"113399","A","331"
"113400","A","52"
"113403","A","344"
"113404","A","475"
"113405","A","42"
"113407","A","44"
"113413","A","20"
"113427","A","130"
"113429","A","130"
"113434","A","226"
"113435","A","168"
"113438","A","191"
"113439","A","342"
"113446","A","242"
"113447","A","496"
"113454","A","177"
"113455","A","129"
"113463","A","308"
"113469","A","253"
"113481","A","307"
"113483","A","446"
"113486","A","499"
"113488","A","66"
"113492","A","422"
"113506","A","185"
"113509","A","195"
"113511","A","61"
"113512","A","99"
"113513","A","469"
"113514","A","415"
"113521","A","458"
"113529","A","116"
"113540","A","375"
"113545","A","218"
"113549","A","109"
"113550","A","491"
"113553","A","219"
"113560","A","48"
"113570","A","273"
"113573","A","492"
"113578","A","111"
"113581","A","495"
"113582","A","320"
"113593","A","32"
"113597","A","440"
"113601","A","334"
"113602","A","207"
"113603","A","142"
"113604","A","62"
"113609","A","455"
"113612","A","460"
"113614","A","191"
"113616","A","255"
"113617","A","448"
"113618","A","451"
"113623","A","469"
"113625","A","162"
"113627","A","171"
"113629","A","394"
"113634","A","404"
"113637","A","28"
"113643","A","313"
"113645","A","251"
"113648","A","198"
"113652","A","448"
"113656","A","495"
"113657","A","467"
"113660","A","432"
"113672","A","321"
"113675","A","89"
"113680","A","44"
"113695","A","416"
"113697","A","48"
"113698","A","186"
"113700","A","96"
"113707","A","142"
"113709","A","129"
"113710","A","488"
"113711","A","409"
"113712","A","244"
"113713","A","108"
"113723","A","99"
"113726","A","378"
"113728","A","146"
"113729","A","108"
"113731","A","345"
"113737","A","443"
"113741","A","357"
"113742","A","220"
"113748","A","73"
"113752","A","206"
"113755","A","122"
"113756","A","21"
"113765","A","299"
"113770","A","218"
"113780","A","165"
"113786","A","28"
"113792","A","112"
"113801","A","339"
"113804","A","193"
"113805","A","369"
"113808","A","413"
"113812","A","478"
"113813","A","74"
"113814","A","417"
"113818","A","452"
"113825","A","203"
"113826","A","492"
"113828","A","60"
"113830","A","57"
"113833","A","193"
"113835","A","45"
"113836","A","196"
"113838","A","345"
"113840","A","120"
"113841","A","150"
"113844","A","357"
"113849","A","287"
"113851","A","490"
"113855","A","124"
"113858","A","328"
"113859","A","421"
"113861","A","53"
"113865","A","166"
"113872","A","291"
"113873","A","330"
"113874","A","260"
"113876","A","186"
"113891","A","452"
"113892","A","342"
"113895","A","193"
"113900","A","318"
"113903","A","474"
"113908","A","178"
"113910","A","69"
"113927","A","51"
"113930","A","141"
"113934","A","188"
"113935","A","141"
"113939","A","44"
"113941","A","463"
"113943","A","248"
"113944","A","23"
"113948","A","354"
"113954","A","128"
"113959","A","209"
"113965","A","419"
"113968","A","370"
"113969","A","344"
"113973","A","420"
"113975","A","265"
"113984","A","55"
"113987","A","448"
"113989","A","36"
"113990","A","152"
"113994","A","329"
"113997","A","183"
"114000","A","45"
"114016","A","68"
"114018","A","274"
"114021","A","263"
"114025","A","312"
"114027","A","324"
"114034","A","398"
"114035","A","422"
"114043","A","170"
"114047","A","258"
"114051","A","326"
"114052","A","345"
"114053","A","16"
"114056","A","419"
"114059","A","110"
"114062","A","78"
"114070","A","399"
"114073","A","406"
"114076","A","236"
"114080","A","286"
"114084","A","449"
"114085","A","477"
"114088","A","260"
"114089","A","16"
"114090","A","91"
"114094","A","448"
"114096","A","376"
"114099","A","369"
"114117","A","105"
"114121","A","354"
"114123","A","230"
"114124","A","42"
"114130","A","486"
"114131","A","125"
"114135","A","475"
"114137","A","110"
"114140","A","58"
"114141","A","430"
"114142","A","127"
"114143","A","206"
"114149","A","297"
"114150","A","118"
"114154","A","251"
"114168","A","453"
"114170","A","237"
"114171","A","76"
"114179","A","328"
"114181","A","349"
"114189","A","100"
"114203","A","361"
"114205","A","16"
"114208","A","62"
"114211","A","292"
"114212","A","366"
"114213","A","444"
"114214","A","458"
"114225","A","438"
"114230","A","234"
"114231","A","54"
"114232","A","387"
"114243","A","471"
"114245","A","64"
"114250","A","110"
"114251","A","441"
"114252","A","425"
"114255","A","410"
"114256","A","121"
"114261","A","39"
"114266","A","402"
"114274","A","54"
"114276","A","314"
"114278","A","191"
"114299","A","260"
"114301","A","41"
"114325","A","144"
"114327","A","113"
"114331","A","102"
"114336","A","378"
"114338","A","323"
"114345","A","285"
"114355","A","212"
"114358","A","229"
"114366","A","199"
"114371","A","382"
"114374","A","38"
"114376","A","422"
"114382","A","235"
"114384","A","371"
"114385","A","468"
"114386","A","433"
"114401","A","98"
"114416","A","411"
"114419","A","158"
"114420","A","459"
"114422","A","149"
"114423","A","261"
"114424","A","433"
"114426","A","202"
"114427","A","88"
"114433","A","12"
"114434","A","52"
"114435","A","392"
"114446","A","278"
"114450","A","455"
"114453","A","67"
"114461","A","409"
"114462","A","46"
"114465","A","98"
"114468","A","352"
"114471","A","266"
"114483","A","71"
"114484","A","497"
"114487","A","437"
"114493","A","407"
"114498","A","375"
"114503","A","485"
"114504","A","101"
"114506","A","145"
"114511","A","44"
"114518","A","67"
"114527","A","63"
"114529","A","94"
"114547","A","371"
"114549","A","156"
"114562","A","258"
"114568","A","297"
"114569","A","200"
"114580","A","409"
"114588","A","346"
"114591","A","82"
"114598","A","408"
"114601","A","237"
"114602","A","33"
"114607","A","139"
"114608","A","490"
"114609","A","470"
"114622","A","117"
"114628","A","294"
"114629","A","444"
"114633","A","452"
"114641","A","221"
"114642","A","258"
"114646","A","462"
"114647","A","493"
"114650","A","302"
"114651","A","488"
"114655","A","200"
"114677","A","316"
"114678","A","100"
"114681","A","209"
"114686","A","161"
"114688","A","20"
"114690","A","427"
"114692","A","262"
"114694","A","145"
"114696","A","408"
"114704","A","73"
"114714","A","80"
"114717","A","365"
"114728","A","330"
"114734","A","265"
"114736","A","490"
"114738","A","306"
"114745","A","20"
"114746","A","93"
"114748","A","285"
"114750","A","453"
"114755","A","498"
"114756","A","77"
"114758","A","250"
"114759","A","94"
"114761","A","288"
"114764","A","328"
"114767","A","169"
"114771","A","99"
"114776","A","30"
"114781","A","94"
"114786","A","339"
"114790","A","18"
"114794","A","381"
"114801","A","393"
"114816","A","221"
"114820","A","363"
"114821","A","363"
"114826","A","297"
"114828","A","422"
"114830","A","175"
"114832","A","244"
"114844","A","134"
"114847","A","172"
"114857","A","181"
"114858","A","101"
"114865","A","50"
"114866","A","64"
"114870","A","167"
"114872","A","312"
"114878","A","228"
"114879","A","335"
"114887","A","305"
"114888","A","64"
"114893","A","495"
"114894","A","109"
"114896","A","318"
"114899","A","199"
"114902","A","474"
"114903","A","352"
"114906","A","91"
"114908","A","186"
"114910","A","187"
"114913","A","388"
"114920","A","473"
"114922","A","156"
"114928","A","196"
"114929","A","297"
"114935","A","227"
"114939","A","125"
"114940","A","367"
"114941","A","467"
"114942","A","291"
"114948","A","142"
"114949","A","257"
"114952","A","112"
"114953","A","421"
"114956","A","141"
"114974","A","10"
"114979","A","117"
"114980","A","81"
"114981","A","198"
"114985","A","289"
"114986","A","12"
"114990","A","187"
"114991","A","178"
"115000","A","370"
"115004","A","274"
"115005","A","438"
"115010","A","112"
"115013","A","428"
"115016","A","371"
"115019","A","483"
"115026","A","20"
"115032","A","448"
"115033","A","376"
"115035","A","372"
"115040","A","153"
"115041","A","255"
"115042","A","261"
"115046","A","199"
"115047","A","18"
"115051","A","171"
"115052","A","186"
"115057","A","198"
"115059","A","215"
"115063","A","202"
"115065","A","141"
"115070","A","458"
"115075","A","148"
"115083","A","404"
"115096","A","250"
"115099","A","74"
"115116","A","306"
"115117","A","498"
"115119","A","138"
"115129","A","170"
"115130","A","90"
"115136","A","54"
"115141","A","120"
"115143","A","404"
"115144","A","76"
"115145","A","90"
"115148","A","435"
"115162","A","330"
"115169","A","480"
"115171","A","280"
"115179","A","371"
"115182","A","497"
"115183","A","470"
"115184","A","97"
"115187","A","405"
"115188","A","281"
"115189","A","427"
"115191","A","153"
"115192","A","447"
"115194","A","201"
"115195","A","303"
"115198","A","216"
"115199","A","409"
"115202","A","44"
"115204","A","264"
"115208","A","397"
"115210","A","207"
"115215","A","495"
"115223","A","136"
"115225","A","132"
"115226","A","373"
"115228","A","109"
"115230","A","27"
"115231","A","194"
"115232","A","63"
"115234","A","281"
"115235","A","148"
"115236","A","214"
"115237","A","263"
"115246","A","49"
"115252","A","244"
"115265","A","276"
"115268","A","34"
"115270","A","291"
"115275","A","97"
"115283","A","187"
"115285","A","492"
"115289","A","484"
"115295","A","473"
"115298","A","431"
"115299","A","496"
"115302","A","449"
"115309","A","465"
"115310","A","85"
"115312","A","27"
"115315","A","438"
"115320","A","295"
"115321","A","316"
"115324","A","118"
"115326","A","90"
"115329","A","47"
"115332","A","153"
"115335","A","270"
"115336","A","495"
"115340","A","290"
"115343","A","272"
"115344","A","78"
"115346","A","497"
"115348","A","57"
"115350","A","246"
"115352","A","88"
"115354","A","104"
"115356","A","125"
"115357","A","22"
"115361","A","349"
"115362","A","381"
"115365","A","367"
"115372","A","484"
"115376","A","336"
"115377","A","306"
"115381","A","440"
"115390","A","349"
"115395","A","417"
"115404","A","410"
"115406","A","341"
"115409","A","342"
"115415","A","245"
"115418","A","298"
"115426","A","155"
"115429","A","70"
"115430","A","232"
"115431","A","455"
"115432","A","370"
"115436","A","460"
"115441","A","13"
"115445","A","208"
"115447","A","263"
"115448","A","54"
"115449","A","364"
"115450","A","440"
"115456","A","338"
"115458","A","98"
"115459","A","486"
"115470","A","113"
"115483","A","427"
"115485","A","128"
"115489","A","375"
"115500","A","302"
"115503","A","372"
"115507","A","158"
"115510","A","408"
"115512","A","12"
"115521","A","350"
"115526","A","387"
"115527","A","371"
"115528","A","108"
"115533","A","71"
"115536","A","408"
"115543","A","159"
"115546","A","220"
"115570","A","59"
"115572","A","165"
"115574","A","220"
"115578","A","253"
"115579","A","136"
"115580","A","378"
"115582","A","479"
"115583","A","263"
"115584","A","250"
"115589","A","374"
"115590","A","353"
"115594","A","159"
"115596","A","194"
"115597","A","364"
"115598","A","334"
"115608","A","38"
"115617","A","467"
"115633","A","155"
"115635","A","147"
"115637","A","176"
"115638","A","304"
"115643","A","85"
"115646","A","354"
"115662","A","159"
"115668","A","333"
"115675","A","246"
"115681","A","213"
"115685","A","343"
"115686","A","434"
"115694","A","472"
"115696","A","166"
"115697","A","12"
"115701","A","175"
"115704","A","411"
"115705","A","356"
"115710","A","369"
"115721","A","119"
"115722","A","333"
"115726","A","261"
"115727","A","304"
"115734","A","44"
"115736","A","323"
"115737","A","366"
"115741","A","351"
"115743","A","137"
"115751","A","254"
"115752","A","405"
"115760","A","27"
"115765","A","284"
"115773","A","221"
"115774","A","436"
"115775","A","352"
"115782","A","393"
"115790","A","432"
"115791","A","183"
"115795","A","475"
"115797","A","411"
"115803","A","117"
"115807","A","30"
"115808","A","170"
"115811","A","480"
"115816","A","133"
"115827","A","136"
"115830","A","443"
"115835","A","15"
"115844","A","192"
"115850","A","27"
"115854","A","320"
"115856","A","427"
"115858","A","439"
"115860","A","340"
"115866","A","64"
"115876","A","287"
"115882","A","489"
"115883","A","475"
"115884","A","236"
"115887","A","48"
"115891","A","292"
"115896","A","110"
"115908","A","433"
"115915","A","499"
"115923","A","271"
"115925","A","267"
"115927","A","481"
"115933","A","491"
"115934","A","110"
"115936","A","264"
"115937","A","427"
"115940","A","17"
"115943","A","442"
"115950","A","388"
"115953","A","321"
"115959","A","363"
"115963","A","464"
"115964","A","76"
"115967","A","236"
"115973","A","395"
"115984","A","255"
"115987","A","161"
"115989","A","457"
"115990","A","224"
"115991","A","254"
"115994","A","225"
"116004","A","356"
"116005","A","457"
"116007","A","297"
"116014","A","356"
"116015","A","300"
"116017","A","266"
"116019","A","233"
"116023","A","58"
"116025","A","332"
"116026","A","406"
"116029","A","198"
"116033","A","28"
"116034","A","344"
"116036","A","217"
"116038","A","79"
"116041","A","54"
"116042","A","462"
"116046","A","120"
"116047","A","192"
"116048","A","124"
"116055","A","382"
"116059","A","96"
"116061","A","94"
"116077","A","56"
"116080","A","217"
"116082","A","397"
"116103","A","486"
"116104","A","168"
"116106","A","419"
"116107","A","258"
"116121","A","133"
"116127","A","107"
"116129","A","80"
"116134","A","110"
"116139","A","128"
"116140","A","343"
"116143","A","342"
"116148","A","188"
"116151","A","237"
"116153","A","456"
"116154","A","255"
"116163","A","41"
"116165","A","152"
"116166","A","358"
"116167","A","383"
"116169","A","19"
"116174","A","182"
"116175","A","312"
"116176","A","327"
"116178","A","198"
"116188","A","155"
"116189","A","70"
"116197","A","245"
"116199","A","268"
"116202","A","499"
"116211","A","492"
"116212","A","90"
"116218","A","166"
"116219","A","468"
"116220","A","403"
"116223","A","206"
"116224","A","392"
"116231","A","445"
"116233","A","140"
"116236","A","301"
"116239","A","94"
"116240","A","120"
"116250","A","277"
"116260","A","289"
"116266","A","342"
"116270","A","168"
"116276","A","348"
"116279","A","196"
"116282","A","410"
"116283","A","100"
"116286","A","384"
"116289","A","151"
"116291","A","354"
"116294","A","87"
"116295","A","435"
"116301","A","27"
"116307","A","207"
"116312","A","416"
"116317","A","212"
"116322","A","160"
"116327","A","48"
"116328","A","24"
"116334","A","184"
"116336","A","51"
"116342","A","63"
"116345","A","156"
"116349","A","114"
"116350","A","93"
"116354","A","435"
"116359","A","103"
"116360","A","89"
"116383","A","142"
"116387","A","349"
"116388","A","135"
"116389","A","141"
"116391","A","218"
"116400","A","106"
"116408","A","158"
"116410","A","409"
"116415","A","165"
"116416","A","437"
"116421","A","186"
"116427","A","267"
"116429","A","224"
"116433","A","315"
"116434","A","39"
"116438","A","282"
"116448","A","314"
"116454","A","125"
"116458","A","95"
"116463","A","225"
"116466","A","164"
"116469","A","92"
"116470","A","392"
"116472","A","53"
"116474","A","290"
"116477","A","171"
"116478","A","386"
"116479","A","48"
"116481","A","124"
"116482","A","94"
"116488","A","238"
"116489","A","370"
"116497","A","391"
"116502","A","123"
"116508","A","123"
"116511","A","219"
"116512","A","135"
"116515","A","99"
"116516","A","333"
"116517","A","452"
"116518","A","123"
"116520","A","316"
"116521","A","368"
"116525","A","370"
"116528","A","296"
"116537","A","240"
"116552","A","484"
"116556","A","192"
"116559","A","43"
"116564","A","107"
"116565","A","494"
"116580","A","480"
"116582","A","74"
"116594","A","130"
"116598","A","265"
"116600","A","205"
"116609","A","33"
"116611","A","243"
"116617","A","229"
"116618","A","109"
"116620","A","363"
"116628","A","407"
"116633","A","174"
"116634","A","146"
"116637","A","447"
"116638","A","297"
"116640","A","431"
"116641","A","431"
"116650","A","340"
"116651","A","355"
"116652","A","398"
"116654","A","331"
"116658","A","43"
"116660","A","181"
"116668","A","320"
"116670","A","228"
"116674","A","121"
"116675","A","200"
"116676","A","248"
"116682","A","497"
"116683","A","425"
"116687","A","170"
"116694","A","356"
"116695","A","261"
"116700","A","95"
"116701","A","283"
"116702","A","165"
"116704","A","483"
"116713","A","38"
"116715","A","49"
"116716","A","265"
"116721","A","310"
"116722","A","70"
"116726","A","209"
"116727","A","423"
"116730","A","470"
"116732","A","493"
"116735","A","111"
"116741","A","40"
"116743","A","494"
"116745","A","268"
"116750","A","439"
"116751","A","264"
"116754","A","351"
"116756","A","193"
"116760","A","480"
"116761","A","367"
"116763","A","303"
"116769","A","35"
"116770","A","331"
"116771","A","31"
"116777","A","489"
"116784","A","367"
"116786","A","98"
"116787","A","390"
"116790","A","25"
"116793","A","176"
"116794","A","293"
"116796","A","66"
"116801","A","199"
"116802","A","318"
"116805","A","467"
"116809","A","477"
"116811","A","240"
"116814","A","33"
"116817","A","142"
"116820","A","442"
"116821","A","126"
"116823","A","74"
"116828","A","277"
"116830","A","173"
"116833","A","498"
"116834","A","23"
"116838","A","44"
"116847","A","258"
"116857","A","138"
"116865","A","295"
"116870","A","112"
"116874","A","74"
"116879","A","92"
"116881","A","377"
"116883","A","492"
"116889","A","51"
"116891","A","452"
"116898","A","44"
"116901","A","158"
"116917","A","228"
"116922","A","257"
"116923","A","283"
"116926","A","440"
"116927","A","345"
"116936","A","80"
"116952","A","11"
"116953","A","93"
"116954","A","185"
"116962","A","264"
"116965","A","122"
"116973","A","158"
"116975","A","291"
"116978","A","490"
"116984","A","78"
"116986","A","136"
"116988","A","119"
"116991","A","199"
"116992","A","156"
"116993","A","352"
"116995","A","106"
"117016","A","470"
"117019","A","150"
"117022","A","133"
"117028","A","171"
"117030","A","208"
"117033","A","286"
"117034","A","188"
"117038","A","11"
"117042","A","380"
"117046","A","17"
"117056","A","336"
"117057","A","302"
"117060","A","107"
"117065","A","89"
"117070","A","368"
"117074","A","35"
"117075","A","80"
"117084","A","406"
"117091","A","223"
"117098","A","333"
"117099","A","440"
"117100","A","489"
"117104","A","16"
"117111","A","283"
"117115","A","390"
"117117","A","194"
"117120","A","32"
"117122","A","371"
"117124","A","383"
"117126","A","128"
"117127","A","397"
"117129","A","39"
"117130","A","318"
"117132","A","281"
"117133","A","155"
"117136","A","264"
"117142","A","445"
"117145","A","176"
"117148","A","92"
"117154","A","356"
"117155","A","234"
"117159","A","407"
"117167","A","174"
"117168","A","410"
"117169","A","199"
"117172","A","399"
"117174","A","258"
"117181","A","245"
"117187","A","164"
"117188","A","210"
"117192","A","116"
"117195","A","14"
"117196","A","63"
"117197","A","244"
"117217","A","210"
"117220","A","243"
"117221","A","281"
"117231","A","165"
"117232","A","259"
"117234","A","460"
"117237","A","170"
"117252","A","299"
"117254","A","400"
"117257","A","184"
"117261","A","487"
"117263","A","37"
"117273","A","369"
"117274","A","190"
"117275","A","439"
"117276","A","470"
"117279","A","447"
"117280","A","421"
"117281","A","146"
"117282","A","263"
"117285","A","186"
"117294","A","275"
"117295","A","471"
"117299","A","401"
"117301","A","282"
"117307","A","12"
"117310","A","413"
"117312","A","83"
"117317","A","56"
"117320","A","431"
"117321","A","472"
"117325","A","284"
"117326","A","285"
"117332","A","239"
"117334","A","466"
"117335","A","415"
"117336","A","408"
"117338","A","485"
"117347","A","302"
"117351","A","37"
"117352","A","294"
"117353","A","494"
"117355","A","241"
"117359","A","123"
"117360","A","254"
"117361","A","303"
"117363","A","168"
"117366","A","334"
"117377","A","254"
"117393","A","259"
"117395","A","70"
"117401","A","428"
"117405","A","64"
"117411","A","344"
"117414","A","469"
"117417","A","288"
"117418","A","147"
"117425","A","424"
"117432","A","425"
"117433","A","418"
"117434","A","131"
"117437","A","77"
"117446","A","397"
"117447","A","425"
"117449","A","125"
"117451","A","424"
"117453","A","332"
"117457","A","67"
"117461","A","468"
"117463","A","86"
"117475","A","207"
"117478","A","249"
"117484","A","85"
"117486","A","29"
"117487","A","170"
"117490","A","226"
"117495","A","294"
"117496","A","196"
"117499","A","374"
"117501","A","338"
"117502","A","108"
"117505","A","446"
"117511","A","380"
"117514","A","445"
"117520","A","156"
"117523","A","354"
"117526","A","205"
"117529","A","23"
"117534","A","218"
"117535","A","181"
"117537","A","474"
"117549","A","377"
"117554","A","152"
"117559","A","461"
"117563","A","47"
"117565","A","27"
"117574","A","228"
"117579","A","398"
"117588","A","364"
"117592","A","12"
"117595","A","338"
"117598","A","38"
"117601","A","199"
"117602","A","26"
"117603","A","230"
"117608","A","356"
"117614","A","461"
"117617","A","39"
"117618","A","315"
"117621","A","326"
"117622","A","207"
"117626","A","262"
"117627","A","429"
"117631","A","499"
"117639","A","205"
"117640","A","262"
"117647","A","333"
"117649","A","164"
"117654","A","22"
"117659","A","93"
"117661","A","497"
"117664","A","436"
"117675","A","241"
"117677","A","345"
"117682","A","188"
"117684","A","452"
"117697","A","129"
"117699","A","161"
"117704","A","171"
"117708","A","185"
"117712","A","117"
"117715","A","362"
"117716","A","142"
"117732","A","376"
"117736","A","453"
"117740","A","442"
"117742","A","102"
"117746","A","480"
"117749","A","276"
"117750","A","245"
"117761","A","86"
"117769","A","348"
"117770","A","311"
"117778","A","409"
"117784","A","49"
"117790","A","357"
"117792","A","221"
"117797","A","74"
"117800","A","365"
"117809","A","65"
"117812","A","46"
"117814","A","342"
"117817","A","180"
"117823","A","219"
"117833","A","238"
"117838","A","79"
"117840","A","357"
"117841","A","58"
"117842","A","479"
"117843","A","63"
"117846","A","117"
"117851","A","362"
"117862","A","46"
"117867","A","100"
"117870","A","212"
"117871","A","243"
"117872","A","344"
"117880","A","323"
"117888","A","48"
"117894","A","228"
"117897","A","361"
"117909","A","127"
"117911","A","450"
"117918","A","145"
"117933","A","471"
"117936","A","378"
"117938","A","317"
"117940","A","87"
"117943","A","241"
"117945","A","425"
"117947","A","116"
"117955","A","75"
"117959","A","146"
"117961","A","292"
"117964","A","179"
"117971","A","225"
"117973","A","228"
"117974","A","385"
"117981","A","288"
"117983","A","285"
"117987","A","138"
"117989","A","237"
"117991","A","110"
"117994","A","54"
"117998","A","453"
"118001","A","190"
"118004","A","295"
"118012","A","219"
"118018","A","435"
"118022","A","321"
"118024","A","309"
"118025","A","284"
"118029","A","169"
"118031","A","344"
"118037","A","83"
"118039","A","450"
"118056","A","333"
"118059","A","417"
"118061","A","376"
"118073","A","318"
"118085","A","113"
"118086","A","427"
"118089","A","316"
"118092","A","259"
"118093","A","237"
"118094","A","372"
"118100","A","113"
"118106","A","237"
"118114","A","306"
"118120","A","216"
"118125","A","187"
"118127","A","276"
"118134","A","424"
"118145","A","466"
"118149","A","18"
"118150","A","301"
"118151","A","456"
"118154","A","303"
"118155","A","252"
"118164","A","457"
"118169","A","451"
"118172","A","44"
"118176","A","492"
"118177","A","70"
"118191","A","387"
"118198","A","121"
"118200","A","112"
"118201","A","178"
"118205","A","83"
"118224","A","250"
"118225","A","357"
"118226","A","21"
"118239","A","155"
"118240","A","48"
"118245","A","133"
"118248","A","189"
"118252","A","315"
"118254","A","91"
"118255","A","298"
"118261","A","363"
"118263","A","351"
"118266","A","328"
"118276","A","311"
"118277","A","101"
"118281","A","360"
"118284","A","98"
"118285","A","242"
"118286","A","13"
"118293","A","195"
"118301","A","146"
"118307","A","435"
"118311","A","383"
"118312","A","171"
"118316","A","442"
"118322","A","113"
"118324","A","370"
"118334","A","450"
"118338","A","334"
"118339","A","28"
"118343","A","77"
"118346","A","94"
"118354","A","125"
"118355","A","295"
"118357","A","304"
"118365","A","367"
"118369","A","67"
"118388","A","127"
"118392","A","66"
"118393","A","205"
"118397","A","470"
"118398","A","100"
"118402","A","344"
"118405","A","304"
"118406","A","192"
"118407","A","217"
"118408","A","249"
"118413","A","416"
"118416","A","408"
"118419","A","428"
"118423","A","115"
"118428","A","113"
"118431","A","300"
"118435","A","22"
"118436","A","33"
"118440","A","214"
"118442","A","214"
"118443","A","149"
"118444","A","358"
"118447","A","294"
"118450","A","425"
"118452","A","286"
"118456","A","268"
"118458","A","272"
"118459","A","153"
"118462","A","302"
"118467","A","183"
"118473","A","222"
"118476","A","79"
"118480","A","101"
"118488","A","187"
"118490","A","21"
"118493","A","287"
"118505","A","166"
"118506","A","235"
"118507","A","137"
"118513","A","253"
"118518","A","416"
"118519","A","258"
"118521","A","483"
"118526","A","276"
"118532","A","406"
"118533","A","236"
"118555","A","325"
"118561","A","395"
"118562","A","306"
"118565","A","50"
"118575","A","433"
"118581","A","296"
"118583","A","359"
"118585","A","212"
"118586","A","413"
"118588","A","442"
"118589","A","219"
"118593","A","401"
"118596","A","451"
"118598","A","400"
"118609","A","396"
"118613","A","333"
"118621","A","479"
"118623","A","200"
"118628","A","203"
"118632","A","71"
"118646","A","249"
"118648","A","177"
"118652","A","461"
"118653","A","453"
"118656","A","440"
"118658","A","102"
"118660","A","82"
"118661","A","492"
"118663","A","144"
"118666","A","403"
"118670","A","201"
"118672","A","167"
"118678","A","194"
"118679","A","167"
"118683","A","332"
"118686","A","401"
"118689","A","436"
"118698","A","341"
"118707","A","62"
"118709","A","47"
"118712","A","155"
"118715","A","210"
"118716","A","369"
"118724","A","52"
"118734","A","251"
"118735","A","287"
"118736","A","156"
"118737","A","260"
"118744","A","185"
"118751","A","227"
"118763","A","191"
"118766","A","114"
"118769","A","75"
"118771","A","159"
"118776","A","436"
"118781","A","86"
"118783","A","133"
"118786","A","278"
"118788","A","17"
"118792","A","229"
"118796","A","94"
"118800","A","226"
"118803","A","282"
"118805","A","278"
"118817","A","87"
"118820","A","125"
"118827","A","127"
"118837","A","195"
"118840","A","312"
"118841","A","499"
"118843","A","346"
"118847","A","340"
"118849","A","303"
"118853","A","312"
"118855","A","19"
"118856","A","205"
"118862","A","298"
"118868","A","429"
"118871","A","266"
"118872","A","27"
"118874","A","343"
"118879","A","240"
"118883","A","58"
"118884","A","87"
"118887","A","159"
"118891","A","22"
"118893","A","318"
"118900","A","165"
"118903","A","383"
"118913","A","188"
"118915","A","478"
"118918","A","63"
"118922","A","23"
"118929","A","113"
"118931","A","333"
"118933","A","210"
"118936","A","244"
"118937","A","268"
"118938","A","490"
"118945","A","386"
"118946","A","331"
"118948","A","48"
"118956","A","116"
"118958","A","46"
"118959","A","193"
"118960","A","452"
"118961","A","275"
"118963","A","150"
"118964","A","260"
"118968","A","217"
"118969","A","44"
"118980","A","256"
"118983","A","296"
"118986","A","43"
"118992","A","121"
"118997","A","450"
"119003","A","103"
"119004","A","285"
"119006","A","248"
"119011","A","280"
"119012","A","47"
"119014","A","90"
"119019","A","108"
"119021","A","142"
"119027","A","298"
"119030","A","413"
"119033","A","443"
"119043","A","275"
"119050","A","141"
"119051","A","339"
"119052","A","181"
"119056","A","354"
"119059","A","447"
"119061","A","103"
"119062","A","140"
"119063","A","210"
"119068","A","15"
"119073","A","82"
"119074","A","266"
"119077","A","443"
"119081","A","413"
"119085","A","359"
"119087","A","494"
"119088","A","423"
"119105","A","324"
"119108","A","446"
"119117","A","375"
"119118","A","352"
"119122","A","194"
"119123","A","289"
"119125","A","373"
"119126","A","75"
"119127","A","328"
"119128","A","488"
"119133","A","402"
"119139","A","383"
"119140","A","456"
"119145","A","187"
"119152","A","199"
"119158","A","185"
"119164","A","368"
"119167","A","216"
"119172","A","354"
"119174","A","237"
"119181","A","58"
"119182","A","249"
"119193","A","334"
"119197","A","346"
"119200","A","339"
"119204","A","468"
"119214","A","127"
"119215","A","362"
"119217","A","43"
"119222","A","234"
"119226","A","317"
"119228","A","242"
"119229","A","175"
"119232","A","74"
"119238","A","19"
"119240","A","65"
"119243","A","275"
"119246","A","351"
"119251","A","407"
"119252","A","482"
"119262","A","90"
"119263","A","105"
"119267","A","208"
"119268","A","456"
"119277","A","290"
"119282","A","19"
"119284","A","444"
"119288","A","47"
"119295","A","355"
"119297","A","387"
"119299","A","162"
"119302","A","213"
"119305","A","491"
"119307","A","178"
"119310","A","499"
"119327","A","287"
"119328","A","498"
"119332","A","396"
"119342","A","148"
"119345","A","443"
"119351","A","281"
"119352","A","403"
"119359","A","109"
"119360","A","193"
"119363","A","25"
"119364","A","84"
"119365","A","264"
"119367","A","48"
"119369","A","50"
"119371","A","294"
"119380","A","34"
"119383","A","213"
"119384","A","89"
"119387","A","271"
"119390","A","280"
"119397","A","325"
"119406","A","133"
"119408","A","451"
"119412","A","178"
"119415","A","285"
"119421","A","58"
"119423","A","30"
"119431","A","168"
"119436","A","89"
"119437","A","160"
"119439","A","478"
"119442","A","117"
"119450","A","79"
"119454","A","348"
"119455","A","143"
"119457","A","20"
"119461","A","168"
"119474","A","283"
"119475","A","435"
"119477","A","293"
"119480","A","23"
"119481","A","76"
"119486","A","176"
"119487","A","436"
"119492","A","125"
"119494","A","262"
"119509","A","301"
"119525","A","194"
"119527","A","399"
"119531","A","313"
"119537","A","345"
"119542","A","249"
"119545","A","49"
"119546","A","496"
"119547","A","403"
"119552","A","242"
"119556","A","134"
"119562","A","417"
"119563","A","185"
"119566","A","128"
"119569","A","112"
"119570","A","301"
"119571","A","347"
"119573","A","18"
"119574","A","411"
"119576","A","418"
"119577","A","452"
"119578","A","454"
"119581","A","80"
"119586","A","96"
"119591","A","44"
"119592","A","221"
"119596","A","443"
"119602","A","113"
"119603","A","380"
"119610","A","338"
"119614","A","68"
"119631","A","151"
"119634","A","471"
"119640","A","63"
"119646","A","20"
"119660","A","11"
"119663","A","64"
"119664","A","174"
"119670","A","14"
"119673","A","454"
"119680","A","81"
"119682","A","276"
"119684","A","321"
"119687","A","264"
"119692","A","292"
"119695","A","224"
"119700","A","59"
"119701","A","137"
"119708","A","470"
"119711","A","381"
"119712","A","175"
"119713","A","174"
"119714","A","353"
"119716","A","325"
"119723","A","451"
"119724","A","36"
"119733","A","263"
"119734","A","271"
"119744","A","235"
"119752","A","258"
"119764","A","326"
"119768","A","36"
"119777","A","169"
"119778","A","159"
"119785","A","153"
"119791","A","239"
"119792","A","293"
"119793","A","311"
"119794","A","495"
"119799","A","455"
"119802","A","103"
"119803","A","489"
"119806","A","313"
"119810","A","290"
"119812","A","265"
"119817","A","377"
"119818","A","106"
"119830","A","483"
"119833","A","178"
"119835","A","152"
"119838","A","292"
"119840","A","294"
"119843","A","231"
"119845","A","251"
"119853","A","97"
"119854","A","182"
"119857","A","365"
"119864","A","54"
"119869","A","286"
"119871","A","71"
"119874","A","153"
"119882","A","482"
"119888","A","99"
"119889","A","281"
"119902","A","441"
"119903","A","354"
"119909","A","368"
"119930","A","156"
"119933","A","256"
"119937","A","273"
"119939","A","76"
"119940","A","221"
"119941","A","137"
"119944","A","400"
"119945","A","89"
"119960","A","303"
"119969","A","80"
"119970","A","277"
"119980","A","69"
"119987","A","342"
"119991","A","211"
"119992","A","481"
"120002","A","214"
"120007","A","31"
"120012","A","52"
"120015","A","392"
"120018","A","243"
"120023","A","98"
"120024","A","470"
"120025","A","189"
"120031","A","324"
"120034","A","372"
"120035","A","485"
"120038","A","10"
"120042","A","256"
"120043","A","257"
"120050","A","103"
"120059","A","307"
"120060","A","373"
"120065","A","425"
"120074","A","420"
"120076","A","99"
"120085","A","307"
"120088","A","230"
"120090","A","421"
"120091","A","341"
"120092","A","137"
"120094","A","103"
"120098","A","443"
"120102","A","485"
"120106","A","10"
"120113","A","189"
"120117","A","165"
"120119","A","165"
"120120","A","85"
"120122","A","265"
"120124","A","174"
"120126","A","42"
"120127","A","318"
"120128","A","453"
"120129","A","444"
"120148","A","372"
"120150","A","455"
"120160","A","237"
"120161","A","260"
"120167","A","448"
"120173","A","334"
"120177","A","41"
"120179","A","448"
"120185","A","75"
"120188","A","219"
"120191","A","57"
"120192","A","407"
"120193","A","389"
"120194","A","291"
"120197","A","250"
"120207","A","391"
"120212","A","412"
"120214","A","462"
"120217","A","391"
"120220","A","481"
"120230","A","296"
"120233","A","225"
"120239","A","34"
"120251","A","34"
"120254","A","428"
"120257","A","189"
"120269","A","265"
"120271","A","381"
"120279","A","314"
"120287","A","475"
"120289","A","257"
"120294","A","359"
"120305","A","499"
"120307","A","208"
"120308","A","309"
"120309","A","441"
"120311","A","473"
"120323","A","138"
"120326","A","463"
"120328","A","211"
"120341","A","425"
"120348","A","130"
"120351","A","473"
"120352","A","52"
"120358","A","161"
"120363","A","291"
"120369","A","322"
"120370","A","397"
"120372","A","61"
"120378","A","62"
"120379","A","448"
"120386","A","362"
"120390","A","447"
"120393","A","422"
"120396","A","309"
"120399","A","337"
"120407","A","326"
"120409","A","179"
"120410","A","269"
"120420","A","135"
"120422","A","39"
"120424","A","142"
"120425","A","359"
"120432","A","274"
"120434","A","350"
"120447","A","304"
"120449","A","190"
"120454","A","388"
"120455","A","271"
"120459","A","137"
"120463","A","111"
"120467","A","353"
"120469","A","497"
"120473","A","372"
"120474","A","34"
"120492","A","342"
"120494","A","240"
"120497","A","50"
"120498","A","198"
"120500","A","387"
"120508","A","200"
"120511","A","26"
"120520","A","15"
"120522","A","484"
"120525","A","300"
"120543","A","197"
"120544","A","316"
"120548","A","391"
"120549","A","311"
"120552","A","287"
"120555","A","315"
"120557","A","399"
"120560","A","174"
"120571","A","484"
"120578","A","307"
"120580","A","195"
"120586","A","312"
"120596","A","140"
"120601","A","73"
"120603","A","50"
"120613","A","321"
"120617","A","171"
"120618","A","396"
"120623","A","267"
"120625","A","174"
"120629","A","301"
"120633","A","419"
"120635","A","37"
"120645","A","351"
"120646","A","114"
"120653","A","384"
"120655","A","445"
"120658","A","423"
"120664","A","368"
"120665","A","466"
"120669","A","17"
"120676","A","31"
"120699","A","439"
"120701","A","201"
"120704","A","485"
"120705","A","341"
"120707","A","221"
"120710","A","122"
"120713","A","174"
"120715","A","20"
"120720","A","110"
"120726","A","181"
"120728","A","349"
"120735","A","137"
"120738","A","437"
"120739","A","69"
"120750","A","327"
"120758","A","88"
"120760","A","110"
"120763","A","120"
"120764","A","370"
"120765","A","160"
"120771","A","151"
"120774","A","176"
"120776","A","450"
"120783","A","438"
"120784","A","199"
"120786","A","276"
"120796","A","446"
"120802","A","172"
"120808","A","25"
"120809","A","460"
"120812","A","399"
"120814","A","151"
"120815","A","181"
"120818","A","278"
"120833","A","269"
"120836","A","392"
"120840","A","300"
"120850","A","12"
"120855","A","140"
"120859","A","339"
"120862","A","141"
"120866","A","267"
"120867","A","56"
"120870","A","263"
"120875","A","482"
"120878","A","127"
"120883","A","481"
"120885","A","136"
"120889","A","473"
"120891","A","114"
"120892","A","54"
"120893","A","21"
"120897","A","95"
"120899","A","452"
"120903","A","127"
"120910","A","198"
"120918","A","308"
"120922","A","394"
"120923","A","115"
"120927","A","228"
"120928","A","475"
"120930","A","374"
"120942","A","144"
"120947","A","82"
"120951","A","144"
"120956","A","282"
"120958","A","113"
"120967","A","212"
"120969","A","332"
"120974","A","169"
"120980","A","347"
"120982","A","44"
"120989","A","62"
"120990","A","82"
"120992","A","152"
"120993","A","158"
"120996","A","207"
"120999","A","441"
"121006","A","434"
"121010","A","153"
"121020","A","25"
"121026","A","40"
"121027","A","488"
"121036","A","375"
"121038","A","258"
"121040","A","45"
"121043","A","356"
"121049","A","284"
"121059","A","61"
"121066","A","52"
"121069","A","263"
"121075","A","98"
"121077","A","52"
"121079","A","476"
"121080","A","445"
"121083","A","154"
"121084","A","132"
"121089","A","430"
"121100","A","203"
"121102","A","28"
"121111","A","257"
"121113","A","487"
"121115","A","273"
"121119","A","347"
"121121","A","305"
"121124","A","56"
"121127","A","361"
"121131","A","149"
"121140","A","167"
"121141","A","177"
"121143","A","146"
"121144","A","355"
"121148","A","182"
"121149","A","12"
"121152","A","11"
"121155","A","326"
"121156","A","238"
"121157","A","352"
"121159","A","364"
"121165","A","447"
"121168","A","402"
"121174","A","24"
"121175","A","468"
"121181","A","93"
"121192","A","199"
"121196","A","40"
"121213","A","86"
"121217","A","292"
"121220","A","77"
"121221","A","264"
"121224","A","73"
"121226","A","274"
"121228","A","72"
"121230","A","131"
"121231","A","454"
"121232","A","51"
"121234","A","140"
"121238","A","18"
"121240","A","180"
"121244","A","406"
"121245","A","338"
"121249","A","187"
"121251","A","383"
"121252","A","447"
"121254","A","409"
"121255","A","22"
"121256","A","222"
"121259","A","365"
"121266","A","462"
"121267","A","447"
"121268","A","323"
"121269","A","28"
"121270","A","422"
"121273","A","279"
"121278","A","121"
"121279","A","19"
"121280","A","232"
"121286","A","48"
"121287","A","101"
"121288","A","93"
"121290","A","382"
"121294","A","260"
"121295","A","399"
"121305","A","35"
"121315","A","445"
"121317","A","419"
"121321","A","267"
"121327","A","403"
"121329","A","133"
"121330","A","401"
"121331","A","90"
"121339","A","93"
"121342","A","152"
"121348","A","468"
"121351","A","240"
"121357","A","274"
"121360","A","129"
"121363","A","166"
"121364","A","285"
"121371","A","409"
"121375","A","436"
"121377","A","205"
"121378","A","88"
"121387","A","136"
"121388","A","76"
"121389","A","187"
"121390","A","486"
"121393","A","32"
"121395","A","202"
"121409","A","103"
"121418","A","388"
"121419","A","316"
"121421","A","153"
"121431","A","167"
"121433","A","150"
"121434","A","261"
"121436","A","256"
"121438","A","183"
"121439","A","144"
"121447","A","134"
"121453","A","23"
"121459","A","63"
"121465","A","167"
"121469","A","77"
"121471","A","303"
"121473","A","220"
"121475","A","153"
"121477","A","226"
"121486","A","275"
"121488","A","299"
"121492","A","295"
"121495","A","371"
"121500","A","369"
"121503","A","24"
"121504","A","31"
"121505","A","412"
"121518","A","469"
"121527","A","484"
"121528","A","332"
"121533","A","93"
"121543","A","113"
"121546","A","72"
"121552","A","447"
"121560","A","102"
"121562","A","452"
"121566","A","41"
"121567","A","218"
"121573","A","47"
"121574","A","167"
"121575","A","272"
"121576","A","365"
"121586","A","489"
"121590","A","316"
"121592","A","203"
"121595","A","188"
"121600","A","258"
"121604","A","438"
"121605","A","388"
"121609","A","187"
"121612","A","241"
"121615","A","274"
"121625","A","407"
"121626","A","261"
"121631","A","13"
"121633","A","186"
"121636","A","148"
"121642","A","377"
"121644","A","128"
"121645","A","152"
"121649","A","176"
"121657","A","85"
"121660","A","83"
"121669","A","462"
"121670","A","310"
"121684","A","418"
"121686","A","299"
"121691","A","33"
"121693","A","94"
"121694","A","418"
"121695","A","95"
"121696","A","16"
"121700","A","364"
"121709","A","399"
"121717","A","370"
"121723","A","154"
"121726","A","326"
"121727","A","181"
"121734","A","283"
"121743","A","396"
"121745","A","148"
"121747","A","396"
"121749","A","311"
"121750","A","349"
"121768","A","62"
"121773","A","76"
"121783","A","164"
"121784","A","402"
"121788","A","115"
"121791","A","298"
"121793","A","306"
"121796","A","97"
"121798","A","152"
"121810","A","490"
"121825","A","207"
"121827","A","303"
"121829","A","471"
"121832","A","466"
"121833","A","295"
"121837","A","284"
"121839","A","121"
"121841","A","28"
"121843","A","13"
"121844","A","275"
"121849","A","405"
"121852","A","481"
"121855","A","166"
"121857","A","226"
"121862","A","460"
"121870","A","416"
"121892","A","251"
"121895","A","311"
"121898","A","414"
"121901","A","396"
"121903","A","392"
"121909","A","263"
"121915","A","214"
"121921","A","30"
"121928","A","166"
"121929","A","327"
"121931","A","66"
"121932","A","333"
"121933","A","325"
"121935","A","344"
"121937","A","129"
"121940","A","253"
"121942","A","350"
"121949","A","122"
"121950","A","273"
"121959","A","275"
"121963","A","182"
"121964","A","494"
"121965","A","119"
"121966","A","433"
"121981","A","308"
"121984","A","346"
"121987","A","446"
"121991","A","262"
"121993","A","310"
"121994","A","471"
"121999","A","71"
"122010","A","482"
"122015","A","181"
"122019","A","491"
"122020","A","489"
"122021","A","252"
"122028","A","142"
"122029","A","313"
"122030","A","367"
"122034","A","473"
"122044","A","370"
"122048","A","122"
"122050","A","34"
"122051","A","446"
"122055","A","189"
"122056","A","203"
"122057","A","105"
"122060","A","83"
"122062","A","125"
"122064","A","248"
"122066","A","288"
"122071","A","47"
"122080","A","196"
"122081","A","431"
"122082","A","444"
"122083","A","222"
"122084","A","222"
"122086","A","446"
"122091","A","346"
"122093","A","391"
"122099","A","334"
"122101","A","212"
"122103","A","476"
"122104","A","362"
"122105","A","267"
"122106","A","191"
"122113","A","70"
"122115","A","189"
"122116","A","97"
"122121","A","306"
"122122","A","76"
"122124","A","71"
"122131","A","392"
"122136","A","314"
"122138","A","177"
"122145","A","183"
"122147","A","37"
"122158","A","82"
"122159","A","178"
"122161","A","186"
"122162","A","341"
"122163","A","417"
"122166","A","208"
"122174","A","251"
"122176","A","272"
"122177","A","463"
"122180","A","266"
"122181","A","162"
"122185","A","422"
"122186","A","237"
"122191","A","18"
"122210","A","353"
"122213","A","180"
"122214","A","380"
"122215","A","162"
"122217","A","481"
"122224","A","97"
"122229","A","181"
"122233","A","498"
"122234","A","440"
"122239","A","293"
"122240","A","52"
"122242","A","476"
"122249","A","78"
"122251","A","326"
"122254","A","328"
"122257","A","150"
"122265","A","109"
"122269","A","105"
"122272","A","434"
"122273","A","286"
"122281","A","198"
"122282","A","170"
"122293","A","437"
"122300","A","252"
"122302","A","58"
"122311","A","435"
"122313","A","308"
"122317","A","412"
"122338","A","368"
"122341","A","427"
"122343","A","19"
"122344","A","354"
"122348","A","392"
"122350","A","196"
"122351","A","244"
"122353","A","379"
"122364","A","431"
"122371","A","126"
"122376","A","282"
"122378","A","373"
"122379","A","43"
"122385","A","26"
"122389","A","221"
"122391","A","238"
"122393","A","348"
"122394","A","278"
"122395","A","446"
"122396","A","342"
"122399","A","149"
"122403","A","40"
"122405","A","196"
"122408","A","13"
"122413","A","309"
"122438","A","456"
"122442","A","354"
"122449","A","203"
"122451","A","122"
"122452","A","318"
"122456","A","424"
"122464","A","208"
"122470","A","348"
"122476","A","180"
"122477","A","311"
"122482","A","498"
"122489","A","14"
"122499","A","100"
"122507","A","163"
"122513","A","144"
"122514","A","311"
"122515","A","64"
"122517","A","392"
"122522","A","207"
"122524","A","79"
"122525","A","257"
"122534","A","402"
"122535","A","431"
"122537","A","299"
"122538","A","357"
"122546","A","116"
"122547","A","417"
"122550","A","422"
"122554","A","420"
"122558","A","271"
"122562","A","341"
"122564","A","430"
"122569","A","52"
"122571","A","100"
"122572","A","478"
"122585","A","18"
"122588","A","123"
"122593","A","414"
"122594","A","187"
"122598","A","228"
"122599","A","43"
"122600","A","216"
"122605","A","192"
"122613","A","391"
"122617","A","241"
"122620","A","311"
"122623","A","434"
"122626","A","386"
"122628","A","271"
"122629","A","368"
"122639","A","356"
"122641","A","405"
"122643","A","246"
"122644","A","158"
"122645","A","16"
"122646","A","231"
"122648","A","360"
"122651","A","455"
"122654","A","293"
"122660","A","131"
"122661","A","352"
"122662","A","154"
"122663","A","38"
"122667","A","14"
"122671","A","316"
"122672","A","371"
"122673","A","174"
"122676","A","241"
"122677","A","303"
"122678","A","432"
"122681","A","106"
"122683","A","489"
"122685","A","430"
"122694","A","457"
"122709","A","339"
"122711","A","32"
"122713","A","289"
"122715","A","69"
"122718","A","90"
"122722","A","337"
"122724","A","339"
"122726","A","262"
"122733","A","286"
"122736","A","166"
"122742","A","146"
"122745","A","230"
"122746","A","48"
"122749","A","93"
"122750","A","171"
"122755","A","33"
"122761","A","384"
"122766","A","237"
"122768","A","376"
"122774","A","253"
"122777","A","287"
"122778","A","116"
"122782","A","393"
"122785","A","41"
"122792","A","234"
"122795","A","151"
"122801","A","226"
"122803","A","340"
"122808","A","301"
"122811","A","485"
"122820","A","137"
"122822","A","304"
"122833","A","357"
"122835","A","45"
"122837","A","11"
"122843","A","370"
"122845","A","426"
"122851","A","428"
"122853","A","150"
"122858","A","52"
"122866","A","355"
"122869","A","345"
"122873","A","456"
"122875","A","430"
"122877","A","226"
"122878","A","129"
"122881","A","232"
"122883","A","368"
"122890","A","254"
"122897","A","21"
"122898","A","282"
"122900","A","491"
"122902","A","25"
"122904","A","183"
"122908","A","372"
"122914","A","112"
"122918","A","224"
"122924","A","113"
"122930","A","114"
"122941","A","59"
"122944","A","210"
"122952","A","141"
"122954","A","106"
"122955","A","154"
"122957","A","364"
"122961","A","499"
"122964","A","55"
"122966","A","439"
"122976","A","216"
"122981","A","451"
"122983","A","280"
"122995","A","463"
"122999","A","247"
"123002","A","490"
"123021","A","171"
"123024","A","290"
"123026","A","324"
"123028","A","127"
"123035","A","97"
"123039","A","302"
"123040","A","215"
"123041","A","295"
"123049","A","310"
"123050","A","455"
"123052","A","93"
"123053","A","227"
"123064","A","79"
"123068","A","14"
"123069","A","127"
"123070","A","257"
"123077","A","59"
"123080","A","356"
"123088","A","55"
"123089","A","264"
"123094","A","383"
"123100","A","305"
"123107","A","236"
"123111","A","17"
"123112","A","487"
"123114","A","65"
"123122","A","236"
"123124","A","249"
"123128","A","127"
"123130","A","450"
"123131","A","466"
"123133","A","225"
"123140","A","162"
"123141","A","473"
"123149","A","301"
"123150","A","161"
"123152","A","464"
"123153","A","492"
"123163","A","370"
"123167","A","115"
"123172","A","457"
"123175","A","167"
"123177","A","321"
"123179","A","185"
"123183","A","217"
"123189","A","106"
"123193","A","106"
"123195","A","422"
"123198","A","463"
"123200","A","52"
"123207","A","395"
"123214","A","375"
"123215","A","329"
"123218","A","338"
"123222","A","209"
"123229","A","31"
"123235","A","141"
"123236","A","237"
"123239","A","212"
"123243","A","66"
"123245","A","395"
"123252","A","371"
"123256","A","42"
"123257","A","424"
"123260","A","427"
"123261","A","436"
"123262","A","379"
"123263","A","175"
"123264","A","388"
"123276","A","293"
"123278","A","368"
"123280","A","405"
"123290","A","49"
"123295","A","253"
"123296","A","399"
"123299","A","293"
"123305","A","114"
"123311","A","312"
"123321","A","222"
"123322","A","64"
"123331","A","62"
"123333","A","426"
"123343","A","65"
"123347","A","453"
"123348","A","67"
"123354","A","421"
"123356","A","291"
"123359","A","300"
"123362","A","186"
"123368","A","440"
"123371","A","16"
"123378","A","480"
"123380","A","50"
"123384","A","203"
"123390","A","319"
"123393","A","22"
"123405","A","267"
"123409","A","70"
"123412","A","430"
"123413","A","234"
"123415","A","464"
"123417","A","456"
"123423","A","429"
"123425","A","428"
"123426","A","183"
"123427","A","270"
"123429","A","352"
"123436","A","428"
"123446","A","395"
"123447","A","385"
"123451","A","374"
"123453","A","307"
"123458","A","230"
"123459","A","237"
"123462","A","377"
"123463","A","228"
"123468","A","137"
"123469","A","363"
"123470","A","148"
"123473","A","303"
"123478","A","386"
"123481","A","221"
"123482","A","448"
"123483","A","330"
"123485","A","399"
"123486","A","351"
"123488","A","173"
"123496","A","74"
"123501","A","277"
"123502","A","37"
"123509","A","409"
"123512","A","440"
"123513","A","47"
"123514","A","464"
"123515","A","81"
"123517","A","478"
"123520","A","335"
"123527","A","55"
"123532","A","492"
"123534","A","376"
"123544","A","432"
"123546","A","418"
"123552","A","424"
"123554","A","156"
"123563","A","53"
"123564","A","159"
"123575","A","268"
"123576","A","290"
"123578","A","159"
"123583","A","213"
"123588","A","321"
"123589","A","226"
"123591","A","67"
"123592","A","197"
"123596","A","272"
"123597","A","69"
"123598","A","372"
"123600","A","452"
"123601","A","443"
"123602","A","247"
"123605","A","126"
"123606","A","425"
"123616","A","125"
"123620","A","351"
"123621","A","186"
"123632","A","185"
"123643","A","267"
"123649","A","499"
"123656","A","208"
"123674","A","237"
"123677","A","309"
"123679","A","462"
"123680","A","412"
"123681","A","129"
"123683","A","346"
"123687","A","453"
"123692","A","222"
"123717","A","128"
"123721","A","215"
"123724","A","332"
"123729","A","85"
"123735","A","377"
"123740","A","253"
"123744","A","413"
"123746","A","16"
"123748","A","304"
"123752","A","482"
"123754","A","371"
"123756","A","354"
"123768","A","204"
"123773","A","140"
"123774","A","242"
"123775","A","36"
"123779","A","302"
"123784","A","366"
"123785","A","35"
"123791","A","79"
"123795","A","101"
"123799","A","360"
"123804","A","103"
"123807","A","350"
"123810","A","63"
"123816","A","23"
"123817","A","434"
"123818","A","329"
"123820","A","219"
"123821","A","17"
"123823","A","213"
"123824","A","143"
"123826","A","242"
"123830","A","89"
"123833","A","108"
"123837","A","362"
"123842","A","380"
"123849","A","453"
"123852","A","498"
"123854","A","60"
"123855","A","311"
"123858","A","464"
"123864","A","188"
"123870","A","427"
"123873","A","313"
"123877","A","74"
"123879","A","400"
"123884","A","374"
"123887","A","348"
"123889","A","81"
"123891","A","440"
"123894","A","325"
"123896","A","475"
"123901","A","433"
"123905","A","262"
"123907","A","310"
"123912","A","381"
"123917","A","207"
"123918","A","155"
"123924","A","397"
"123930","A","460"
"123944","A","436"
"123950","A","18"
"123964","A","234"
"123981","A","414"
"123984","A","342"
"123986","A","491"
"123992","A","237"
"124000","A","488"
"124002","A","341"
"124003","A","88"
"124004","A","353"
"124013","A","264"
"124020","A","282"
"124034","A","278"
"124037","A","20"
"124038","A","196"
"124040","A","266"
"124042","A","351"
"124049","A","419"
"124051","A","114"
"124058","A","484"
"124060","A","58"
"124062","A","372"
"124066","A","350"
"124068","A","353"
"124071","A","105"
"124077","A","115"
"124080","A","157"
"124081","A","103"
"124084","A","230"
"124086","A","385"
"124087","A","421"
"124090","A","469"
"124092","A","165"
"124095","A","400"
"124096","A","157"
"124097","A","74"
"124101","A","198"
"124102","A","38"
"124107","A","248"
"124108","A","371"
"124118","A","33"
"124120","A","222"
"124125","A","336"
"124127","A","182"
"124130","A","452"
"124131","A","473"
"124132","A","118"
"124142","A","185"
"124149","A","413"
"124152","A","23"
"124159","A","141"
"124161","A","314"
"124164","A","113"
"124173","A","269"
"124178","A","196"
"124195","A","207"
"124198","A","184"
"124200","A","248"
"124205","A","245"
"124206","A","420"
"124212","A","272"
"124219","A","436"
"124222","A","357"
"124226","A","51"
"124227","A","458"
"124231","A","182"
"124236","A","479"
"124239","A","24"
"124248","A","131"
"124249","A","25"
"124254","A","491"
"124255","A","319"
"124263","A","176"
"124266","A","388"
"124281","A","362"
"124283","A","325"
"124284","A","220"
"124288","A","198"
"124297","A","319"
"124312","A","35"
"124314","A","77"
"124317","A","115"
"124325","A","289"
"124328","A","354"
"124330","A","270"
"124332","A","435"
"124333","A","90"
"124338","A","293"
"124346","A","197"
"124349","A","106"
"124353","A","132"
"124354","A","279"
"124356","A","490"
"124358","A","399"
"124360","A","347"
"124362","A","312"
"124363","A","424"
"124365","A","325"
"124370","A","352"
"124373","A","430"
"124375","A","492"
"124376","A","135"
"124384","A","154"
"124387","A","475"
"124391","A","362"
"124398","A","412"
"124400","A","125"
"124403","A","113"
"124407","A","432"
"124413","A","174"
"124415","A","42"
"124422","A","391"
"124424","A","338"
"124425","A","291"
"124430","A","305"
"124440","A","155"
"124441","A","194"
"124447","A","11"
"124448","A","403"
"124460","A","288"
"124462","A","240"
"124468","A","425"
"124469","A","321"
"124475","A","67"
"124480","A","297"
"124481","A","353"
"124482","A","454"
"124483","A","177"
"124492","A","357"
"124503","A","50"
"124504","A","80"
"124509","A","333"
"124514","A","484"
"124530","A","63"
"124531","A","336"
"124532","A","355"
"124534","A","163"
"124538","A","71"
"124548","A","201"
"124550","A","339"
"124553","A","72"
"124566","A","490"
"124568","A","56"
"124573","A","365"
"124579","A","133"
"124583","A","119"
"124588","A","143"
"124589","A","154"
"124590","A","110"
"124591","A","178"
"124596","A","486"
"124597","A","449"
"124609","A","339"
"124612","A","175"
"124621","A","167"
"124622","A","444"
"124628","A","156"
"124635","A","133"
"124637","A","332"
"124638","A","137"
"124639","A","52"
"124640","A","262"
"124642","A","316"
"124645","A","175"
"124646","A","143"
"124649","A","18"
"124655","A","121"
"124663","A","393"
"124666","A","427"
"124675","A","478"
"124676","A","188"
"124678","A","206"
"124679","A","163"
"124682","A","93"
"124683","A","286"
"124685","A","406"
"124687","A","118"
"124695","A","385"
"124698","A","463"
"124705","A","414"
"124708","A","120"
"124713","A","368"
"124719","A","415"
"124725","A","243"
"124741","A","174"
"124745","A","299"
"124746","A","238"
"124748","A","13"
"124749","A","402"
"124751","A","188"
"124755","A","176"
"124762","A","160"
"124765","A","407"
"124771","A","69"
"124773","A","338"
"124781","A","352"
"124782","A","215"
"124784","A","275"
"124785","A","35"
"124792","A","367"
"124794","A","213"
"124802","A","82"
"124804","A","287"
"124810","A","418"
"124812","A","141"
"124817","A","334"
"124819","A","102"
"124824","A","305"
"124826","A","75"
"124829","A","92"
"124832","A","166"
"124839","A","88"
"124841","A","152"
"124842","A","320"
"124848","A","196"
"124851","A","182"
"124854","A","167"
"124860","A","480"
"124864","A","308"
"124872","A","217"
"124874","A","490"
"124880","A","270"
"124881","A","421"
"124884","A","402"
"124894","A","123"
"124898","A","445"
"124910","A","114"
"124912","A","89"
"124919","A","375"
"124922","A","64"
"124923","A","421"
"124926","A","458"
"124938","A","148"
"124940","A","28"
"124943","A","178"
"124945","A","92"
"124947","A","222"
"124949","A","111"
"124952","A","223"
"124953","A","11"
"124960","A","61"
"124963","A","206"
"124967","A","373"
"124975","A","309"
"124977","A","373"
"124978","A","153"
"124985","A","483"
"124986","A","488"
"124992","A","34"
"124993","A","45"
"124998","A","46"
"125002","A","372"
"125009","A","333"
"125014","A","425"
"125018","A","30"
"125019","A","469"
"125023","A","45"
"125025","A","254"
"125026","A","402"
"125028","A","435"
"125030","A","223"
"125031","A","76"
"125032","A","139"
"125034","A","130"
"125038","A","485"
"125041","A","372"
"125043","A","494"
"125057","A","494"
"125064","A","201"
"125074","A","183"
"125086","A","242"
"125087","A","268"
"125088","A","111"
"125090","A","137"
"125092","A","149"
"125095","A","418"
"125103","A","442"
"125104","A","477"
"125107","A","199"
"125111","A","376"
"125119","A","111"
"125123","A","80"
"125125","A","269"
"125133","A","448"
"125135","A","220"
"125136","A","254"
"125143","A","222"
"125144","A","419"
"125148","A","382"
"125150","A","87"
"125159","A","425"
"125166","A","74"
"125172","A","42"
"125173","A","415"
"125175","A","465"
"125180","A","180"
"125181","A","232"
"125186","A","272"
"125187","A","88"
"125193","A","434"
"125198","A","310"
"125199","A","485"
"125200","A","203"
"125204","A","312"
"125209","A","133"
"125216","A","172"
"125219","A","273"
"125220","A","478"
"125230","A","399"
"125233","A","214"
"125238","A","296"
"125240","A","163"
"125241","A","332"
"125243","A","373"
"125245","A","131"
"125247","A","376"
"125254","A","136"
"125256","A","488"
"125257","A","48"
"125258","A","404"
"125266","A","225"
"125272","A","110"
"125275","A","258"
"125279","A","248"
"125281","A","224"
"125283","A","184"
"125285","A","251"
"125287","A","40"
"125302","A","96"
"125315","A","483"
"125316","A","219"
"125319","A","379"
"125322","A","382"
"125324","A","438"
"125328","A","53"
"125329","A","175"
"125330","A","114"
"125333","A","324"
"125335","A","59"
"125338","A","33"
"125340","A","115"
"125344","A","472"
"125353","A","370"
"125357","A","460"
"125360","A","473"
"125364","A","439"
"125371","A","179"
"125372","A","153"
"125376","A","419"
"125384","A","150"
"125395","A","251"
"125398","A","481"
"125400","A","414"
"125413","A","329"
"125418","A","187"
"125422","A","97"
"125426","A","374"
"125428","A","292"
"125429","A","276"
"125435","A","119"
"125436","A","483"
"125439","A","492"
"125441","A","383"
"125450","A","292"
"125453","A","189"
"125457","A","169"
"125459","A","35"
"125461","A","253"
"125463","A","387"
"125464","A","125"
"125465","A","159"
"125467","A","106"
"125472","A","260"
"125473","A","276"
"125477","A","153"
"125479","A","70"
"125484","A","45"
"125487","A","235"
"125489","A","249"
"125490","A","366"
"125491","A","121"
"125493","A","175"
"125494","A","399"
"125497","A","444"
"125498","A","27"
"125499","A","351"
"125505","A","323"
"125507","A","137"
"125514","A","132"
"125516","A","406"
"125518","A","403"
"125519","A","151"
"125520","A","421"
"125524","A","496"
"125526","A","168"
"125528","A","141"
"125532","A","379"
"125537","A","347"
"125544","A","461"
"125549","A","34"
"125554","A","379"
"125555","A","211"
"125556","A","140"
"125558","A","428"
"125562","A","50"
"125566","A","204"
"125572","A","176"
"125586","A","467"
"125592","A","489"
"125593","A","321"
"125594","A","19"
"125597","A","166"
"125599","A","79"
"125603","A","286"
"125605","A","143"
"125608","A","53"
"125609","A","460"
"125610","A","74"
"125615","A","438"
"125617","A","477"
"125619","A","44"
"125625","A","392"
"125633","A","95"
"125638","A","204"
"125644","A","220"
"125645","A","375"
"125647","A","291"
"125648","A","460"
"125658","A","94"
"125660","A","319"
"125664","A","362"
"125674","A","154"
"125683","A","455"
"125690","A","230"
"125691","A","488"
"125714","A","190"
"125717","A","365"
"125718","A","75"
"125720","A","222"
"125722","A","301"
"125723","A","490"
"125727","A","409"
"125731","A","65"
"125732","A","245"
"125734","A","241"
"125741","A","306"
"125744","A","96"
"125746","A","282"
"125747","A","463"
"125749","A","401"
"125750","A","292"
"125754","A","174"
"125765","A","450"
"125770","A","124"
"125780","A","479"
"125790","A","149"
"125792","A","198"
"125793","A","484"
"125796","A","187"
"125799","A","361"
"125800","A","100"
"125801","A","78"
"125804","A","356"
"125810","A","229"
"125813","A","172"
"125814","A","450"
"125816","A","354"
"125818","A","200"
"125819","A","428"
"125827","A","219"
"125832","A","490"
"125836","A","185"
"125837","A","350"
"125843","A","402"
"125844","A","163"
"125849","A","38"
"125852","A","419"
"125857","A","354"
"125863","A","86"
"125864","A","140"
"125865","A","297"
"125871","A","126"
"125878","A","299"
"125886","A","414"
"125895","A","473"
"125897","A","259"
"125898","A","11"
"125901","A","57"
"125902","A","491"
"125903","A","356"
"125904","A","258"
"125909","A","460"
"125910","A","211"
"125912","A","426"
"125915","A","392"
"125919","A","39"
"125925","A","34"
"125927","A","371"
"125932","A","190"
"125933","A","483"
"125934","A","255"
"125938","A","410"
"125939","A","103"
"125940","A","281"
"125943","A","213"
"125961","A","288"
"125965","A","267"
"125966","A","443"
"125968","A","76"
"125969","A","114"
"125977","A","328"
"125978","A","48"
"125987","A","88"
"125990","A","445"
"125991","A","387"
"125994","A","26"
"125997","A","434"
"126005","A","406"
"126025","A","42"
"126034","A","467"
"126044","A","172"
"126045","A","172"
"126046","A","402"
"126047","A","212"
"126053","A","319"
"126055","A","325"
"126064","A","248"
"126076","A","468"
"126082","A","79"
"126089","A","55"
"126090","A","439"
"126091","A","458"
"126093","A","249"
"126100","A","474"
"126101","A","90"
"126102","A","339"
"126104","A","343"
"126105","A","433"
"126106","A","260"
"126107","A","314"
"126108","A","48"
"126118","A","283"
"126119","A","47"
"126122","A","97"
"126124","A","86"
"126137","A","166"
"126141","A","105"
"126143","A","350"
"126145","A","378"
"126149","A","340"
"126155","A","108"
"126158","A","205"
"126173","A","276"
"126180","A","349"
"126183","A","223"
"126186","A","112"
"126194","A","47"
"126197","A","130"
"126202","A","464"
"126204","A","73"
"126206","A","209"
"126210","A","78"
"126212","A","87"
"126213","A","193"
"126224","A","470"
"126225","A","56"
"126231","A","400"
"126237","A","415"
"126239","A","231"
"126244","A","369"
"126248","A","452"
"126254","A","282"
"126261","A","251"
"126265","A","263"
"126270","A","473"
"126272","A","330"
"126281","A","329"
"126284","A","223"
"126285","A","245"
"126288","A","276"
"126289","A","29"
"126294","A","33"
"126305","A","262"
"126306","A","27"
"126307","A","368"
"126308","A","150"
"126311","A","462"
"126319","A","14"
"126320","A","383"
"126324","A","285"
"126325","A","79"
"126329","A","68"
"126339","A","110"
"126346","A","426"
"126358","A","479"
"126360","A","393"
"126363","A","420"
"126376","A","483"
"126377","A","266"
"126379","A","161"
"126390","A","499"
"126396","A","200"
"126397","A","359"
"126399","A","331"
"126401","A","119"
"126406","A","256"
"126414","A","187"
"126421","A","492"
"126425","A","269"
"126426","A","34"
"126429","A","137"
"126430","A","50"
"126436","A","377"
"126441","A","466"
"126445","A","256"
"126446","A","170"
"126455","A","399"
"126457","A","410"
"126461","A","361"
"126465","A","342"
"126466","A","480"
"126472","A","429"
"126480","A","181"
"126482","A","302"
"126483","A","52"
"126484","A","92"
"126490","A","243"
"126491","A","94"
"126493","A","209"
"126495","A","398"
"126499","A","147"
"126504","A","461"
"126506","A","455"
"126520","A","364"
"126522","A","466"
"126532","A","186"
"126533","A","291"
"126541","A","449"
"126547","A","280"
"126548","A","63"
"126551","A","405"
"126557","A","137"
"126560","A","363"
"126561","A","53"
"126564","A","405"
"126567","A","379"
"126568","A","77"
"126569","A","279"
"126571","A","435"
"126572","A","241"
"126583","A","413"
"126594","A","14"
"126595","A","308"
"126600","A","333"
"126603","A","281"
"126607","A","251"
"126608","A","74"
"126612","A","357"
"126613","A","283"
"126614","A","437"
"126616","A","18"
"126618","A","419"
"126619","A","101"
"126623","A","449"
"126627","A","368"
"126629","A","484"
"126632","A","94"
"126633","A","283"
"126637","A","341"
"126638","A","185"
"126642","A","224"
"126652","A","252"
"126653","A","122"
"126660","A","319"
"126669","A","112"
"126673","A","388"
"126680","A","197"
"126684","A","415"
"126686","A","411"
"126688","A","110"
"126690","A","212"
"126694","A","333"
"126696","A","460"
"126697","A","294"
"126705","A","490"
"126715","A","330"
"126716","A","222"
"126719","A","91"
"126722","A","209"
"126727","A","398"
"126730","A","59"
"126732","A","111"
"126736","A","490"
"126741","A","486"
"126743","A","344"
"126746","A","56"
"126747","A","202"
"126749","A","495"
"126754","A","143"
"126756","A","443"
"126777","A","325"
"126780","A","403"
"126784","A","469"
"126789","A","274"
"126792","A","279"
"126795","A","83"
"126796","A","467"
"126799","A","349"
"126804","A","81"
"126811","A","462"
"126813","A","315"
"126817","A","419"
"126820","A","252"
"126826","A","308"
"126830","A","63"
"126836","A","124"
"126837","A","110"
"126839","A","483"
"126840","A","452"
"126848","A","80"
"126854","A","259"
"126857","A","158"
"126858","A","416"
"126860","A","405"
"126865","A","371"
"126866","A","260"
"126876","A","421"
"126879","A","183"
"126892","A","171"
"126893","A","296"
"126898","A","354"
"126900","A","320"
"126913","A","332"
"126922","A","105"
"126924","A","200"
"126934","A","221"
"126939","A","126"
"126941","A","186"
"126944","A","448"
"126946","A","464"
"126957","A","199"
"126959","A","250"
"126962","A","229"
"126965","A","217"
"126967","A","250"
"126971","A","266"
"126972","A","404"
"126983","A","490"
"126984","A","326"
"126985","A","140"
"126987","A","278"
"126991","A","260"
"126992","A","239"
"126993","A","206"
"127010","A","302"
"127016","A","354"
"127018","A","250"
"127025","A","295"
"127026","A","221"
"127027","A","260"
"127032","A","417"
"127035","A","86"
"127040","A","431"
"127044","A","133"
"127045","A","236"
"127047","A","335"
"127048","A","122"
"127051","A","158"
"127055","A","265"
"127057","A","199"
"127060","A","278"
"127068","A","159"
"127069","A","119"
"127080","A","278"
"127083","A","344"
"127085","A","465"
"127089","A","315"
"127091","A","422"
"127092","A","198"
"127096","A","56"
"127097","A","306"
"127099","A","86"
"127100","A","328"
"127115","A","312"
"127116","A","436"
"127119","A","54"
"127124","A","194"
"127126","A","151"
"127134","A","126"
"127137","A","39"
"127138","A","485"
"127145","A","254"
"127147","A","82"
"127153","A","118"
"127158","A","339"
"127162","A","237"
"127167","A","297"
"127176","A","304"
"127180","A","168"
"127182","A","52"
"127185","A","332"
"127189","A","130"
"127197","A","244"
"127204","A","465"
"127206","A","272"
"127212","A","54"
"127216","A","340"
"127224","A","195"
"127230","A","391"
"127232","A","117"
"127240","A","286"
"127243","A","107"
"127250","A","409"
"127252","A","488"
"127253","A","366"
"127258","A","310"
"127262","A","280"
"127267","A","118"
"127269","A","436"
"127274","A","167"
"127286","A","433"
"127290","A","420"
"127309","A","355"
"127312","A","200"
"127317","A","194"
"127320","A","226"
"127329","A","276"
"127334","A","207"
"127335","A","78"
"127341","A","263"
"127343","A","215"
"127349","A","146"
"127352","A","84"
"127353","A","167"
"127356","A","140"
"127358","A","337"
"127362","A","89"
"127366","A","94"
"127370","A","90"
"127372","A","383"
"127376","A","317"
"127379","A","119"
"127380","A","443"
"127381","A","280"
"127384","A","128"
"127391","A","141"
"127392","A","457"
"127408","A","386"
"127410","A","424"
"127413","A","422"
"127415","A","61"
"127421","A","382"
"127424","A","274"
"127426","A","254"
"127427","A","463"
"127429","A","210"
"127431","A","293"
"127434","A","409"
"127436","A","22"
"127437","A","404"
"127444","A","84"
"127446","A","51"
"127459","A","326"
"127461","A","28"
"127475","A","323"
"127476","A","245"
"127482","A","338"
"127489","A","249"
"127497","A","440"
"127499","A","224"
"127503","A","376"
"127510","A","51"
"127511","A","186"
"127520","A","120"
"127521","A","185"
"127523","A","37"
"127530","A","100"
"127536","A","100"
"127538","A","246"
"127542","A","278"
"127543","A","199"
"127550","A","381"
"127551","A","376"
"127552","A","30"
"127557","A","94"
"127560","A","482"
"127561","A","374"
"127563","A","63"
"127564","A","344"
"127566","A","225"
"127567","A","314"
"127570","A","449"
"127572","A","425"
"127578","A","207"
"127584","A","150"
"127585","A","128"
"127591","A","226"
"127592","A","336"
"127593","A","415"
"127596","A","248"
"127598","A","277"
"127603","A","173"
"127607","A","236"
"127608","A","166"
"127611","A","448"
"127616","A","428"
"127617","A","19"
"127619","A","144"
"127620","A","290"
"127628","A","206"
"127629","A","467"
"127631","A","88"
"127635","A","422"
"127636","A","495"
"127643","A","105"
"127644","A","265"
"127646","A","328"
"127652","A","216"
"127660","A","186"
"127661","A","215"
"127662","A","241"
"127663","A","339"
"127664","A","208"
"127666","A","331"
"127669","A","81"
"127670","A","335"
"127677","A","299"
"127678","A","90"
"127681","A","470"
"127686","A","125"
"127689","A","495"
"127690","A","55"
"127691","A","211"
"127692","A","303"
"127694","A","108"
"127696","A","200"
"127701","A","285"
"127705","A","403"
"127710","A","276"
"127712","A","98"
"127713","A","395"
"127716","A","319"
"127720","A","242"
"127726","A","142"
"127729","A","428"
"127730","A","171"
"127731","A","395"
"127744","A","22"
"127746","A","80"
"127751","A","170"
"127754","A","237"
"127763","A","200"
"127764","A","43"
"127765","A","289"
"127772","A","463"
"127776","A","235"
"127779","A","174"
"127780","A","62"
"127781","A","125"
"127791","A","466"
"127793","A","498"
"127802","A","60"
"127806","A","100"
"127807","A","452"
"127814","A","365"
"127815","A","495"
"127817","A","378"
"127819","A","272"
"127821","A","176"
"127823","A","445"
"127825","A","149"
"127826","A","273"
"127831","A","183"
"127841","A","250"
"127843","A","275"
"127844","A","275"
"127848","A","436"
"127850","A","34"
"127853","A","353"
"127854","A","278"
"127857","A","183"
"127860","A","461"
"127868","A","439"
"127876","A","71"
"127878","A","265"
"127880","A","424"
"127884","A","180"
"127886","A","317"
"127887","A","173"
"127888","A","258"
"127889","A","434"
"127895","A","306"
"127896","A","318"
"127902","A","91"
"127905","A","484"
"127909","A","414"
"127911","A","269"
"127912","A","274"
"127913","A","444"
"127915","A","451"
"127916","A","333"
"127917","A","200"
"127921","A","319"
"127924","A","464"
"127926","A","301"
"127928","A","319"
"127929","A","194"
"127931","A","46"
"127935","A","47"
"127937","A","191"
"127939","A","269"
"127942","A","19"
"127943","A","218"
"127945","A","283"
"127946","A","199"
"127952","A","165"
"127954","A","86"
"127955","A","387"
"127968","A","325"
"127973","A","223"
"127976","A","144"
"127978","A","391"
"127987","A","49"
"127988","A","436"
"127993","A","66"
"128006","A","400"
"128007","A","174"
"128010","A","364"
"128021","A","485"
"128024","A","448"
"128029","A","85"
"128033","A","486"
"128038","A","475"
"128040","A","457"
"128046","A","405"
"128048","A","473"
"128054","A","53"
"128061","A","67"
"128063","A","297"
"128065","A","428"
"128068","A","138"
"128074","A","394"
"128077","A","101"
"128083","A","420"
"128098","A","380"
"128099","A","215"
"128100","A","333"
"128109","A","197"
"128115","A","311"
"128119","A","128"
"128120","A","443"
"128122","A","167"
"128123","A","307"
"128124","A","247"
"128133","A","21"
"128135","A","54"
"128138","A","408"
"128144","A","150"
"128145","A","383"
"128146","A","180"
"128153","A","480"
"128159","A","249"
"128163","A","37"
"128166","A","258"
"128167","A","363"
"128173","A","12"
"128176","A","262"
"128177","A","364"
"128178","A","152"
"128182","A","243"
"128183","A","118"
"128186","A","291"
"128188","A","66"
"128190","A","38"
"128193","A","44"
"128201","A","57"
"128206","A","437"
"128209","A","46"
"128213","A","346"
"128216","A","270"
"128220","A","219"
"128224","A","171"
"128225","A","90"
"128242","A","490"
"128245","A","115"
"128247","A","126"
"128248","A","222"
"128252","A","58"
"128255","A","475"
"128264","A","275"
"128269","A","284"
"128271","A","434"
"128283","A","169"
"128284","A","358"
"128288","A","139"
"128293","A","326"
"128296","A","295"
"128298","A","460"
"128299","A","102"
"128300","A","113"
"128307","A","335"
"128309","A","230"
"128314","A","41"
"128319","A","340"
"128325","A","33"
"128330","A","202"
"128332","A","449"
"128333","A","87"
"128342","A","100"
"128343","A","333"
"128346","A","110"
"128352","A","58"
"128353","A","202"
"128354","A","348"
"128355","A","176"
"128358","A","213"
"128361","A","417"
"128362","A","474"
"128363","A","261"
"128365","A","141"
"128374","A","166"
"128381","A","94"
"128394","A","130"
"128397","A","29"
"128405","A","228"
"128413","A","443"
"128415","A","209"
"128417","A","312"
"128423","A","102"
"128429","A","444"
"128433","A","292"
"128438","A","473"
"128442","A","241"
"128446","A","349"
"128456","A","73"
"128458","A","327"
"128466","A","433"
"128467","A","355"
"128469","A","229"
"128471","A","232"
"128482","A","386"
"128484","A","109"
"128488","A","277"
"128489","A","304"
"128492","A","31"
"128496","A","483"
"128498","A","433"
"128502","A","442"
"128504","A","18"
"128507","A","306"
"128508","A","338"
"128514","A","381"
"128517","A","288"
"128519","A","21"
"128522","A","244"
"128523","A","298"
"128525","A","487"
"128527","A","253"
"128534","A","486"
"128545","A","201"
"128547","A","215"
"128551","A","484"
"128552","A","209"
"128565","A","455"
"128569","A","494"
"128574","A","13"
"128579","A","195"
"128585","A","464"
"128587","A","499"
"128594","A","179"
"128598","A","127"
"128601","A","435"
"128602","A","131"
"128603","A","412"
"128606","A","198"
"128611","A","134"
"128619","A","90"
"128626","A","218"
"128628","A","83"
"128634","A","490"
"128637","A","234"
"128645","A","330"
"128647","A","377"
"128648","A","30"
"128654","A","492"
"128661","A","121"
"128666","A","187"
"128668","A","456"
"128669","A","331"
"128674","A","410"
"128677","A","90"
"128678","A","64"
"128681","A","246"
"128682","A","355"
"128685","A","103"
"128687","A","280"
"128688","A","44"
"128689","A","39"
"128692","A","467"
"128694","A","52"
"128696","A","16"
"128697","A","259"
"128699","A","152"
"128700","A","43"
"128701","A","266"
"128705","A","141"
"128717","A","87"
"128718","A","125"
"128719","A","103"
"128721","A","74"
"128726","A","211"
"128728","A","88"
"128732","A","326"
"128740","A","99"
"128742","A","153"
"128750","A","325"
"128753","A","332"
"128756","A","428"
"128758","A","108"
"128759","A","243"
"128761","A","128"
"128765","A","64"
"128770","A","271"
"128771","A","69"
"128775","A","69"
"128776","A","452"
"128778","A","286"
"128781","A","90"
"128783","A","72"
"128785","A","190"
"128791","A","397"
"128802","A","376"
"128807","A","406"
"128824","A","480"
"128841","A","109"
"128849","A","487"
"128855","A","230"
"128857","A","480"
"128859","A","277"
"128887","A","100"
"128888","A","199"
"128893","A","432"
"128899","A","455"
"128900","A","437"
"128904","A","394"
"128907","A","443"
"128908","A","286"
"128919","A","257"
"128920","A","175"
"128922","A","86"
"128923","A","210"
"128932","A","356"
"128933","A","113"
"128936","A","497"
"128939","A","42"
"128948","A","467"
"128954","A","494"
"128958","A","282"
"128961","A","250"
"128965","A","279"
"128975","A","48"
"128978","A","276"
"128982","A","399"
"128989","A","146"
"128994","A","347"
"128996","A","220"
"128997","A","372"
"128999","A","450"
"129002","A","284"
"129008","A","364"
"129022","A","405"
"129024","A","496"
"129025","A","47"
"129026","A","108"
"129031","A","394"
"129038","A","163"
"129040","A","179"
"129041","A","393"
"129047","A","367"
"129055","A","295"
"129058","A","230"
"129059","A","229"
"129063","A","380"
"129065","A","57"
"129067","A","445"
"129068","A","112"
"129078","A","285"
"129083","A","412"
"129092","A","166"
"129098","A","332"
"129100","A","382"
"129101","A","199"
"129103","A","34"
"129105","A","89"
"129114","A","114"
"129118","A","40"
"129119","A","175"
"129123","A","99"
"129131","A","37"
"129132","A","118"
"129137","A","346"
"129147","A","280"
"129149","A","64"
"129152","A","294"
"129154","A","303"
"129157","A","53"
"129159","A","252"
"129167","A","431"
"129170","A","235"
"129184","A","11"
"129185","A","173"
"129188","A","457"
"129191","A","28"
"129194","A","451"
"129198","A","220"
"129201","A","258"
"129203","A","344"
"129208","A","383"
"129214","A","74"
"129215","A","377"
"129217","A","64"
"129221","A","59"
"129222","A","302"
"129224","A","275"
"129225","A","309"
"129226","A","479"
"129233","A","494"
"129249","A","218"
"129252","A","199"
"129253","A","237"
"129256","A","449"
"129258","A","63"
"129259","A","47"
"129261","A","464"
"129268","A","163"
"129273","A","479"
"129283","A","278"
"129286","A","244"
"129289","A","141"
"129290","A","35"
"129291","A","380"
"129297","A","97"
"129304","A","362"
"129306","A","360"
"129313","A","298"
"129315","A","399"
"129323","A","218"
"129324","A","90"
"129325","A","237"
"129333","A","181"
"129334","A","464"
"129339","A","321"
"129344","A","14"
"129349","A","394"
"129356","A","123"
"129360","A","137"
"129370","A","469"
"129371","A","101"
"129372","A","335"
"129373","A","302"
"129374","A","324"
"129378","A","485"
"129383","A","42"
"129386","A","438"
"129388","A","444"
"129390","A","428"
"129391","A","108"
"129392","A","192"
"129393","A","223"
"129397","A","459"
"129406","A","65"
"129409","A","57"
"129415","A","142"
"129419","A","141"
"129422","A","152"
"129425","A","65"
"129428","A","493"
"129429","A","276"
"129431","A","480"
"129432","A","367"
"129438","A","276"
"129447","A","300"
"129448","A","188"
"129459","A","179"
"129460","A","371"
"129464","A","230"
"129466","A","290"
"129468","A","443"
"129470","A","349"
"129471","A","321"
"129472","A","71"
"129487","A","488"
"129495","A","368"
"129497","A","55"
"129499","A","293"
"129505","A","285"
"129506","A","298"
"129507","A","288"
"129510","A","325"
"129515","A","194"
"129521","A","227"
"129524","A","155"
"129525","A","111"
"129527","A","376"
"129528","A","211"
"129529","A","115"
"129530","A","278"
"129547","A","486"
"129549","A","440"
"129551","A","421"
"129555","A","316"
"129558","A","195"
"129559","A","180"
"129564","A","446"
"129576","A","176"
"129577","A","314"
"129581","A","163"
"129582","A","32"
"129584","A","178"
"129585","A","313"
"129587","A","249"
"129588","A","389"
"129590","A","320"
"129593","A","416"
"129594","A","276"
"129599","A","392"
"129600","A","274"
"129604","A","464"
"129607","A","415"
"129616","A","295"
"129619","A","54"
"129623","A","274"
"129633","A","83"
"129643","A","28"
"129647","A","393"
"129654","A","348"
"129655","A","89"
"129656","A","37"
"129660","A","338"
"129668","A","356"
"129675","A","37"
"129679","A","424"
"129682","A","68"
"129683","A","465"
"129684","A","247"
"129687","A","353"
"129691","A","447"
"129693","A","419"
"129695","A","379"
"129696","A","48"
"129699","A","190"
"129705","A","232"
"129707","A","184"
"129708","A","93"
"129712","A","361"
"129716","A","428"
"129717","A","65"
"129726","A","425"
"129730","A","426"
"129732","A","382"
"129735","A","415"
"129739","A","157"
"129741","A","257"
"129745","A","282"
"129747","A","228"
"129750","A","373"
"129754","A","86"
"129758","A","450"
"129761","A","484"
"129762","A","193"
"129765","A","391"
"129769","A","37"
"129770","A","21"
"129773","A","396"
"129775","A","208"
"129782","A","134"
"129786","A","136"
"129788","A","490"
"129794","A","107"
"129797","A","24"
"129800","A","243"
"129807","A","459"
"129808","A","113"
"129827","A","302"
"129832","A","476"
"129833","A","153"
"129835","A","342"
"129837","A","403"
"129840","A","25"
"129843","A","492"
"129844","A","488"
"129853","A","278"
"129856","A","210"
"129861","A","83"
"129862","A","135"
"129867","A","187"
"129872","A","254"
"129877","A","15"
"129878","A","201"
"129879","A","219"
"129883","A","456"
"129885","A","484"
"129886","A","456"
"129889","A","260"
"129902","A","114"
"129908","A","89"
"129910","A","331"
"129912","A","360"
"129914","A","11"
"129917","A","110"
"129928","A","262"
"129930","A","490"
"129932","A","406"
"129936","A","86"
"129940","A","27"
"129941","A","286"
"129942","A","279"
"129943","A","365"
"129948","A","329"
"129950","A","250"
"129954","A","91"
"129958","A","251"
"129969","A","428"
"129972","A","393"
"129974","A","196"
"129979","A","153"
"129982","A","286"
"129989","A","307"
"129990","A","52"
"129994","A","325"
"129996","A","64"
"130007","A","323"
"130009","A","374"
"130010","A","292"
"130012","A","255"
"130018","A","422"
"130022","A","471"
"130028","A","401"
"130032","A","376"
"130034","A","10"
"130035","A","458"
"130036","A","52"
"130040","A","449"
"130049","A","188"
"130050","A","58"
"130051","A","17"
"130057","A","360"
"130061","A","151"
"130064","A","392"
"130070","A","415"
"130076","A","74"
"130077","A","232"
"130080","A","36"
"130081","A","87"
"130082","A","442"
"130085","A","28"
"130090","A","187"
"130111","A","183"
"130117","A","330"
"130119","A","419"
"130121","A","453"
"130123","A","365"
"130124","A","151"
"130127","A","430"
"130133","A","342"
"130138","A","438"
"130140","A","430"
"130145","A","223"
"130146","A","291"
"130148","A","187"
"130150","A","19"
"130151","A","386"
"130153","A","43"
"130154","A","335"
"130164","A","488"
"130177","A","436"
"130179","A","12"
"130181","A","37"
"130183","A","305"
"130185","A","205"
"130191","A","390"
"130195","A","232"
"130204","A","103"
"130208","A","397"
"130211","A","285"
"130213","A","10"
"130223","A","94"
"130224","A","320"
"130226","A","78"
"130231","A","408"
"130234","A","141"
"130244","A","319"
"130246","A","376"
"130247","A","63"
"130249","A","343"
"130253","A","25"
"130261","A","250"
"130270","A","40"
"130271","A","378"
"130278","A","320"
"130283","A","84"
"130289","A","276"
"130296","A","15"
"130297","A","44"
"130298","A","157"
"130302","A","148"
"130309","A","439"
"130319","A","429"
"130321","A","399"
"130323","A","271"
"130326","A","359"
"130329","A","249"
"130333","A","207"
"130334","A","203"
"130335","A","300"
"130336","A","406"
"130339","A","312"
"130343","A","485"
"130345","A","167"
"130352","A","43"
"130355","A","169"
"130357","A","319"
"130363","A","478"
"130366","A","191"
"130367","A","426"
"130380","A","258"
"130382","A","420"
"130384","A","397"
"130385","A","24"
"130386","A","338"
"130387","A","259"
"130388","A","430"
"130391","A","189"
"130393","A","403"
"130402","A","195"
"130406","A","44"
"130408","A","292"
"130410","A","67"
"130413","A","476"
"130418","A","469"
"130420","A","191"
"130423","A","421"
"130425","A","331"
"130426","A","451"
"130427","A","486"
"130434","A","221"
"130440","A","459"
"130441","A","438"
"130442","A","196"
"130443","A","276"
"130448","A","240"
"130462","A","93"
"130464","A","343"
"130474","A","316"
"130477","A","499"
"130480","A","26"
"130481","A","489"
"130484","A","407"
"130485","A","346"
"130489","A","100"
"130497","A","492"
"130502","A","463"
"130509","A","489"
"130510","A","31"
"130511","A","157"
"130516","A","98"
"130529","A","444"
"130533","A","56"
"130534","A","286"
"130540","A","288"
"130542","A","88"
"130548","A","418"
"130550","A","489"
"130553","A","15"
"130555","A","467"
"130556","A","73"
"130567","A","478"
"130577","A","236"
"130581","A","114"
"130583","A","216"
"130587","A","286"
"130589","A","84"
"130590","A","495"
"130596","A","297"
"130597","A","28"
"130605","A","32"
"130608","A","199"
"130609","A","202"
"130610","A","352"
"130627","A","38"
"130633","A","246"
"130637","A","325"
"130640","A","45"
"130641","A","90"
"130649","A","398"
"130652","A","390"
"130656","A","124"
"130659","A","45"
"130665","A","220"
"130668","A","248"
"130671","A","71"
"130672","A","452"
"130675","A","70"
"130677","A","484"
"130680","A","399"
"130683","A","489"
"130684","A","89"
"130691","A","447"
"130695","A","359"
"130702","A","13"
"130704","A","149"
"130710","A","407"
"130713","A","59"
"130717","A","105"
"130718","A","423"
"130721","A","181"
"130723","A","171"
"130724","A","96"
"130727","A","26"
"130729","A","269"
"130730","A","256"
"130736","A","28"
"130739","A","138"
"130748","A","84"
"130755","A","214"
"130757","A","132"
"130759","A","447"
"130761","A","140"
"130763","A","292"
"130764","A","401"
"130768","A","322"
"130775","A","199"
"130777","A","281"
"130798","A","37"
"130799","A","457"
"130800","A","196"
"130812","A","180"
"130817","A","178"
"130820","A","32"
"130824","A","254"
"130825","A","279"
"130826","A","269"
"130831","A","44"
"130834","A","308"
"130836","A","430"
"130838","A","288"
"130842","A","391"
"130843","A","228"
"130846","A","262"
"130847","A","189"
"130850","A","416"
"130851","A","135"
"130855","A","42"
"130857","A","177"
"130858","A","356"
"130863","A","439"
"130865","A","277"
"130866","A","375"
"130871","A","348"
"130878","A","454"
"130880","A","361"
"130881","A","210"
"130887","A","169"
"130889","A","89"
"130893","A","484"
"130894","A","17"
"130897","A","141"
"130899","A","256"
"130902","A","327"
"130906","A","205"
"130915","A","153"
"130916","A","288"
"130917","A","369"
"130918","A","248"
"130923","A","436"
"130927","A","99"
"130938","A","408"
"130943","A","299"
"130954","A","50"
"130956","A","31"
"130957","A","463"
"130958","A","33"
"130962","A","499"
"130964","A","78"
"130966","A","426"
"130967","A","237"
"130974","A","409"
"130980","A","331"
"130989","A","356"
"130993","A","104"
"130997","A","131"
"131000","A","18"
"131002","A","353"
"131005","A","255"
"131009","A","104"
"131010","A","313"
"131011","A","302"
"131014","A","410"
"131015","A","42"
"131018","A","74"
"131019","A","78"
"131023","A","357"
"131031","A","109"
"131033","A","425"
"131038","A","465"
"131044","A","84"
"131048","A","360"
"131050","A","480"
"131054","A","134"
"131055","A","222"
"131057","A","316"
"131059","A","179"
"131062","A","173"
"131065","A","61"
"131077","A","375"
"131080","A","175"
"131083","A","308"
"131089","A","269"
"131091","A","197"
"131092","A","72"
"131099","A","147"
"131100","A","422"
"131110","A","191"
"131113","A","167"
"131115","A","180"
"131121","A","119"
"131130","A","486"
"131149","A","252"
"131150","A","27"
"131153","A","332"
"131157","A","155"
"131161","A","412"
"131165","A","483"
"131166","A","468"
"131168","A","112"
"131171","A","246"
"131180","A","68"
"131181","A","211"
"131184","A","495"
"131187","A","333"
"131188","A","265"
"131189","A","217"
"131202","A","122"
"131207","A","326"
"131209","A","33"
"131211","A","383"
"131212","A","405"
"131213","A","285"
"131214","A","116"
"131215","A","182"
"131216","A","387"
"131226","A","30"
"131228","A","423"
"131229","A","244"
"131230","A","335"
"131234","A","121"
"131237","A","11"
"131240","A","221"
"131244","A","460"
"131250","A","50"
"131253","A","113"
"131254","A","410"
"131262","A","124"
"131271","A","43"
"131277","A","221"
"131283","A","478"
"131285","A","202"
"131286","A","304"
"131295","A","38"
"131297","A","435"
"131299","A","169"
"131304","A","314"
"131307","A","297"
"131313","A","316"
"131318","A","429"
"131323","A","118"
"131325","A","456"
"131327","A","111"
"131335","A","350"
"131341","A","195"
"131349","A","498"
"131352","A","174"
"131358","A","366"
"131360","A","17"
"131364","A","256"
"131375","A","82"
"131379","A","408"
"131389","A","199"
"131398","A","446"
"131416","A","42"
"131417","A","258"
"131423","A","493"
"131427","A","480"
"131431","A","347"
"131435","A","359"
"131436","A","309"
"131440","A","241"
"131447","A","330"
"131453","A","323"
"131456","A","139"
"131462","A","262"
"131464","A","163"
"131467","A","176"
"131469","A","167"
"131474","A","286"
"131477","A","168"
"131480","A","478"
"131484","A","264"
"131490","A","479"
"131492","A","168"
"131494","A","463"
"131496","A","288"
"131498","A","311"
"131508","A","368"
"131514","A","350"
"131519","A","333"
"131520","A","313"
"131523","A","303"
"131532","A","106"
"131533","A","432"
"131535","A","372"
"131536","A","107"
"131543","A","397"
"131548","A","496"
"131551","A","66"
"131552","A","171"
"131554","A","117"
"131556","A","253"
"131568","A","429"
"131580","A","445"
"131584","A","78"
"131588","A","458"
"131592","A","130"
"131593","A","353"
"131601","A","462"
"131602","A","205"
"131607","A","84"
"131609","A","455"
"131610","A","393"
"131613","A","116"
"131618","A","136"
"131622","A","55"
"131626","A","221"
"131629","A","425"
"131630","A","54"
"131632","A","183"
"131634","A","486"
"131635","A","326"
"131637","A","29"
"131641","A","213"
"131645","A","497"
"131652","A","220"
"131653","A","339"
"131656","A","203"
"131662","A","423"
"131663","A","489"
"131665","A","299"
"131668","A","295"
"131669","A","63"
"131670","A","497"
"131671","A","187"
"131677","A","140"
"131683","A","450"
"131684","A","79"
"131686","A","242"
"131690","A","349"
"131694","A","145"
"131697","A","265"
"131699","A","462"
"131705","A","340"
"131707","A","154"
"131708","A","466"
"131711","A","338"
"131712","A","263"
"131717","A","423"
"131720","A","121"
"131724","A","216"
"131729","A","475"
"131730","A","458"
"131735","A","149"
"131748","A","331"
"131753","A","18"
"131754","A","420"
"131756","A","208"
"131757","A","451"
"131758","A","403"
"131765","A","365"
"131770","A","61"
"131772","A","319"
"131777","A","66"
"131778","A","73"
"131779","A","257"
"131785","A","22"
"131795","A","33"
"131796","A","85"
"131799","A","42"
"131809","A","215"
"131812","A","464"
"131813","A","156"
"131814","A","357"
"131816","A","148"
"131822","A","387"
"131828","A","438"
"131829","A","309"
"131831","A","27"
"131841","A","311"
"131846","A","245"
"131850","A","131"
"131853","A","286"
"131860","A","332"
"131866","A","318"
"131872","A","242"
"131874","A","321"
"131875","A","142"
"131886","A","15"
"131887","A","292"
"131892","A","224"
"131894","A","258"
"131895","A","90"
"131900","A","142"
"131901","A","338"
"131903","A","286"
"131904","A","326"
"131907","A","79"
"131909","A","38"
"131910","A","476"
"131914","A","444"
"131920","A","43"
"131923","A","375"
"131926","A","454"
"131927","A","341"
"131931","A","294"
"131932","A","188"
"131933","A","183"
"131943","A","162"
"131946","A","183"
"131949","A","92"
"131950","A","160"
"131951","A","425"
"131955","A","355"
"131957","A","481"
"131961","A","93"
"131964","A","222"
"131966","A","49"
"131968","A","56"
"131972","A","492"
"131981","A","178"
"131982","A","168"
"132005","A","116"
"132007","A","15"
"132011","A","22"
"132012","A","151"
"132015","A","356"
"132017","A","176"
"132020","A","213"
"132024","A","277"
"132025","A","113"
"132037","A","44"
"132038","A","261"
"132039","A","439"
"132040","A","402"
"132049","A","475"
"132064","A","360"
"132071","A","341"
"132086","A","372"
"132087","A","243"
"132089","A","19"
"132091","A","204"
"132099","A","175"
"132100","A","241"
"132105","A","254"
"132110","A","460"
"132115","A","228"
"132119","A","425"
"132121","A","44"
"132125","A","486"
"132128","A","201"
"132130","A","233"
"132132","A","104"
"132134","A","323"
"132139","A","217"
"132143","A","408"
"132147","A","420"
"132148","A","357"
"132149","A","289"
"132152","A","160"
"132154","A","397"
"132156","A","196"
"132157","A","42"
"132161","A","389"
"132162","A","164"
"132164","A","252"
"132175","A","396"
"132183","A","442"
"132193","A","159"
"132195","A","24"
"132198","A","134"
"132206","A","48"
"132207","A","473"
"132213","A","355"
"132214","A","385"
"132231","A","102"
"132233","A","315"
"132235","A","410"
"132238","A","79"
"132241","A","470"
"132244","A","83"
"132245","A","181"
"132261","A","333"
"132263","A","49"
"132268","A","289"
"132278","A","179"
"132283","A","360"
"132289","A","138"
"132290","A","33"
"132306","A","11"
"132307","A","32"
"132308","A","282"
"132311","A","243"
"132317","A","118"
"132318","A","334"
"132320","A","50"
"132323","A","417"
"132325","A","74"
"132331","A","106"
"132338","A","69"
"132342","A","145"
"132348","A","29"
"132364","A","312"
"132366","A","319"
"132367","A","389"
"132370","A","446"
"132371","A","99"
"132378","A","59"
"132379","A","161"
"132380","A","403"
"132385","A","225"
"132393","A","460"
"132396","A","198"
"132398","A","106"
"132401","A","399"
"132403","A","380"
"132405","A","314"
"132408","A","302"
"132412","A","234"
"132414","A","238"
"132419","A","280"
"132420","A","185"
"132437","A","274"
"132440","A","40"
"132445","A","442"
"132453","A","218"
"132455","A","214"
"132458","A","473"
"132463","A","482"
"132469","A","459"
"132474","A","272"
"132475","A","316"
"132477","A","280"
"132483","A","252"
"132484","A","340"
"132486","A","255"
"132500","A","193"
"132501","A","255"
"132515","A","480"
"132517","A","222"
"132521","A","151"
"132524","A","133"
"132525","A","140"
"132528","A","280"
"132531","A","210"
"132532","A","87"
"132547","A","360"
"132556","A","287"
"132558","A","13"
"132559","A","235"
"132563","A","436"
"132564","A","258"
"132574","A","441"
"132577","A","16"
"132578","A","453"
"132589","A","342"
"132591","A","88"
"132592","A","250"
"132596","A","234"
"132598","A","75"
"132601","A","159"
"132603","A","372"
"132610","A","62"
"132615","A","131"
"132618","A","453"
"132621","A","141"
"132631","A","483"
"132634","A","37"
"132635","A","229"
"132646","A","331"
"132649","A","398"
"132651","A","402"
"132655","A","124"
"132656","A","468"
"132658","A","153"
"132663","A","385"
"132672","A","474"
"132675","A","440"
"132682","A","323"
"132685","A","144"
"132686","A","217"
"132687","A","292"
"132691","A","86"
"132695","A","72"
"132701","A","226"
"132702","A","483"
"132707","A","245"
"132711","A","199"
"132712","A","140"
"132713","A","445"
"132715","A","120"
"132717","A","19"
"132718","A","73"
"132721","A","442"
"132722","A","61"
"132730","A","237"
"132732","A","396"
"132733","A","173"
"132734","A","25"
"132736","A","122"
"132738","A","220"
"132739","A","410"
"132743","A","225"
"132745","A","36"
"132756","A","115"
"132757","A","35"
"132762","A","345"
"132766","A","444"
"132767","A","202"
"132771","A","300"
"132773","A","168"
"132774","A","297"
"132781","A","286"
"132784","A","29"
"132790","A","284"
"132792","A","69"
"132797","A","255"
"132798","A","310"
"132800","A","411"
"132801","A","249"
"132803","A","196"
"132805","A","87"
"132809","A","487"
"132816","A","44"
"132823","A","365"
"132826","A","159"
"132829","A","175"
"132839","A","298"
"132841","A","126"
"132846","A","67"
"132853","A","356"
"132869","A","160"
"132870","A","221"
"132875","A","294"
"132876","A","312"
"132882","A","68"
"132889","A","226"
"132898","A","49"
"132901","A","52"
"132907","A","434"
"132910","A","251"
"132911","A","93"
"132914","A","109"
"132916","A","357"
"132918","A","38"
"132925","A","230"
"132930","A","42"
"132940","A","492"
"132941","A","159"
"132948","A","272"
"132949","A","466"
"132950","A","353"
"132954","A","354"
"132959","A","132"
"132962","A","154"
"132963","A","119"
"132964","A","342"
"132965","A","363"
"132972","A","286"
"132974","A","235"
"132977","A","51"
"132980","A","287"
"132984","A","177"
"132988","A","420"
"132995","A","193"
"133000","A","101"
"133008","A","89"
"133011","A","385"
"133012","A","291"
"133014","A","299"
"133017","A","377"
"133018","A","331"
"133029","A","383"
"133030","A","329"
"133034","A","57"
"133036","A","226"
"133039","A","228"
"133044","A","285"
"133045","A","16"
"133046","A","190"
"133051","A","142"
"133055","A","414"
"133057","A","374"
"133066","A","307"
"133067","A","449"
"133073","A","441"
"133083","A","79"
"133084","A","242"
"133094","A","313"
"133107","A","373"
"133110","A","481"
"133111","A","445"
"133113","A","299"
"133115","A","299"
"133118","A","249"
"133119","A","325"
"133125","A","267"
"133127","A","497"
"133128","A","175"
"133130","A","330"
"133142","A","405"
"133145","A","224"
"133146","A","381"
"133147","A","131"
"133151","A","412"
"133156","A","123"
"133162","A","124"
"133166","A","253"
"133167","A","27"
"133170","A","228"
"133171","A","34"
"133172","A","21"
"133181","A","128"
"133182","A","21"
"133183","A","340"
"133188","A","40"
"133191","A","438"
"133193","A","380"
"133196","A","433"
"133201","A","156"
"133202","A","150"
"133204","A","247"
"133211","A","377"
"133212","A","220"
"133216","A","412"
"133217","A","480"
"133231","A","456"
"133235","A","393"
"133237","A","140"
"133238","A","444"
"133251","A","37"
"133254","A","284"
"133256","A","332"
"133259","A","186"
"133269","A","12"
"133282","A","481"
"133285","A","35"
"133286","A","449"
"133287","A","414"
"133289","A","442"
"133291","A","354"
"133292","A","252"
"133299","A","431"
"133301","A","165"
"133303","A","296"
"133308","A","75"
"133309","A","327"
"133313","A","476"
"133319","A","161"
"133325","A","331"
"133328","A","191"
"133333","A","424"
"133334","A","379"
"133336","A","404"
"133338","A","363"
"133340","A","19"
"133342","A","431"
"133345","A","125"
"133373","A","271"
"133375","A","382"
"133382","A","44"
"133384","A","464"
"133385","A","427"
"133387","A","354"
"133388","A","202"
"133389","A","259"
"133390","A","255"
"133392","A","432"
"133394","A","132"
"133399","A","10"
"133400","A","176"
"133402","A","298"
"133408","A","87"
"133419","A","452"
"133432","A","200"
"133435","A","210"
"133436","A","399"
"133438","A","360"
"133446","A","20"
"133448","A","310"
"133452","A","446"
"133453","A","365"
"133455","A","398"
"133459","A","443"
"133462","A","183"
"133464","A","279"
"133468","A","473"
"133469","A","11"
"133472","A","160"
"133473","A","104"
"133483","A","484"
"133487","A","305"
"133493","A","329"
"133498","A","49"
"133501","A","262"
"133504","A","406"
"133505","A","326"
"133507","A","286"
"133508","A","451"
"133510","A","438"
"133519","A","108"
"133533","A","247"
"133547","A","62"
"133548","A","41"
"133554","A","379"
"133560","A","150"
"133569","A","146"
"133570","A","135"
"133580","A","445"
"133582","A","106"
"133588","A","218"
"133590","A","423"
"133591","A","357"
"133595","A","286"
"133597","A","70"
"133600","A","378"
"133602","A","441"
"133604","A","144"
"133606","A","377"
"133609","A","194"
"133610","A","20"
"133616","A","45"
"133617","A","312"
"133618","A","115"
"133628","A","415"
"133634","A","326"
"133635","A","200"
"133638","A","308"
"133650","A","457"
"133651","A","214"
"133653","A","396"
"133655","A","227"
"133660","A","33"
"133662","A","131"
"133670","A","204"
"133671","A","52"
"133678","A","495"
"133684","A","202"
"133691","A","162"
"133692","A","422"
"133704","A","315"
"133707","A","253"
"133710","A","488"
"133713","A","126"
"133721","A","269"
"133722","A","361"
"133738","A","140"
"133744","A","478"
"133746","A","382"
"133751","A","375"
"133752","A","253"
"133754","A","203"
"133755","A","124"
"133756","A","197"
"133757","A","279"
"133761","A","319"
"133772","A","140"
"133773","A","456"
"133777","A","445"
"133790","A","46"
"133791","A","45"
"133794","A","461"
"133797","A","323"
"133799","A","57"
"133802","A","469"
"133803","A","152"
"133804","A","395"
"133808","A","185"
"133813","A","245"
"133817","A","60"
"133819","A","361"
"133821","A","373"
"133827","A","169"
"133831","A","123"
"133832","A","139"
"133834","A","497"
"133838","A","145"
"133840","A","387"
"133843","A","175"
"133844","A","168"
"133850","A","390"
"133853","A","395"
"133856","A","119"
"133859","A","378"
"133861","A","28"
"133865","A","159"
"133868","A","401"
"133869","A","156"
"133871","A","415"
"133872","A","305"
"133874","A","492"
"133878","A","230"
"133881","A","199"
"133883","A","125"
"133885","A","173"
"133887","A","175"
"133888","A","402"
"133891","A","475"
"133894","A","241"
"133895","A","161"
"133902","A","52"
"133903","A","115"
"133910","A","374"
"133919","A","379"
"133923","A","241"
"133926","A","238"
"133929","A","193"
"133933","A","491"
"133934","A","480"
"133935","A","43"
"133937","A","144"
"133944","A","162"
"133948","A","477"
"133953","A","352"
"133975","A","341"
"133980","A","101"
"133981","A","292"
"133987","A","69"
"133992","A","317"
"133996","A","228"
"133998","A","328"
"134008","A","466"
"134009","A","451"
"134020","A","448"
"134022","A","47"
"134027","A","276"
"134029","A","465"
"134038","A","296"
"134045","A","444"
"134046","A","243"
"134049","A","122"
"134055","A","59"
"134059","A","296"
"134069","A","482"
"134070","A","214"
"134078","A","227"
"134082","A","451"
"134083","A","273"
"134089","A","492"
"134104","A","183"
"134105","A","138"
"134111","A","245"
"134113","A","87"
"134116","A","26"
"134118","A","142"
"134122","A","443"
"134123","A","371"
"134128","A","137"
"134133","A","136"
"134134","A","334"
"134135","A","413"
"134137","A","271"
"134140","A","63"
"134148","A","194"
"134149","A","48"
"134150","A","38"
"134151","A","149"
"134153","A","384"
"134155","A","187"
"134157","A","426"
"134161","A","372"
"134165","A","263"
"134172","A","110"
"134173","A","64"
"134184","A","476"
"134195","A","239"
"134196","A","334"
"134202","A","374"
"134203","A","486"
"134206","A","371"
"134216","A","201"
"134221","A","29"
"134224","A","114"
"134227","A","219"
"134229","A","384"
"134230","A","415"
"134232","A","474"
"134233","A","392"
"134241","A","203"
"134242","A","308"
"134243","A","244"
"134248","A","196"
"134252","A","200"
"134257","A","436"
"134260","A","197"
"134261","A","378"
"134262","A","344"
"134263","A","142"
"134264","A","361"
"134267","A","457"
"134269","A","258"
"134271","A","293"
"134275","A","125"
"134279","A","470"
"134286","A","457"
"134292","A","472"
"134293","A","157"
"134295","A","114"
"134300","A","299"
"134304","A","431"
"134305","A","122"
"134306","A","471"
"134308","A","172"
"134311","A","471"
"134314","A","458"
"134328","A","337"
"134330","A","103"
"134333","A","338"
"134341","A","329"
"134344","A","268"
"134345","A","43"
"134350","A","217"
"134354","A","176"
"134363","A","14"
"134365","A","481"
"134373","A","62"
"134378","A","67"
"134384","A","348"
"134388","A","238"
"134391","A","299"
"134395","A","457"
"134400","A","276"
"134401","A","239"
"134410","A","374"
"134411","A","92"
"134415","A","430"
"134418","A","448"
"134422","A","91"
"134430","A","493"
"134432","A","491"
"134435","A","307"
"134444","A","400"
"134449","A","29"
"134450","A","411"
"134452","A","369"
"134454","A","90"
"134455","A","121"
"134456","A","402"
"134458","A","199"
"134460","A","14"
"134462","A","456"
"134464","A","48"
"134469","A","73"
"134473","A","184"
"134477","A","429"
"134480","A","206"
"134483","A","377"
"134484","A","446"
"134488","A","23"
"134489","A","435"
"134490","A","63"
"134494","A","475"
"134495","A","223"
"134500","A","35"
"134501","A","245"
"134503","A","355"
"134517","A","22"
"134521","A","12"
"134522","A","435"
"134524","A","169"
"134525","A","201"
"134527","A","424"
"134532","A","365"
"134533","A","288"
"134545","A","338"
"134548","A","371"
"134551","A","71"
"134554","A","108"
"134555","A","30"
"134556","A","246"
"134557","A","55"
"134560","A","108"
"134566","A","174"
"134568","A","264"
"134570","A","44"
"134573","A","154"
"134574","A","113"
"134576","A","216"
"134588","A","195"
"134590","A","459"
"134599","A","103"
"134601","A","325"
"134602","A","308"
"134605","A","328"
"134609","A","427"
"134610","A","191"
"134611","A","210"
"134622","A","353"
"134626","A","26"
"134627","A","387"
"134628","A","23"
"134638","A","370"
"134639","A","385"
"134644","A","342"
"134645","A","133"
"134647","A","197"
"134649","A","414"
"134650","A","441"
"134654","A","16"
"134665","A","265"
"134668","A","308"
"134678","A","138"
"134682","A","92"
"134692","A","117"
"134695","A","157"
"134696","A","34"
"134700","A","293"
"134701","A","336"
"134707","A","28"
"134712","A","146"
"134715","A","485"
"134719","A","81"
"134728","A","469"
"134729","A","467"
"134730","A","10"
"134735","A","191"
"134738","A","242"
"134742","A","263"
"134754","A","179"
"134756","A","115"
"134758","A","378"
"134759","A","290"
"134765","A","375"
"134767","A","272"
"134771","A","86"
"134777","A","457"
"134780","A","390"
"134783","A","216"
"134788","A","338"
"134789","A","55"
"134790","A","282"
"134791","A","364"
"134795","A","343"
"134803","A","28"
"134805","A","166"
"134808","A","278"
"134817","A","56"
"134820","A","475"
"134825","A","214"
"134827","A","373"
"134829","A","396"
"134830","A","51"
"134832","A","288"
"134834","A","325"
"134836","A","311"
"134841","A","448"
"134850","A","382"
"134854","A","483"
"134870","A","315"
"134872","A","491"
"134875","A","92"
"134878","A","141"
"134883","A","30"
"134891","A","285"
"134893","A","324"
"134897","A","343"
"134898","A","322"
"134903","A","459"
"134905","A","115"
"134907","A","35"
"134911","A","292"
"134914","A","215"
"134917","A","321"
"134918","A","455"
"134919","A","67"
"134920","A","449"
"134931","A","122"
"134936","A","464"
"134939","A","11"
"134940","A","136"
"134945","A","359"
"134947","A","450"
"134952","A","377"
"134959","A","233"
"134964","A","64"
"134968","A","384"
"134969","A","339"
"134973","A","400"
"134989","A","23"
"134990","A","446"
"134992","A","371"
"134998","A","355"
"134999","A","185"
"135003","A","183"
"135004","A","42"
"135006","A","78"
"135008","A","231"
"135010","A","453"
"135012","A","414"
"135017","A","208"
"135022","A","161"
"135025","A","349"
"135030","A","489"
"135038","A","227"
"135040","A","141"
"135041","A","493"
"135048","A","60"
"135051","A","360"
"135053","A","132"
"135054","A","401"
"135064","A","244"
"135065","A","263"
"135070","A","36"
"135071","A","39"
"135076","A","372"
"135082","A","482"
"135084","A","305"
"135085","A","452"
"135088","A","151"
"135098","A","189"
"135105","A","355"
"135117","A","223"
"135124","A","452"
"135128","A","182"
"135129","A","423"
"135136","A","322"
"135138","A","191"
"135142","A","273"
"135149","A","214"
"135152","A","184"
"135154","A","117"
"135162","A","424"
"135167","A","476"
"135173","A","211"
"135176","A","73"
"135182","A","415"
"135186","A","124"
"135190","A","329"
"135200","A","321"
"135201","A","492"
"135206","A","27"
"135207","A","467"
"135209","A","245"
"135216","A","100"
"135217","A","80"
"135223","A","109"
"135227","A","211"
"135230","A","93"
"135232","A","235"
"135235","A","403"
"135241","A","206"
"135243","A","86"
"135244","A","379"
"135250","A","326"
"135256","A","92"
"135258","A","397"
"135261","A","99"
"135267","A","111"
"135268","A","19"
"135273","A","18"
"135294","A","349"
"135301","A","355"
"135305","A","165"
"135308","A","461"
"135309","A","303"
"135315","A","250"
"135316","A","234"
"135317","A","499"
"135322","A","171"
"135326","A","172"
"135331","A","102"
"135333","A","268"
"135337","A","275"
"135341","A","413"
"135345","A","382"
"135350","A","479"
"135359","A","351"
"135362","A","207"
"135365","A","15"
"135368","A","118"
"135371","A","91"
"135377","A","441"
"135381","A","466"
"135382","A","429"
"135391","A","104"
"135392","A","310"
"135399","A","372"
"135402","A","342"
"135406","A","475"
"135408","A","448"
"135409","A","247"
"135416","A","355"
"135419","A","410"
"135421","A","428"
"135426","A","192"
"135427","A","210"
"135431","A","141"
"135432","A","442"
"135439","A","203"
"135445","A","368"
"135447","A","160"
"135448","A","416"
"135455","A","47"
"135459","A","78"
"135460","A","144"
"135461","A","71"
"135462","A","37"
"135466","A","208"
"135468","A","247"
"135471","A","159"
"135474","A","262"
"135475","A","153"
"135480","A","114"
"135487","A","318"
"135490","A","120"
"135491","A","254"
"135494","A","29"
"135495","A","384"
"135497","A","129"
"135510","A","201"
"135514","A","420"
"135515","A","127"
"135517","A","386"
"135519","A","349"
"135522","A","332"
"135525","A","273"
"135534","A","372"
"135536","A","117"
"135538","A","46"
"135540","A","113"
"135547","A","470"
"135548","A","144"
"135550","A","381"
"135562","A","347"
"135563","A","34"
"135564","A","307"
"135570","A","275"
"135571","A","50"
"135572","A","439"
"135582","A","26"
"135584","A","120"
"135590","A","491"
"135598","A","477"
"135609","A","468"
"135618","A","383"
"135620","A","425"
"135621","A","479"
"135623","A","268"
"135624","A","231"
"135629","A","163"
"135630","A","28"
"135633","A","364"
"135647","A","88"
"135649","A","113"
"135654","A","461"
"135655","A","465"
"135657","A","486"
"135673","A","127"
"135677","A","458"
"135680","A","85"
"135691","A","151"
"135696","A","29"
"135699","A","337"
"135700","A","391"
"135704","A","425"
"135707","A","214"
"135711","A","180"
"135712","A","255"
"135715","A","331"
"135717","A","127"
"135725","A","459"
"135729","A","58"
"135732","A","151"
"135733","A","329"
"135734","A","74"
"135738","A","354"
"135742","A","236"
"135744","A","272"
"135745","A","248"
"135746","A","160"
"135766","A","359"
"135772","A","441"
"135775","A","375"
"135780","A","332"
"135786","A","214"
"135787","A","251"
"135789","A","392"
"135790","A","163"
"135791","A","113"
"135795","A","490"
"135796","A","16"
"135798","A","374"
"135800","A","253"
"135805","A","310"
"135812","A","339"
"135818","A","470"
"135820","A","30"
"135831","A","113"
"135837","A","283"
"135838","A","175"
"135845","A","292"
"135848","A","398"
"135850","A","464"
"135859","A","47"
"135860","A","196"
"135862","A","209"
"135864","A","30"
"135868","A","427"
"135869","A","410"
"135876","A","449"
"135891","A","263"
"135892","A","248"
"135893","A","39"
"135895","A","190"
"135899","A","114"
"135909","A","358"
"135916","A","140"
"135917","A","255"
"135918","A","364"
"135921","A","263"
"135922","A","369"
"135926","A","376"
"135929","A","111"
"135932","A","149"
"135934","A","36"
"135940","A","451"
"135942","A","84"
"135944","A","164"
"135946","A","335"
"135947","A","237"
"135948","A","58"
"135950","A","53"
"135958","A","307"
"135959","A","385"
"135961","A","450"
"135964","A","278"
"135967","A","74"
"135971","A","114"
"135972","A","469"
"135977","A","475"
"135980","A","77"
"135982","A","279"
"135983","A","239"
"135991","A","429"
"135993","A","217"
"135995","A","199"
"136001","A","299"
"136005","A","415"
"136007","A","334"
"136008","A","67"
"136009","A","306"
"136011","A","316"
"136013","A","362"
"136020","A","11"
"136024","A","130"
"136028","A","66"
"136029","A","306"
"136034","A","110"
"136040","A","313"
"136045","A","63"
"136051","A","112"
"136055","A","497"
"136057","A","117"
"136059","A","346"
"136061","A","73"
"136063","A","198"
"136075","A","300"
"136080","A","58"
"136081","A","498"
"136084","A","313"
"136086","A","302"
"136087","A","314"
"136097","A","469"
"136098","A","284"
"136100","A","350"
"136103","A","15"
"136109","A","38"
"136114","A","472"
"136116","A","80"
"136123","A","327"
"136127","A","403"
"136137","A","152"
"136139","A","206"
"136142","A","448"
"136143","A","145"
"136145","A","451"
"136171","A","151"
"136179","A","209"
"136183","A","455"
"136186","A","230"
"136189","A","278"
"136197","A","289"
"136200","A","447"
"136201","A","463"
"136203","A","283"
"136204","A","190"
"136209","A","402"
"136210","A","444"
"136213","A","62"
"136216","A","198"
"136220","A","71"
"136222","A","252"
"136225","A","159"
"136226","A","133"
"136238","A","445"
"136241","A","450"
"136243","A","105"
"136244","A","477"
"136251","A","357"
"136257","A","340"
"136259","A","35"
"136260","A","26"
"136266","A","137"
"136267","A","88"
"136273","A","82"
"136276","A","95"
"136281","A","108"
"136284","A","492"
"136285","A","290"
"136286","A","139"
"136289","A","357"
"136293","A","40"
"136297","A","304"
"136298","A","241"
"136302","A","126"
"136303","A","295"
"136312","A","215"
"136313","A","457"
"136316","A","138"
"136321","A","483"
"136323","A","335"
"136326","A","195"
"136334","A","347"
"136335","A","11"
"136340","A","236"
"136341","A","484"
"136344","A","420"
"136349","A","120"
"136368","A","271"
"136369","A","152"
"136371","A","93"
"136373","A","205"
"136376","A","302"
"136378","A","66"
"136380","A","458"
"136381","A","142"
"136387","A","284"
"136390","A","209"
"136396","A","329"
"136399","A","362"
"136400","A","87"
"136405","A","296"
"136406","A","107"
"136408","A","350"
"136409","A","18"
"136412","A","164"
"136413","A","397"
"136419","A","98"
"136423","A","144"
"136424","A","313"
"136428","A","316"
"136436","A","57"
"136441","A","41"
"136442","A","53"
"136443","A","493"
"136445","A","53"
"136447","A","440"
"136450","A","43"
"136451","A","56"
"136454","A","162"
"136457","A","333"
"136460","A","365"
"136461","A","83"
"136464","A","384"
"136466","A","297"
"136467","A","372"
"136472","A","180"
"136476","A","142"
"136482","A","53"
"136488","A","181"
"136492","A","283"
"136493","A","423"
"136498","A","134"
"136504","A","187"
"136505","A","151"
"136507","A","313"
"136509","A","371"
"136510","A","492"
"136513","A","135"
"136514","A","411"
"136517","A","393"
"136520","A","327"
"136521","A","302"
"136524","A","263"
"136527","A","325"
"136534","A","453"
"136535","A","278"
"136536","A","290"
"136544","A","392"
"136546","A","380"
"136550","A","416"
"136555","A","32"
"136559","A","68"
"136568","A","11"
"136569","A","240"
"136573","A","359"
"136575","A","352"
"136579","A","311"
"136586","A","485"
"136587","A","132"
"136590","A","160"
"136591","A","232"
"136596","A","156"
"136597","A","12"
"136598","A","489"
"136599","A","229"
"136604","A","292"
"136611","A","358"
"136612","A","454"
"136615","A","320"
"136619","A","216"
"136620","A","251"
"136622","A","13"
"136624","A","67"
"136632","A","90"
"136639","A","286"
"136644","A","206"
"136649","A","33"
"136650","A","493"
"136651","A","228"
"136655","A","148"
"136656","A","154"
"136661","A","98"
"136664","A","395"
"136669","A","43"
"136678","A","460"
"136682","A","244"
"136685","A","255"
"136689","A","94"
"136701","A","466"
"136703","A","88"
"136704","A","110"
"136712","A","70"
"136736","A","285"
"136738","A","123"
"136743","A","296"
"136747","A","52"
"136749","A","118"
"136750","A","329"
"136754","A","288"
"136755","A","98"
"136756","A","386"
"136757","A","118"
"136760","A","300"
"136764","A","94"
"136765","A","136"
"136772","A","149"
"136774","A","127"
"136778","A","226"
"136795","A","154"
"136802","A","441"
"136814","A","416"
"136815","A","296"
"136826","A","101"
"136827","A","11"
"136828","A","303"
"136829","A","73"
"136830","A","27"
"136837","A","30"
"136843","A","71"
"136845","A","375"
"136846","A","371"
"136851","A","319"
"136852","A","78"
"136854","A","193"
"136856","A","49"
"136859","A","416"
"136861","A","333"
"136867","A","360"
"136872","A","55"
"136874","A","471"
"136881","A","190"
"136882","A","109"
"136883","A","498"
"136889","A","254"
"136892","A","206"
"136893","A","13"
"136894","A","261"
"136895","A","129"
"136896","A","51"
"136898","A","175"
"136901","A","366"
"136905","A","345"
"136908","A","242"
"136914","A","478"
"136916","A","54"
"136917","A","79"
"136918","A","224"
"136927","A","382"
"136928","A","149"
"136931","A","396"
"136933","A","138"
"136940","A","401"
"136941","A","466"
"136942","A","357"
"136943","A","469"
"136945","A","187"
"136947","A","416"
"136948","A","237"
"136963","A","115"
"136964","A","52"
"136965","A","183"
"136974","A","172"
"136983","A","442"
"136985","A","10"
"136986","A","130"
"136987","A","465"
"136988","A","356"
"136990","A","184"
"136993","A","353"
"136995","A","207"
"136996","A","369"
"136997","A","67"
"136998","A","162"
"137001","A","184"
"137011","A","74"
"137016","A","433"
"137018","A","470"
"137024","A","444"
"137027","A","470"
"137030","A","232"
"137035","A","114"
"137036","A","43"
"137039","A","88"
"137041","A","244"
"137045","A","103"
"137052","A","19"
"137058","A","58"
"137066","A","136"
"137069","A","354"
"137072","A","335"
"137078","A","469"
"137079","A","96"
"137082","A","465"
"137094","A","417"
"137097","A","31"
"137101","A","299"
"137105","A","138"
"137108","A","62"
"137111","A","312"
"137112","A","304"
"137115","A","164"
"137118","A","307"
"137119","A","463"
"137125","A","335"
"137130","A","29"
"137138","A","314"
"137139","A","188"
"137145","A","332"
"137149","A","387"
"137151","A","173"
"137155","A","438"
"137159","A","322"
"137162","A","270"
"137164","A","203"
"137166","A","456"
"137178","A","362"
"137179","A","427"
"137180","A","67"
"137183","A","247"
"137185","A","140"
"137186","A","408"
"137190","A","206"
"137193","A","366"
"137194","A","87"
"137196","A","439"
"137198","A","232"
"137202","A","240"
"137204","A","252"
"137208","A","485"
"137216","A","233"
"137219","A","103"
"137224","A","476"
"137225","A","81"
"137226","A","412"
"137229","A","192"
"137238","A","323"
"137243","A","308"
"137251","A","414"
"137262","A","94"
"137268","A","149"
"137269","A","51"
"137273","A","250"
"137277","A","11"
"137278","A","331"
"137282","A","112"
"137286","A","10"
"137289","A","175"
"137291","A","27"
"137298","A","26"
"137301","A","263"
"137306","A","57"
"137309","A","421"
"137310","A","165"
"137318","A","130"
"137323","A","305"
"137326","A","317"
"137337","A","169"
"137343","A","83"
"137344","A","459"
"137346","A","404"
"137347","A","133"
"137349","A","360"
"137356","A","67"
"137362","A","227"
"137366","A","128"
"137367","A","24"
"137368","A","217"
"137373","A","323"
"137376","A","262"
"137379","A","312"
"137384","A","161"
"137388","A","485"
"137389","A","409"
"137390","A","260"
"137393","A","80"
"137395","A","484"
"137403","A","101"
"137408","A","438"
"137412","A","250"
"137413","A","443"
"137418","A","156"
"137421","A","98"
"137425","A","147"
"137428","A","399"
"137435","A","156"
"137438","A","94"
"137439","A","143"
"137440","A","454"
"137441","A","13"
"137443","A","244"
"137445","A","388"
"137450","A","405"
"137456","A","431"
"137467","A","230"
"137468","A","62"
"137471","A","443"
"137476","A","321"
"137485","A","117"
"137503","A","409"
"137504","A","298"
"137505","A","311"
"137508","A","251"
"137511","A","71"
"137513","A","387"
"137517","A","141"
"137521","A","355"
"137523","A","279"
"137527","A","255"
"137529","A","361"
"137533","A","445"
"137546","A","131"
"137548","A","109"
"137549","A","264"
"137552","A","276"
"137553","A","21"
"137557","A","245"
"137569","A","41"
"137572","A","117"
"137580","A","360"
"137581","A","137"
"137590","A","269"
"137594","A","356"
"137604","A","104"
"137605","A","210"
"137606","A","68"
"137607","A","93"
"137611","A","460"
"137617","A","215"
"137620","A","169"
"137625","A","93"
"137628","A","418"
"137632","A","160"
"137634","A","153"
"137635","A","168"
"137642","A","183"
"137644","A","222"
"137649","A","164"
"137656","A","167"
"137660","A","160"
"137666","A","64"
"137670","A","218"
"137676","A","284"
"137678","A","268"
"137683","A","462"
"137684","A","469"
"137688","A","91"
"137689","A","157"
"137691","A","432"
"137705","A","382"
"137706","A","340"
"137710","A","439"
"137712","A","314"
"137714","A","318"
"137722","A","455"
"137726","A","122"
"137727","A","161"
"137730","A","352"
"137733","A","266"
"137734","A","293"
"137745","A","402"
"137752","A","57"
"137753","A","426"
"137756","A","350"
"137760","A","69"
"137761","A","399"
"137766","A","181"
"137768","A","492"
"137769","A","240"
"137771","A","12"
"137772","A","366"
"137777","A","423"
"137785","A","388"
"137789","A","410"
"137790","A","58"
"137805","A","326"
"137806","A","46"
"137814","A","493"
"137818","A","85"
"137822","A","101"
"137826","A","103"
"137829","A","349"
"137834","A","419"
"137843","A","497"
"137844","A","56"
"137845","A","241"
"137846","A","231"
"137850","A","189"
"137856","A","112"
"137864","A","421"
"137867","A","258"
"137871","A","24"
"137872","A","450"
"137874","A","433"
"137882","A","107"
"137885","A","119"
"137891","A","84"
"137892","A","175"
"137893","A","380"
"137901","A","245"
"137902","A","292"
"137906","A","374"
"137915","A","196"
"137917","A","354"
"137919","A","277"
"137925","A","94"
"137932","A","299"
"137933","A","26"
"137946","A","114"
"137947","A","287"
"137949","A","352"
"137950","A","201"
"137958","A","462"
"137961","A","258"
"137962","A","357"
"137964","A","410"
"137966","A","415"
"137968","A","64"
"137974","A","353"
"137976","A","450"
"137982","A","252"
"137983","A","124"
"137984","A","411"
"137986","A","160"
"137991","A","11"
"137993","A","121"
"137998","A","159"
"138000","A","200"
"138003","A","362"
"138004","A","268"
"138005","A","397"
"138006","A","428"
"138012","A","148"
"138017","A","27"
"138022","A","346"
"138028","A","378"
"138031","A","349"
"138033","A","237"
"138047","A","348"
"138050","A","50"
"138052","A","393"
"138053","A","187"
"138056","A","489"
"138057","A","257"
"138067","A","43"
"138069","A","344"
"138071","A","372"
"138091","A","443"
"138093","A","458"
"138097","A","108"
"138099","A","114"
"138104","A","53"
"138115","A","105"
"138117","A","284"
"138118","A","244"
"138122","A","407"
"138123","A","402"
"138127","A","436"
"138132","A","439"
"138137","A","136"
"138139","A","378"
"138144","A","122"
"138148","A","429"
"138151","A","298"
"138153","A","25"
"138163","A","69"
"138167","A","455"
"138176","A","490"
"138178","A","419"
"138179","A","382"
"138180","A","379"
"138181","A","346"
"138192","A","495"
"138196","A","395"
"138198","A","318"
"138206","A","98"
"138219","A","40"
"138222","A","394"
"138224","A","82"
"138227","A","23"
"138231","A","187"
"138241","A","377"
"138245","A","293"
"138252","A","319"
"138260","A","83"
"138277","A","482"
"138282","A","30"
"138283","A","249"
"138284","A","437"
"138286","A","88"
"138287","A","143"
"138290","A","465"
"138298","A","313"
"138299","A","268"
"138302","A","400"
"138313","A","284"
"138322","A","402"
"138323","A","495"
"138324","A","113"
"138325","A","81"
"138337","A","17"
"138339","A","249"
"138341","A","373"
"138344","A","64"
"138348","A","297"
"138349","A","378"
"138352","A","140"
"138354","A","46"
"138360","A","153"
"138368","A","72"
"138372","A","101"
"138373","A","40"
"138383","A","111"
"138385","A","240"
"138389","A","258"
"138390","A","430"
"138393","A","489"
"138394","A","88"
"138398","A","181"
"138406","A","321"
"138407","A","423"
"138418","A","70"
"138423","A","226"
"138425","A","479"
"138433","A","465"
"138438","A","193"
"138443","A","487"
"138449","A","72"
"138453","A","498"
"138459","A","187"
"138460","A","190"
"138464","A","18"
"138468","A","261"
"138471","A","84"
"138478","A","94"
"138487","A","59"
"138494","A","156"
"138496","A","137"
"138499","A","450"
"138501","A","108"
"138503","A","440"
"138505","A","366"
"138514","A","183"
"138519","A","326"
"138523","A","211"
"138526","A","323"
"138527","A","390"
"138529","A","375"
"138535","A","141"
"138540","A","297"
"138543","A","56"
"138550","A","67"
"138557","A","378"
"138559","A","182"
"138564","A","107"
"138565","A","369"
"138571","A","169"
"138573","A","104"
"138574","A","278"
"138582","A","129"
"138585","A","47"
"138593","A","54"
"138599","A","288"
"138601","A","278"
"138604","A","274"
"138614","A","367"
"138617","A","316"
"138625","A","479"
"138626","A","492"
"138627","A","367"
"138630","A","262"
"138634","A","493"
"138635","A","445"
"138637","A","459"
"138640","A","338"
"138642","A","362"
"138643","A","234"
"138647","A","296"
"138663","A","117"
"138676","A","232"
"138679","A","215"
"138681","A","240"
"138685","A","318"
"138687","A","439"
"138690","A","298"
"138693","A","345"
"138704","A","423"
"138709","A","403"
"138715","A","147"
"138730","A","447"
"138732","A","444"
"138734","A","200"
"138735","A","81"
"138736","A","275"
"138739","A","473"
"138740","A","71"
"138750","A","32"
"138752","A","462"
"138753","A","320"
"138754","A","378"
"138760","A","472"
"138761","A","278"
"138762","A","405"
"138774","A","98"
"138775","A","213"
"138780","A","66"
"138782","A","385"
"138783","A","401"
"138788","A","111"
"138791","A","44"
"138794","A","89"
"138798","A","371"
"138802","A","311"
"138804","A","429"
"138811","A","258"
"138815","A","70"
"138824","A","457"
"138836","A","312"
"138837","A","411"
"138849","A","140"
"138855","A","81"
"138857","A","186"
"138858","A","454"
"138860","A","179"
"138865","A","201"
"138867","A","489"
"138869","A","155"
"138872","A","265"
"138873","A","58"
"138875","A","55"
"138876","A","189"
"138883","A","340"
"138885","A","422"
"138890","A","105"
"138891","A","350"
"138893","A","266"
"138895","A","386"
"138900","A","79"
"138901","A","400"
"138909","A","258"
"138910","A","247"
"138915","A","302"
"138918","A","36"
"138923","A","383"
"138928","A","478"
"138929","A","222"
"138934","A","219"
"138939","A","117"
"138952","A","276"
"138955","A","136"
"138958","A","171"
"138959","A","330"
"138960","A","151"
"138962","A","446"
"138965","A","12"
"138969","A","318"
"138972","A","424"
"138974","A","179"
"138977","A","252"
"138981","A","81"
"138983","A","229"
"138991","A","196"
"138992","A","309"
"139002","A","438"
"139009","A","142"
"139011","A","141"
"139012","A","128"
"139016","A","15"
"139019","A","466"
"139023","A","18"
"139034","A","85"
"139052","A","102"
"139054","A","351"
"139056","A","280"
"139057","A","141"
"139058","A","297"
"139061","A","15"
"139069","A","400"
"139077","A","429"
"139082","A","149"
"139095","A","448"
"139098","A","408"
"139103","A","154"
"139108","A","175"
"139118","A","299"
"139120","A","32"
"139129","A","143"
"139136","A","100"
"139138","A","234"
"139142","A","345"
"139146","A","421"
"139147","A","226"
"139151","A","58"
"139158","A","208"
"139172","A","393"
"139179","A","21"
"139183","A","82"
"139184","A","223"
"139189","A","427"
"139193","A","461"
"139194","A","216"
"139196","A","85"
"139201","A","488"
"139214","A","259"
"139215","A","189"
"139222","A","415"
"139226","A","400"
"139233","A","80"
"139234","A","292"
"139235","A","275"
"139238","A","376"
"139240","A","26"
"139241","A","74"
"139244","A","476"
"139249","A","213"
"139251","A","42"
"139257","A","103"
"139258","A","496"
"139273","A","139"
"139282","A","68"
"139283","A","214"
"139284","A","57"
"139289","A","159"
"139292","A","76"
"139294","A","458"
"139302","A","400"
"139308","A","116"
"139309","A","326"
"139311","A","328"
"139314","A","42"
"139315","A","134"
"139319","A","482"
"139320","A","193"
"139322","A","218"
"139327","A","82"
"139331","A","53"
"139334","A","45"
"139336","A","21"
"139337","A","190"
"139350","A","354"
"139353","A","486"
"139364","A","475"
"139365","A","478"
"139369","A","191"
"139370","A","341"
"139372","A","202"
"139379","A","232"
"139387","A","469"
"139395","A","394"
"139396","A","236"
"139397","A","408"
"139398","A","125"
"139403","A","18"
"139409","A","300"
"139418","A","24"
"139427","A","237"
"139430","A","87"
"139431","A","45"
"139435","A","91"
"139436","A","402"
"139438","A","187"
"139442","A","26"
"139444","A","438"
"139455","A","487"
"139456","A","89"
"139465","A","218"
"139466","A","425"
"139468","A","340"
"139469","A","125"
"139481","A","295"
"139484","A","381"
"139485","A","278"
"139489","A","84"
"139494","A","40"
"139499","A","252"
"139500","A","413"
"139502","A","201"
"139509","A","319"
"139513","A","435"
"139516","A","423"
"139528","A","225"
"139537","A","109"
"139538","A","62"
"139540","A","315"
"139545","A","343"
"139553","A","331"
"139555","A","214"
"139556","A","381"
"139557","A","480"
"139560","A","185"
"139561","A","197"
"139563","A","413"
"139567","A","11"
"139568","A","301"
"139570","A","313"
"139573","A","58"
"139574","A","115"
"139576","A","470"
"139577","A","174"
"139592","A","122"
"139597","A","326"
"139599","A","207"
"139600","A","27"
"139606","A","301"
"139610","A","374"
"139613","A","55"
"139616","A","360"
"139618","A","448"
"139627","A","398"
"139635","A","70"
"139636","A","356"
"139649","A","222"
"139651","A","40"
"139655","A","136"
"139658","A","420"
"139659","A","261"
"139665","A","318"
"139666","A","124"
"139670","A","186"
"139671","A","142"
"139674","A","450"
"139681","A","158"
"139686","A","82"
"139691","A","55"
"139693","A","202"
"139694","A","49"
"139697","A","211"
"139699","A","450"
"139700","A","303"
"139705","A","124"
"139710","A","74"
"139727","A","339"
"139728","A","192"
"139733","A","449"
"139735","A","165"
"139749","A","68"
"139750","A","312"
"139751","A","361"
"139752","A","252"
"139753","A","395"
"139756","A","26"
"139759","A","392"
"139762","A","201"
"139766","A","239"
"139773","A","106"
"139778","A","346"
"139779","A","292"
"139781","A","267"
"139782","A","311"
"139784","A","302"
"139787","A","376"
"139788","A","259"
"139791","A","384"
"139799","A","138"
"139812","A","431"
"139819","A","226"
"139824","A","308"
"139829","A","476"
"139831","A","137"
"139843","A","340"
"139846","A","69"
"139847","A","331"
"139853","A","392"
"139856","A","210"
"139858","A","52"
"139862","A","354"
"139867","A","228"
"139875","A","273"
"139877","A","346"
"139883","A","382"
"139884","A","403"
"139889","A","224"
"139892","A","374"
"139894","A","151"
"139895","A","233"
"139896","A","318"
"139897","A","477"
"139901","A","142"
"139902","A","482"
"139905","A","351"
"139913","A","489"
"139917","A","216"
"139919","A","204"
"139930","A","378"
"139931","A","82"
"139937","A","356"
"139947","A","488"
"139952","A","243"
"139955","A","231"
"139957","A","176"
"139965","A","151"
"139969","A","120"
"139973","A","64"
"139974","A","92"
"139976","A","496"
"139980","A","352"
"139995","A","175"
"139996","A","454"
"140002","A","65"
"140006","A","106"
"140010","A","213"
"140011","A","382"
"140020","A","455"
"140022","A","154"
"140030","A","361"
"140032","A","481"
"140033","A","478"
"140049","A","497"
"140054","A","456"
"140055","A","154"
"140056","A","351"
"140057","A","100"
"140058","A","302"
"140059","A","84"
"140069","A","273"
"140074","A","258"
"140075","A","151"
"140079","A","320"
"140082","A","402"
"140088","A","233"
"140089","A","80"
"140094","A","256"
"140095","A","172"
"140098","A","361"
"140105","A","384"
"140114","A","160"
"140116","A","476"
"140117","A","369"
"140118","A","117"
"140122","A","309"
"140133","A","343"
"140137","A","22"
"140138","A","422"
"140141","A","369"
"140150","A","457"
"140151","A","173"
"140154","A","301"
"140160","A","76"
"140161","A","156"
"140162","A","122"
"140163","A","137"
"140164","A","247"
"140168","A","376"
"140170","A","173"
"140174","A","449"
"140175","A","255"
"140182","A","41"
"140190","A","333"
"140199","A","480"
"140202","A","320"
"140203","A","49"
"140208","A","461"
"140211","A","403"
"140215","A","299"
"140216","A","491"
"140219","A","192"
"140229","A","344"
"140231","A","195"
"140235","A","467"
"140239","A","312"
"140245","A","51"
"140246","A","231"
"140248","A","255"
"140251","A","49"
"140258","A","13"
"140263","A","203"
"140268","A","316"
"140269","A","100"
"140279","A","427"
"140281","A","63"
"140287","A","474"
"140293","A","90"
"140294","A","58"
"140295","A","396"
"140296","A","498"
"140308","A","409"
"140309","A","327"
"140312","A","207"
"140317","A","289"
"140322","A","448"
"140323","A","151"
"140335","A","287"
"140339","A","370"
"140347","A","102"
"140351","A","385"
"140353","A","473"
"140360","A","182"
"140362","A","73"
"140366","A","482"
"140371","A","357"
"140386","A","250"
"140388","A","73"
"140396","A","120"
"140397","A","149"
"140399","A","58"
"140406","A","412"
"140408","A","439"
"140413","A","475"
"140417","A","121"
"140418","A","367"
"140422","A","16"
"140431","A","42"
"140439","A","469"
"140442","A","218"
"140446","A","177"
"140451","A","220"
"140453","A","431"
"140457","A","289"
"140459","A","182"
"140460","A","374"
"140465","A","476"
"140476","A","353"
"140482","A","485"
"140485","A","298"
"140491","A","323"
"140492","A","346"
"140494","A","440"
"140506","A","443"
"140507","A","10"
"140508","A","359"
"140510","A","483"
"140514","A","297"
"140516","A","392"
"140518","A","358"
"140519","A","74"
"140521","A","230"
"140523","A","166"
"140524","A","131"
"140528","A","124"
"140530","A","269"
"140531","A","78"
"140532","A","217"
"140535","A","156"
"140537","A","149"
"140542","A","126"
"140545","A","256"
"140547","A","222"
"140548","A","157"
"140551","A","220"
"140552","A","359"
"140553","A","89"
"140555","A","276"
"140561","A","379"
"140562","A","194"
"140568","A","94"
"140573","A","440"
"140582","A","420"
"140589","A","272"
"140592","A","121"
"140600","A","113"
"140605","A","57"
"140606","A","72"
"140610","A","434"
"140612","A","436"
"140623","A","20"
"140624","A","447"
"140626","A","492"
"140631","A","396"
"140636","A","243"
"140638","A","287"
"140640","A","30"
"140644","A","367"
"140648","A","44"
"140650","A","197"
"140656","A","83"
"140662","A","160"
"140666","A","105"
"140667","A","146"
"140669","A","38"
"140672","A","23"
"140681","A","292"
"140684","A","420"
"140685","A","176"
"140687","A","197"
"140695","A","333"
"140696","A","75"
"140697","A","331"
"140698","A","470"
"140708","A","119"
"140709","A","94"
"140711","A","395"
"140715","A","464"
"140716","A","284"
"140734","A","114"
"140742","A","322"
"140746","A","64"
"140754","A","197"
"140763","A","228"
"140768","A","115"
"140771","A","83"
"140776","A","250"
"140777","A","291"
"140779","A","247"
"140780","A","327"
"140784","A","271"
"140791","A","119"
"140806","A","363"
"140807","A","464"
"140810","A","286"
"140811","A","315"
"140817","A","95"
"140826","A","272"
"140831","A","36"
"140833","A","304"
"140842","A","65"
"140846","A","453"
"140849","A","161"
"140851","A","66"
"140855","A","473"
"140858","A","83"
"140861","A","389"
"140865","A","132"
"140873","A","209"
"140877","A","39"
"140894","A","479"
"140902","A","54"
"140905","A","113"
"140913","A","491"
"140915","A","386"
"140916","A","499"
"140918","A","215"
"140924","A","341"
"140928","A","220"
"140932","A","398"
"140936","A","245"
"140946","A","158"
"140948","A","153"
"140950","A","493"
"140951","A","187"
"140955","A","31"
"140963","A","233"
"140964","A","34"
"140969","A","227"
"140971","A","44"
"140973","A","201"
"140975","A","471"
"140976","A","479"
"140977","A","32"
"140982","A","220"
"140984","A","438"
"140993","A","450"
"140995","A","122"
"140996","A","455"
"141006","A","362"
"141008","A","439"
"141009","A","129"
"141011","A","132"
"141014","A","403"
"141016","A","410"
"141018","A","465"
"141019","A","152"
"141020","A","130"
"141022","A","75"
"141032","A","353"
"141035","A","499"
"141037","A","241"
"141038","A","63"
"141039","A","170"
"141040","A","264"
"141042","A","246"
"141044","A","51"
"141047","A","449"
"141050","A","163"
"141052","A","470"
"141062","A","496"
"141079","A","286"
"141081","A","415"
"141083","A","347"
"141086","A","395"
"141087","A","359"
"141091","A","236"
"141103","A","426"
"141106","A","212"
"141112","A","243"
"141114","A","359"
"141118","A","432"
"141137","A","183"
"141141","A","360"
"141143","A","136"
"141149","A","51"
"141164","A","258"
"141165","A","188"
"141167","A","21"
"141170","A","271"
"141177","A","40"
"141180","A","365"
"141181","A","120"
"141183","A","98"
"141186","A","409"
"141189","A","100"
"141201","A","73"
"141203","A","164"
"141210","A","219"
"141217","A","232"
"141221","A","29"
"141223","A","280"
"141226","A","60"
"141228","A","89"
"141236","A","187"
"141241","A","309"
"141242","A","132"
"141244","A","469"
"141245","A","318"
"141246","A","99"
"141247","A","269"
"141249","A","52"
"141252","A","292"
"141253","A","497"
"141258","A","377"
"141261","A","172"
"141264","A","415"
"141266","A","341"
"141271","A","363"
"141276","A","176"
"141281","A","195"
"141284","A","425"
"141289","A","155"
"141291","A","286"
"141293","A","95"
"141295","A","160"
"141296","A","469"
"141299","A","454"
"141317","A","386"
"141324","A","162"
"141325","A","149"
"141329","A","245"
"141331","A","468"
"141332","A","74"
"141333","A","271"
"141334","A","78"
"141338","A","105"
"141348","A","450"
"141357","A","468"
"141361","A","96"
"141368","A","426"
"141375","A","156"
"141377","A","419"
"141378","A","476"
"141383","A","192"
"141387","A","472"
"141390","A","498"
"141392","A","185"
"141394","A","171"
"141398","A","321"
"141399","A","405"
"141400","A","477"
"141401","A","374"
"141402","A","377"
"141414","A","234"
"141418","A","342"
"141420","A","115"
"141421","A","365"
"141422","A","245"
"141423","A","442"
"141430","A","325"
"141432","A","19"
"141434","A","497"
"141436","A","130"
"141439","A","478"
"141442","A","74"
"141447","A","261"
"141459","A","32"
"141460","A","57"
"141461","A","261"
"141462","A","430"
"141465","A","325"
"141469","A","162"
"141478","A","46"
"141480","A","91"
"141484","A","481"
"141486","A","237"
"141495","A","284"
"141496","A","139"
"141497","A","197"
"141498","A","343"
"141499","A","103"
"141500","A","399"
"141503","A","34"
"141504","A","133"
"141508","A","67"
"141510","A","327"
"141514","A","458"
"141515","A","419"
"141531","A","327"
"141535","A","16"
"141537","A","417"
"141538","A","481"
"141540","A","341"
"141542","A","196"
"141548","A","376"
"141560","A","111"
"141566","A","40"
"141568","A","187"
"141574","A","84"
"141576","A","464"
"141578","A","157"
"141581","A","469"
"141582","A","495"
"141585","A","344"
"141586","A","303"
"141587","A","264"
"141590","A","321"
"141599","A","44"
"141606","A","452"
"141607","A","332"
"141609","A","402"
"141618","A","491"
"141619","A","212"
"141621","A","92"
"141624","A","223"
"141625","A","414"
"141627","A","286"
"141628","A","197"
"141632","A","372"
"141641","A","170"
"141643","A","449"
"141649","A","355"
"141651","A","478"
"141653","A","73"
"141654","A","116"
"141655","A","59"
"141663","A","213"
"141670","A","381"
"141674","A","470"
"141677","A","241"
"141681","A","169"
"141684","A","35"
"141687","A","21"
"141695","A","138"
"141697","A","222"
"141698","A","468"
"141700","A","368"
"141703","A","188"
"141705","A","20"
"141706","A","235"
"141709","A","332"
"141711","A","359"
"141716","A","27"
"141720","A","128"
"141728","A","209"
"141733","A","463"
"141738","A","444"
"141739","A","250"
"141740","A","397"
"141741","A","221"
"141742","A","356"
"141751","A","330"
"141752","A","168"
"141755","A","238"
"141760","A","415"
"141765","A","232"
"141767","A","334"
"141768","A","498"
"141771","A","18"
"141772","A","400"
"141777","A","73"
"141785","A","97"
"141788","A","58"
"141790","A","268"
"141791","A","158"
"141797","A","157"
"141798","A","135"
"141800","A","210"
"141802","A","152"
"141804","A","104"
"141810","A","29"
"141820","A","338"
"141824","A","157"
"141826","A","189"
"141828","A","403"
"141830","A","147"
"141833","A","34"
"141834","A","289"
"141840","A","201"
"141850","A","20"
"141858","A","99"
"141862","A","417"
"141867","A","488"
"141868","A","54"
"141874","A","329"
"141876","A","492"
"141879","A","46"
"141894","A","40"
"141898","A","149"
"141900","A","107"
"141905","A","466"
"141907","A","110"
"141909","A","181"
"141910","A","445"
"141920","A","138"
"141924","A","145"
"141926","A","409"
"141937","A","103"
"141942","A","473"
"141956","A","327"
"141957","A","439"
"141958","A","459"
"141960","A","462"
"141962","A","491"
"141963","A","226"
"141968","A","58"
"141970","A","238"
"141977","A","172"
"141979","A","334"
"141981","A","249"
"141984","A","332"
"141985","A","291"
"141988","A","276"
"141989","A","459"
"141991","A","120"
"141992","A","13"
"141994","A","481"
"141995","A","70"
"141998","A","242"
"142002","A","429"
"142006","A","198"
"142009","A","470"
"142018","A","157"
"142020","A","382"
"142021","A","404"
"142022","A","428"
"142023","A","222"
"142025","A","249"
"142026","A","83"
"142030","A","48"
"142031","A","43"
"142032","A","148"
"142033","A","160"
"142039","A","48"
"142040","A","186"
"142046","A","314"
"142049","A","374"
"142052","A","22"
"142058","A","19"
"142066","A","395"
"142073","A","408"
"142093","A","158"
"142102","A","172"
"142106","A","140"
"142112","A","491"
"142117","A","191"
"142118","A","268"
"142119","A","307"
"142120","A","493"
"142122","A","432"
"142124","A","154"
"142133","A","223"
"142134","A","393"
"142135","A","111"
"142139","A","411"
"142140","A","209"
"142143","A","478"
"142145","A","216"
"142146","A","214"
"142159","A","74"
"142161","A","21"
"142162","A","85"
"142164","A","432"
"142165","A","226"
"142168","A","387"
"142169","A","272"
"142170","A","100"
"142175","A","276"
"142176","A","371"
"142177","A","16"
"142183","A","80"
"142189","A","435"
"142190","A","411"
"142192","A","455"
"142197","A","367"
"142198","A","172"
"142200","A","119"
"142205","A","174"
"142207","A","415"
"142208","A","110"
"142212","A","92"
"142224","A","338"
"142228","A","392"
"142230","A","374"
"142232","A","428"
"142239","A","363"
"142243","A","448"
"142246","A","271"
"142251","A","141"
"142252","A","358"
"142255","A","348"
"142256","A","201"
"142258","A","110"
"142271","A","319"
"142272","A","492"
"142283","A","389"
"142293","A","405"
"142297","A","251"
"142301","A","143"
"142310","A","445"
"142311","A","185"
"142312","A","372"
"142313","A","385"
"142316","A","228"
"142317","A","194"
"142329","A","95"
"142335","A","11"
"142339","A","271"
"142344","A","337"
"142346","A","434"
"142350","A","346"
"142352","A","457"
"142356","A","213"
"142363","A","155"
"142364","A","359"
"142368","A","255"
"142369","A","361"
"142372","A","161"
"142373","A","221"
"142374","A","367"
"142375","A","339"
"142377","A","199"
"142379","A","154"
"142380","A","329"
"142383","A","75"
"142384","A","221"
"142391","A","440"
"142392","A","57"
"142401","A","295"
"142403","A","400"
"142407","A","154"
"142419","A","132"
"142420","A","452"
"142421","A","411"
"142429","A","69"
"142435","A","448"
"142436","A","410"
"142440","A","369"
"142442","A","324"
"142448","A","346"
"142454","A","41"
"142456","A","227"
"142461","A","185"
"142462","A","286"
"142470","A","118"
"142472","A","59"
"142473","A","129"
"142475","A","367"
"142480","A","261"
"142483","A","202"
"142487","A","290"
"142488","A","310"
"142490","A","474"
"142498","A","233"
"142502","A","129"
"142505","A","222"
"142506","A","98"
"142513","A","495"
"142515","A","450"
"142517","A","395"
"142527","A","113"
"142531","A","303"
"142533","A","212"
"142535","A","143"
"142537","A","310"
"142542","A","38"
"142544","A","128"
"142551","A","281"
"142555","A","222"
"142560","A","52"
"142565","A","234"
"142566","A","268"
"142569","A","61"
"142573","A","473"
"142574","A","74"
"142576","A","459"
"142578","A","245"
"142580","A","499"
"142581","A","138"
"142585","A","361"
"142589","A","436"
"142591","A","302"
"142593","A","266"
"142596","A","252"
"142599","A","230"
"142604","A","155"
"142609","A","288"
"142612","A","147"
"142618","A","450"
"142621","A","425"
"142622","A","400"
"142624","A","53"
"142628","A","215"
"142629","A","62"
"142631","A","36"
"142633","A","357"
"142638","A","396"
"142642","A","177"
"142644","A","384"
"142653","A","309"
"142654","A","245"
"142671","A","68"
"142674","A","341"
"142679","A","22"
"142683","A","470"
"142684","A","143"
"142687","A","99"
"142688","A","320"
"142691","A","329"
"142697","A","258"
"142698","A","308"
"142700","A","20"
"142701","A","45"
"142702","A","421"
"142704","A","424"
"142707","A","213"
"142714","A","10"
"142723","A","124"
"142725","A","202"
"142731","A","346"
"142732","A","343"
"142737","A","219"
"142738","A","106"
"142741","A","437"
"142743","A","494"
"142746","A","103"
"142748","A","90"
"142749","A","309"
"142751","A","32"
"142752","A","206"
"142757","A","107"
"142765","A","12"
"142769","A","147"
"142776","A","218"
"142779","A","12"
"142781","A","214"
"142782","A","249"
"142783","A","217"
"142794","A","415"
"142805","A","444"
"142806","A","264"
"142811","A","377"
"142816","A","56"
"142818","A","287"
"142823","A","344"
"142825","A","127"
"142829","A","486"
"142833","A","443"
"142838","A","312"
"142851","A","305"
"142856","A","260"
"142869","A","241"
"142877","A","359"
"142890","A","336"
"142891","A","102"
"142896","A","22"
"142897","A","290"
"142901","A","467"
"142911","A","395"
"142918","A","38"
"142920","A","110"
"142923","A","252"
"142928","A","92"
"142936","A","430"
"142939","A","314"
"142940","A","490"
"142941","A","388"
"142943","A","364"
"142965","A","51"
"142967","A","311"
"142971","A","29"
"142974","A","107"
"142982","A","453"
"142983","A","154"
"142990","A","257"
"142991","A","415"
"142992","A","474"
"142993","A","24"
"142995","A","195"
"143002","A","308"
"143009","A","246"
"143013","A","20"
"143018","A","19"
"143025","A","110"
"143026","A","289"
"143027","A","197"
"143030","A","196"
"143033","A","371"
"143035","A","423"
"143036","A","425"
"143051","A","443"
"143067","A","188"
"143073","A","335"
"143082","A","290"
"143083","A","62"
"143089","A","434"
"143091","A","37"
"143092","A","466"
"143095","A","98"
"143113","A","214"
"143116","A","91"
"143117","A","338"
"143128","A","232"
"143131","A","33"
"143138","A","417"
"143148","A","118"
"143152","A","250"
"143159","A","227"
"143161","A","208"
"143162","A","84"
"143174","A","153"
"143175","A","293"
"143182","A","36"
"143185","A","395"
"143189","A","222"
"143190","A","271"
"143195","A","205"
"143197","A","240"
"143199","A","286"
"143210","A","31"
"143212","A","165"
"143216","A","270"
"143217","A","400"
"143218","A","296"
"143220","A","127"
"143225","A","171"
"143226","A","368"
"143227","A","218"
"143232","A","67"
"143240","A","14"
"143241","A","106"
"143244","A","249"
"143251","A","485"
"143254","A","301"
"143255","A","279"
"143257","A","417"
"143261","A","363"
"143264","A","416"
"143267","A","283"
"143269","A","178"
"143278","A","306"
"143282","A","476"
"143284","A","473"
"143285","A","392"
"143286","A","112"
"143287","A","333"
"143289","A","270"
"143290","A","153"
"143292","A","421"
"143296","A","151"
"143301","A","201"
"143316","A","437"
"143320","A","435"
"143321","A","86"
"143325","A","376"
"143326","A","427"
"143329","A","291"
"143330","A","165"
"143333","A","74"
"143341","A","442"
"143345","A","428"
"143362","A","473"
"143370","A","28"
"143378","A","394"
"143385","A","268"
"143397","A","56"
"143402","A","249"
"143404","A","42"
"143406","A","252"
"143408","A","483"
"143409","A","253"
"143410","A","127"
"143412","A","379"
"143414","A","498"
"143415","A","429"
"143417","A","473"
"143419","A","166"
"143434","A","199"
"143442","A","476"
"143444","A","431"
"143446","A","398"
"143447","A","186"
"143450","A","121"
"143455","A","195"
"143458","A","153"
"143468","A","258"
"143470","A","439"
"143471","A","40"
"143474","A","80"
"143475","A","308"
"143480","A","112"
"143482","A","269"
"143483","A","102"
"143484","A","271"
"143493","A","76"
"143498","A","256"
"143499","A","366"
"143501","A","303"
"143507","A","124"
"143508","A","82"
"143511","A","97"
"143519","A","337"
"143520","A","203"
"143524","A","353"
"143525","A","391"
"143528","A","42"
"143531","A","10"
"143538","A","79"
"143542","A","36"
"143546","A","282"
"143547","A","301"
"143548","A","26"
"143553","A","280"
"143557","A","355"
"143560","A","254"
"143561","A","263"
"143562","A","454"
"143565","A","341"
"143567","A","257"
"143568","A","15"
"143569","A","241"
"143574","A","411"
"143577","A","263"
"143578","A","357"
"143583","A","333"
"143587","A","242"
"143592","A","319"
"143593","A","461"
"143595","A","348"
"143603","A","289"
"143604","A","433"
"143606","A","334"
"143610","A","151"
"143612","A","34"
"143614","A","441"
"143617","A","181"
"143618","A","95"
"143624","A","29"
"143626","A","416"
"143629","A","119"
"143631","A","309"
"143635","A","432"
"143638","A","179"
"143642","A","195"
"143648","A","202"
"143654","A","122"
"143657","A","27"
"143661","A","65"
"143667","A","291"
"143668","A","258"
"143671","A","386"
"143678","A","159"
"143684","A","395"
"143689","A","394"
"143690","A","226"
"143693","A","303"
"143699","A","57"
"143700","A","404"
"143701","A","454"
"143703","A","262"
"143705","A","145"
"143710","A","227"
"143713","A","146"
"143715","A","202"
"143717","A","75"
"143718","A","53"
"143719","A","435"
"143723","A","237"
"143731","A","254"
"143732","A","208"
"143746","A","431"
"143751","A","125"
"143766","A","337"
"143770","A","388"
"143771","A","425"
"143772","A","320"
"143773","A","368"
"143778","A","405"
"143780","A","323"
"143781","A","112"
"143784","A","47"
"143790","A","483"
"143796","A","458"
"143806","A","155"
"143807","A","168"
"143808","A","216"
"143812","A","319"
"143819","A","492"
"143820","A","145"
"143822","A","14"
"143825","A","99"
"143831","A","128"
"143837","A","123"
"143845","A","200"
"143849","A","385"
"143852","A","440"
"143855","A","99"
"143856","A","495"
"143858","A","64"
"143863","A","38"
"143872","A","38"
"143878","A","219"
"143881","A","220"
"143902","A","423"
"143904","A","86"
"143912","A","59"
"143914","A","17"
"143916","A","272"
"143919","A","427"
"143927","A","336"
"143928","A","144"
"143932","A","131"
"143933","A","177"
"143937","A","307"
"143938","A","248"
"143939","A","371"
"143940","A","441"
"143942","A","401"
"143944","A","266"
"143945","A","65"
"143950","A","480"
"143959","A","60"
"143971","A","38"
"143974","A","168"
"143978","A","234"
"143987","A","307"
"143994","A","116"
"143996","A","258"
"143997","A","155"
"143999","A","489"
"144008","A","123"
"144009","A","483"
"144013","A","251"
"144016","A","227"
"144018","A","311"
"144021","A","208"
"144022","A","35"
"144023","A","223"
"144028","A","498"
"144029","A","207"
"144030","A","276"
"144032","A","160"
"144043","A","316"
"144048","A","224"
"144063","A","72"
"144066","A","214"
"144068","A","93"
"144070","A","123"
"144071","A","265"
"144072","A","175"
"144078","A","258"
"144082","A","90"
"144085","A","317"
"144087","A","163"
"144089","A","110"
"144092","A","149"
"144095","A","455"
"144104","A","357"
"144105","A","28"
"144107","A","48"
"144110","A","330"
"144111","A","448"
"144114","A","212"
"144115","A","210"
"144119","A","209"
"144122","A","479"
"144123","A","293"
"144127","A","130"
"144129","A","450"
"144134","A","370"
"144135","A","124"
"144137","A","228"
"144138","A","422"
"144139","A","44"
"144143","A","119"
"144151","A","51"
"144153","A","193"
"144158","A","257"
"144159","A","167"
"144166","A","262"
"144172","A","99"
"144173","A","180"
"144174","A","146"
"144182","A","205"
"144184","A","444"
"144192","A","438"
"144200","A","381"
"144201","A","220"
"144205","A","17"
"144208","A","127"
"144209","A","121"
"144212","A","309"
"144213","A","43"
"144215","A","285"
"144219","A","288"
"144225","A","86"
"144226","A","222"
"144232","A","250"
"144234","A","314"
"144235","A","173"
"144237","A","247"
"144239","A","171"
"144249","A","285"
"144251","A","27"
"144252","A","58"
"144256","A","13"
"144257","A","160"
"144263","A","44"
"144266","A","123"
"144268","A","224"
"144281","A","477"
"144289","A","90"
"144290","A","455"
"144292","A","188"
"144297","A","57"
"144299","A","484"
"144301","A","245"
"144304","A","272"
"144305","A","316"
"144309","A","434"
"144321","A","466"
"144330","A","379"
"144331","A","183"
"144332","A","62"
"144333","A","292"
"144337","A","238"
"144338","A","37"
"144342","A","197"
"144346","A","241"
"144350","A","54"
"144351","A","405"
"144352","A","495"
"144368","A","277"
"144370","A","478"
"144374","A","149"
"144376","A","454"
"144384","A","106"
"144385","A","294"
"144397","A","498"
"144398","A","198"
"144400","A","480"
"144403","A","54"
"144404","A","291"
"144405","A","234"
"144406","A","282"
"144407","A","284"
"144413","A","405"
"144416","A","144"
"144417","A","376"
"144424","A","252"
"144426","A","485"
"144431","A","15"
"144436","A","42"
"144437","A","159"
"144443","A","452"
"144449","A","108"
"144452","A","234"
"144462","A","308"
"144463","A","227"
"144468","A","304"
"144469","A","293"
"144472","A","372"
"144474","A","193"
"144478","A","329"
"144480","A","377"
"144483","A","182"
"144486","A","340"
"144489","A","386"
"144492","A","280"
"144501","A","416"
"144502","A","446"
"144506","A","289"
"144507","A","386"
"144511","A","463"
"144514","A","233"
"144516","A","303"
"144517","A","237"
"144520","A","98"
"144524","A","199"
"144526","A","270"
"144528","A","324"
"144538","A","249"
"144540","A","492"
"144543","A","359"
"144545","A","42"
"144546","A","490"
"144549","A","328"
"144553","A","143"
"144555","A","234"
"144561","A","359"
"144565","A","204"
"144566","A","105"
"144569","A","152"
"144570","A","463"
"144582","A","93"
"144586","A","185"
"144591","A","316"
"144594","A","187"
"144595","A","449"
"144596","A","42"
"144604","A","474"
"144605","A","98"
"144609","A","290"
"144610","A","240"
"144613","A","62"
"144614","A","254"
"144623","A","273"
"144633","A","193"
"144638","A","357"
"144645","A","216"
"144650","A","80"
"144669","A","189"
"144673","A","274"
"144675","A","233"
"144676","A","403"
"144681","A","19"
"144685","A","201"
"144688","A","398"
"144699","A","213"
"144700","A","327"
"144706","A","436"
"144710","A","54"
"144714","A","173"
"144725","A","24"
"144728","A","457"
"144732","A","404"
"144740","A","161"
"144744","A","259"
"144754","A","50"
"144761","A","85"
"144762","A","393"
"144766","A","330"
"144769","A","299"
"144774","A","196"
"144776","A","96"
"144787","A","451"
"144790","A","320"
"144792","A","45"
"144797","A","12"
"144799","A","379"
"144802","A","325"
"144804","A","371"
"144806","A","35"
"144809","A","295"
"144812","A","232"
"144817","A","88"
"144838","A","14"
"144841","A","133"
"144846","A","330"
"144849","A","415"
"144862","A","242"
"144871","A","77"
"144874","A","297"
"144880","A","272"
"144884","A","174"
"144886","A","21"
"144901","A","111"
"144906","A","429"
"144909","A","71"
"144910","A","269"
"144914","A","193"
"144920","A","292"
"144921","A","185"
"144931","A","448"
"144933","A","366"
"144935","A","300"
"144940","A","142"
"144954","A","391"
"144958","A","256"
"144961","A","48"
"144964","A","170"
"144965","A","335"
"144971","A","471"
"144973","A","333"
"144978","A","367"
"144979","A","264"
"144983","A","328"
"144985","A","343"
"145008","A","414"
"145009","A","489"
"145013","A","183"
"145016","A","439"
"145018","A","172"
"145019","A","358"
"145020","A","356"
"145025","A","285"
"145028","A","171"
"145041","A","433"
"145044","A","33"
"145045","A","356"
"145053","A","319"
"145061","A","90"
"145064","A","498"
"145069","A","85"
"145074","A","101"
"145077","A","26"
"145079","A","44"
"145086","A","236"
"145088","A","475"
"145089","A","381"
"145096","A","258"
"145098","A","198"
"145108","A","223"
"145109","A","440"
"145116","A","286"
"145124","A","95"
"145125","A","219"
"145127","A","487"
"145129","A","252"
"145130","A","276"
"145146","A","118"
"145150","A","292"
"145153","A","28"
"145154","A","201"
"145156","A","414"
"145158","A","173"
"145159","A","60"
"145170","A","226"
"145175","A","35"
"145176","A","410"
"145183","A","399"
"145190","A","362"
"145191","A","376"
"145192","A","166"
"145193","A","389"
"145195","A","239"
"145197","A","262"
"145202","A","237"
"145203","A","286"
"145205","A","129"
"145206","A","381"
"145210","A","482"
"145211","A","459"
"145214","A","139"
"145219","A","43"
"145220","A","173"
"145221","A","48"
"145226","A","328"
"145229","A","165"
"145232","A","281"
"145233","A","55"
"145256","A","196"
"145267","A","421"
"145269","A","171"
"145270","A","223"
"145271","A","401"
"145272","A","183"
"145274","A","475"
"145286","A","291"
"145288","A","127"
"145290","A","417"
"145292","A","241"
"145293","A","305"
"145297","A","39"
"145302","A","65"
"145309","A","496"
"145311","A","463"
"145317","A","67"
"145321","A","403"
"145331","A","67"
"145334","A","68"
"145335","A","258"
"145336","A","425"
"145337","A","303"
"145340","A","77"
"145344","A","342"
"145346","A","12"
"145348","A","247"
"145352","A","105"
"145356","A","223"
"145359","A","226"
"145360","A","153"
"145362","A","311"
"145363","A","38"
"145368","A","356"
"145376","A","25"
"145379","A","425"
"145384","A","427"
"145386","A","39"
"145387","A","351"
"145389","A","36"
"145394","A","70"
"145397","A","153"
"145403","A","133"
"145405","A","492"
"145407","A","115"
"145418","A","59"
"145433","A","211"
"145438","A","448"
"145440","A","353"
"145443","A","71"
"145453","A","221"
"145454","A","437"
"145460","A","269"
"145463","A","149"
"145464","A","325"
"145468","A","358"
"145469","A","452"
"145470","A","117"
"145471","A","406"
"145472","A","146"
"145473","A","338"
"145488","A","88"
"145489","A","330"
"145490","A","292"
"145492","A","87"
"145499","A","142"
"145501","A","441"
"145506","A","120"
"145508","A","313"
"145519","A","473"
"145520","A","83"
"145525","A","325"
"145528","A","461"
"145529","A","185"
"145530","A","260"
"145536","A","82"
"145537","A","437"
"145539","A","68"
"145540","A","302"
"145541","A","225"
"145543","A","157"
"145545","A","185"
"145546","A","155"
"145547","A","430"
"145548","A","363"
"145562","A","159"
"145565","A","127"
"145568","A","394"
"145571","A","152"
"145572","A","354"
"145573","A","376"
"145576","A","27"
"145580","A","488"
"145583","A","395"
"145584","A","171"
"145585","A","116"
"145591","A","313"
"145595","A","498"
"145599","A","40"
"145600","A","97"
"145601","A","139"
"145605","A","465"
"145606","A","123"
"145610","A","128"
"145611","A","349"
"145615","A","35"
"145624","A","40"
"145628","A","443"
"145633","A","494"
"145634","A","75"
"145643","A","441"
"145656","A","81"
"145662","A","79"
"145671","A","499"
"145681","A","25"
"145683","A","288"
"145688","A","12"
"145693","A","110"
"145694","A","142"
"145695","A","435"
"145696","A","407"
"145698","A","28"
"145699","A","484"
"145702","A","75"
"145723","A","165"
"145724","A","324"
"145726","A","326"
"145734","A","207"
"145737","A","348"
"145747","A","369"
"145748","A","402"
"145750","A","447"
"145753","A","242"
"145754","A","262"
"145757","A","377"
"145758","A","12"
"145759","A","233"
"145763","A","336"
"145770","A","489"
"145774","A","369"
"145778","A","103"
"145779","A","151"
"145792","A","149"
"145794","A","270"
"145795","A","164"
"145798","A","404"
"145802","A","119"
"145806","A","433"
"145807","A","401"
"145816","A","358"
"145818","A","362"
"145823","A","174"
"145831","A","471"
"145838","A","249"
"145842","A","103"
"145845","A","105"
"145849","A","377"
"145851","A","225"
"145852","A","105"
"145857","A","72"
"145858","A","212"
"145860","A","260"
"145861","A","296"
"145874","A","150"
"145877","A","368"
"145883","A","435"
"145887","A","285"
"145888","A","289"
"145891","A","402"
"145893","A","318"
"145896","A","229"
"145898","A","40"
"145900","A","413"
"145902","A","222"
"145909","A","262"
"145913","A","66"
"145917","A","85"
"145918","A","371"
"145924","A","449"
"145926","A","169"
"145927","A","88"
"145929","A","427"
"145930","A","144"
"145931","A","124"
"145933","A","127"
"145938","A","129"
"145947","A","170"
"145955","A","272"
"145960","A","257"
"145964","A","156"
"145965","A","37"
"145971","A","185"
"145973","A","151"
"145974","A","404"
"145975","A","237"
"145976","A","471"
"145977","A","223"
"145978","A","35"
"145980","A","136"
"145985","A","301"
"145991","A","478"
"145996","A","390"
"145997","A","245"
"145998","A","28"
"146000","A","250"
"146002","A","60"
"146007","A","494"
"146009","A","77"
"146011","A","183"
"146013","A","461"
"146016","A","156"
"146017","A","308"
"146020","A","154"
"146023","A","212"
"146024","A","175"
"146029","A","231"
"146036","A","172"
"146037","A","332"
"146039","A","34"
"146044","A","341"
"146047","A","246"
"146065","A","180"
"146068","A","182"
"146070","A","134"
"146079","A","72"
"146086","A","453"
"146087","A","215"
"146089","A","431"
"146100","A","235"
"146108","A","337"
"146111","A","151"
"146113","A","249"
"146115","A","383"
"146120","A","134"
"146121","A","241"
"146133","A","133"
"146135","A","282"
"146143","A","289"
"146151","A","125"
"146153","A","38"
"146159","A","475"
"146169","A","46"
"146170","A","268"
"146180","A","306"
"146183","A","86"
"146186","A","369"
"146189","A","411"
"146191","A","429"
"146195","A","141"
"146196","A","334"
"146197","A","250"
"146198","A","310"
"146210","A","67"
"146216","A","468"
"146217","A","304"
"146224","A","460"
"146225","A","473"
"146227","A","321"
"146231","A","409"
"146232","A","75"
"146234","A","235"
"146243","A","348"
"146244","A","351"
"146249","A","251"
"146256","A","62"
"146262","A","311"
"146263","A","404"
"146264","A","399"
"146265","A","415"
"146268","A","305"
"146270","A","181"
"146282","A","253"
"146283","A","474"
"146284","A","242"
"146285","A","24"
"146289","A","391"
"146290","A","417"
"146291","A","432"
"146300","A","469"
"146302","A","92"
"146306","A","479"
"146307","A","323"
"146309","A","426"
"146311","A","295"
"146316","A","478"
"146317","A","288"
"146325","A","356"
"146332","A","284"
"146338","A","148"
"146339","A","392"
"146343","A","240"
"146346","A","157"
"146347","A","236"
"146353","A","368"
"146361","A","166"
"146375","A","147"
"146376","A","375"
"146377","A","140"
"146381","A","188"
"146383","A","327"
"146384","A","234"
"146387","A","218"
"146390","A","233"
"146392","A","282"
"146395","A","140"
"146398","A","158"
"146401","A","373"
"146409","A","181"
"146413","A","420"
"146423","A","438"
"146449","A","55"
"146452","A","173"
"146457","A","216"
"146458","A","208"
"146468","A","401"
"146481","A","313"
"146482","A","269"
"146484","A","421"
"146495","A","105"
"146498","A","19"
"146499","A","330"
"146502","A","50"
"146503","A","129"
"146504","A","72"
"146508","A","188"
"146509","A","425"
"146511","A","228"
"146513","A","46"
"146520","A","187"
"146521","A","490"
"146523","A","97"
"146528","A","240"
"146529","A","250"
"146531","A","388"
"146537","A","405"
"146541","A","97"
"146542","A","273"
"146548","A","269"
"146550","A","479"
"146557","A","39"
"146558","A","390"
"146560","A","475"
"146563","A","490"
"146564","A","434"
"146565","A","190"
"146566","A","350"
"146567","A","313"
"146587","A","475"
"146593","A","235"
"146595","A","365"
"146599","A","113"
"146601","A","12"
"146602","A","453"
"146603","A","244"
"146605","A","125"
"146607","A","198"
"146626","A","27"
"146627","A","495"
"146628","A","140"
"146629","A","112"
"146633","A","276"
"146638","A","412"
"146639","A","316"
"146642","A","308"
"146652","A","43"
"146656","A","238"
"146665","A","49"
"146667","A","438"
"146668","A","41"
"146674","A","212"
"146677","A","389"
"146680","A","104"
"146681","A","326"
"146683","A","129"
"146690","A","37"
"146695","A","358"
"146696","A","448"
"146698","A","368"
"146699","A","114"
"146706","A","181"
"146709","A","297"
"146710","A","89"
"146711","A","157"
"146721","A","300"
"146729","A","374"
"146734","A","410"
"146737","A","473"
"146743","A","359"
"146745","A","136"
"146750","A","195"
"146755","A","98"
"146756","A","47"
"146760","A","453"
"146761","A","474"
"146769","A","496"
"146772","A","416"
"146776","A","312"
"146777","A","488"
"146778","A","172"
"146787","A","269"
"146794","A","149"
"146796","A","409"
"146797","A","29"
"146801","A","328"
"146803","A","273"
"146805","A","159"
"146810","A","386"
"146812","A","490"
"146816","A","142"
"146823","A","41"
"146828","A","209"
"146833","A","378"
"146838","A","121"
"146842","A","453"
"146848","A","483"
"146849","A","89"
"146864","A","404"
"146866","A","129"
"146872","A","346"
"146873","A","422"
"146874","A","258"
"146876","A","238"
"146890","A","312"
"146891","A","331"
"146896","A","92"
"146897","A","202"
"146901","A","481"
"146905","A","448"
"146909","A","369"
"146915","A","201"
"146917","A","69"
"146918","A","469"
"146921","A","127"
"146931","A","82"
"146934","A","314"
"146943","A","233"
"146947","A","181"
"146948","A","96"
"146950","A","253"
"146952","A","233"
"146956","A","177"
"146957","A","297"
"146958","A","468"
"146966","A","208"
"146970","A","358"
"146973","A","255"
"146976","A","133"
"146982","A","291"
"146984","A","413"
"146985","A","142"
"146988","A","467"
"146989","A","277"
"146990","A","73"
"146992","A","362"
"147005","A","254"
"147013","A","309"
"147019","A","451"
"147020","A","86"
"147022","A","363"
"147023","A","146"
"147024","A","93"
"147028","A","436"
"147030","A","47"
"147033","A","230"
"147034","A","47"
"147036","A","305"
"147038","A","240"
"147041","A","368"
"147042","A","108"
"147043","A","181"
"147053","A","455"
"147061","A","285"
"147073","A","467"
"147076","A","460"
"147078","A","463"
"147082","A","487"
"147083","A","295"
"147087","A","275"
"147089","A","487"
"147098","A","225"
"147100","A","15"
"147103","A","243"
"147104","A","469"
"147105","A","220"
"147111","A","396"
"147112","A","414"
"147119","A","84"
"147120","A","243"
"147121","A","257"
"147124","A","214"
"147126","A","171"
"147129","A","15"
"147133","A","34"
"147137","A","264"
"147139","A","252"
"147140","A","223"
"147145","A","274"
"147147","A","303"
"147152","A","386"
"147156","A","216"
"147158","A","386"
"147159","A","110"
"147167","A","145"
"147171","A","444"
"147172","A","227"
"147176","A","216"
"147177","A","34"
"147179","A","104"
"147182","A","430"
"147183","A","172"
"147184","A","355"
"147189","A","48"
"147191","A","29"
"147195","A","416"
"147198","A","204"
"147199","A","245"
"147206","A","157"
"147207","A","323"
"147208","A","91"
"147213","A","170"
"147216","A","493"
"147218","A","185"
"147219","A","448"
"147227","A","261"
"147231","A","240"
"147236","A","493"
"147248","A","43"
"147249","A","495"
"147255","A","220"
"147257","A","379"
"147264","A","202"
"147273","A","272"
"147274","A","373"
"147280","A","54"
"147283","A","30"
"147292","A","175"
"147293","A","445"
"147296","A","191"
"147303","A","33"
"147304","A","188"
"147305","A","309"
"147309","A","164"
"147314","A","487"
"147317","A","223"
"147320","A","294"
"147340","A","490"
"147343","A","28"
"147346","A","33"
"147348","A","460"
"147354","A","13"
"147355","A","67"
"147357","A","466"
"147367","A","364"
"147369","A","227"
"147370","A","459"
"147377","A","87"
"147378","A","141"
"147386","A","98"
"147390","A","96"
"147392","A","439"
"147395","A","411"
"147401","A","498"
"147402","A","383"
"147405","A","387"
"147407","A","472"
"147412","A","320"
"147417","A","233"
"147419","A","280"
"147421","A","291"
"147425","A","360"
"147426","A","391"
"147434","A","146"
"147435","A","441"
"147440","A","248"
"147446","A","194"
"147447","A","366"
"147454","A","55"
"147459","A","372"
"147463","A","349"
"147465","A","398"
"147467","A","151"
"147469","A","426"
"147470","A","28"
"147474","A","147"
"147478","A","119"
"147481","A","268"
"147484","A","466"
"147487","A","237"
"147491","A","380"
"147493","A","84"
"147496","A","331"
"147501","A","244"
"147507","A","246"
"147514","A","171"
"147516","A","466"
"147520","A","237"
"147522","A","465"
"147523","A","55"
"147524","A","147"
"147532","A","359"
"147538","A","351"
"147539","A","397"
"147544","A","136"
"147546","A","341"
"147549","A","65"
"147555","A","191"
"147556","A","269"
"147558","A","333"
"147561","A","44"
"147562","A","61"
"147563","A","173"
"147566","A","180"
"147567","A","171"
"147573","A","435"
"147574","A","421"
"147588","A","311"
"147589","A","110"
"147599","A","260"
"147600","A","256"
"147608","A","156"
"147609","A","386"
"147610","A","307"
"147615","A","271"
"147617","A","209"
"147619","A","408"
"147625","A","118"
"147626","A","379"
"147628","A","293"
"147629","A","213"
"147631","A","59"
"147632","A","234"
"147642","A","64"
"147643","A","406"
"147655","A","369"
"147661","A","423"
"147668","A","396"
"147670","A","419"
"147671","A","400"
"147674","A","130"
"147676","A","367"
"147680","A","300"
"147693","A","45"
"147694","A","71"
"147709","A","155"
"147710","A","451"
"147714","A","130"
"147715","A","482"
"147716","A","131"
"147719","A","480"
"147726","A","106"
"147735","A","442"
"147743","A","476"
"147749","A","33"
"147750","A","39"
"147752","A","473"
"147753","A","381"
"147755","A","30"
"147757","A","94"
"147765","A","26"
"147767","A","236"
"147768","A","477"
"147771","A","257"
"147775","A","92"
"147779","A","491"
"147782","A","193"
"147783","A","41"
"147786","A","433"
"147787","A","59"
"147793","A","414"
"147795","A","494"
"147796","A","392"
"147801","A","167"
"147802","A","372"
"147808","A","198"
"147810","A","328"
"147816","A","14"
"147817","A","230"
"147819","A","104"
"147820","A","443"
"147831","A","210"
"147839","A","289"
"147841","A","74"
"147849","A","461"
"147854","A","452"
"147855","A","223"
"147860","A","316"
"147861","A","165"
"147864","A","80"
"147868","A","234"
"147874","A","44"
"147878","A","476"
"147880","A","345"
"147883","A","241"
"147885","A","381"
"147886","A","286"
"147891","A","247"
"147898","A","185"
"147900","A","247"
"147901","A","228"
"147903","A","113"
"147905","A","273"
"147906","A","480"
"147912","A","160"
"147917","A","63"
"147919","A","317"
"147922","A","200"
"147923","A","332"
"147927","A","450"
"147930","A","476"
"147931","A","339"
"147937","A","326"
"147938","A","77"
"147944","A","423"
"147945","A","319"
"147951","A","176"
"147956","A","274"
"147959","A","245"
"147960","A","450"
"147961","A","44"
"147966","A","433"
"147973","A","213"
"147982","A","127"
"147992","A","21"
"147994","A","257"
"147995","A","429"
"147998","A","202"
"148002","A","440"
"148011","A","172"
"148014","A","120"
"148016","A","127"
"148019","A","23"
"148021","A","426"
"148024","A","446"
"148025","A","87"
"148028","A","289"
"148031","A","42"
"148032","A","436"
"148036","A","205"
"148041","A","118"
"148042","A","125"
"148043","A","393"
"148046","A","87"
"148047","A","431"
"148053","A","180"
"148055","A","115"
"148058","A","105"
"148060","A","390"
"148061","A","393"
"148063","A","70"
"148064","A","310"
"148066","A","282"
"148068","A","25"
"148073","A","26"
"148074","A","125"
"148080","A","303"
"148087","A","35"
"148092","A","446"
"148105","A","122"
"148113","A","17"
"148114","A","190"
"148115","A","125"
"148117","A","337"
"148121","A","119"
"148123","A","272"
"148127","A","389"
"148137","A","145"
"148139","A","341"
"148141","A","350"
"148142","A","351"
"148149","A","12"
"148153","A","387"
"148157","A","224"
"148158","A","253"
"148162","A","105"
"148166","A","357"
"148168","A","243"
"148169","A","45"
"148170","A","120"
"148175","A","388"
"148176","A","45"
"148179","A","236"
"148180","A","61"
"148188","A","275"
"148203","A","14"
"148210","A","436"
"148219","A","343"
"148220","A","403"
"148221","A","293"
"148222","A","63"
"148225","A","34"
"148232","A","67"
"148241","A","286"
"148243","A","499"
"148249","A","248"
"148250","A","171"
"148254","A","179"
"148256","A","114"
"148261","A","445"
"148265","A","134"
"148273","A","136"
"148280","A","237"
"148281","A","227"
"148284","A","188"
"148285","A","137"
"148294","A","75"
"148298","A","207"
"148302","A","265"
"148308","A","76"
"148310","A","391"
"148313","A","471"
"148316","A","248"
"148318","A","98"
"148320","A","111"
"148322","A","219"
"148324","A","311"
"148326","A","80"
"148333","A","439"
"148337","A","384"
"148344","A","72"
"148349","A","290"
"148350","A","468"
"148355","A","404"
"148356","A","407"
"148366","A","84"
"148373","A","32"
"148377","A","393"
"148381","A","316"
"148387","A","223"
"148388","A","102"
"148389","A","202"
"148392","A","428"
"148393","A","233"
"148394","A","280"
"148395","A","465"
"148396","A","343"
"148408","A","259"
"148412","A","30"
"148413","A","228"
"148414","A","471"
"148417","A","290"
"148420","A","148"
"148423","A","310"
"148425","A","434"
"148430","A","459"
"148431","A","265"
"148433","A","229"
"148449","A","461"
"148455","A","209"
"148459","A","357"
"148462","A","251"
"148465","A","150"
"148470","A","223"
"148487","A","187"
"148490","A","98"
"148491","A","329"
"148494","A","208"
"148496","A","28"
"148498","A","322"
"148501","A","208"
"148503","A","79"
"148507","A","264"
"148509","A","207"
"148512","A","17"
"148516","A","215"
"148517","A","54"
"148521","A","296"
"148526","A","168"
"148552","A","352"
"148556","A","380"
"148565","A","319"
"148574","A","99"
"148577","A","289"
"148579","A","441"
"148580","A","210"
"148581","A","228"
"148582","A","421"
"148584","A","431"
"148585","A","12"
"148589","A","143"
"148590","A","173"
"148592","A","434"
"148594","A","141"
"148596","A","281"
"148597","A","244"
"148608","A","487"
"148609","A","360"
"148610","A","307"
"148611","A","185"
"148613","A","376"
"148620","A","243"
"148622","A","101"
"148627","A","45"
"148630","A","238"
"148645","A","394"
"148648","A","243"
"148654","A","235"
"148657","A","390"
"148658","A","274"
"148660","A","51"
"148664","A","464"
"148671","A","203"
"148672","A","374"
"148678","A","83"
"148683","A","156"
"148684","A","25"
"148686","A","422"
"148687","A","257"
"148690","A","200"
"148694","A","326"
"148695","A","251"
"148699","A","44"
"148704","A","147"
"148714","A","464"
"148716","A","111"
"148719","A","242"
"148722","A","246"
"148723","A","452"
"148724","A","275"
"148729","A","265"
"148733","A","347"
"148737","A","322"
"148741","A","117"
"148747","A","293"
"148748","A","164"
"148756","A","68"
"148757","A","54"
"148759","A","493"
"148760","A","324"
"148762","A","48"
"148765","A","142"
"148772","A","452"
"148777","A","357"
"148782","A","353"
"148784","A","97"
"148788","A","372"
"148795","A","235"
"148796","A","454"
"148801","A","216"
"148802","A","398"
"148807","A","103"
"148815","A","481"
"148821","A","173"
"148825","A","427"
"148828","A","70"
"148845","A","57"
"148846","A","251"
"148849","A","126"
"148850","A","424"
"148860","A","24"
"148867","A","440"
"148869","A","231"
"148871","A","468"
"148872","A","480"
"148877","A","155"
"148882","A","12"
"148885","A","56"
"148887","A","296"
"148889","A","393"
"148893","A","312"
"148895","A","165"
"148896","A","414"
"148898","A","101"
"148901","A","269"
"148903","A","193"
"148908","A","448"
"148913","A","325"
"148916","A","484"
"148926","A","438"
"148927","A","489"
"148929","A","342"
"148937","A","130"
"148938","A","339"
"148951","A","157"
"148954","A","77"
"148955","A","349"
"148956","A","53"
"148959","A","362"
"148962","A","34"
"148963","A","12"
"148965","A","22"
"148968","A","146"
"148971","A","401"
"148973","A","348"
"148974","A","424"
"148980","A","461"
"148984","A","328"
"148985","A","151"
"148995","A","415"
"149005","A","52"
"149006","A","253"
"149007","A","86"
"149014","A","57"
"149018","A","366"
"149021","A","60"
"149024","A","206"
"149028","A","433"
"149032","A","50"
"149040","A","350"
"149042","A","209"
"149047","A","88"
"149051","A","291"
"149053","A","476"
"149058","A","328"
"149080","A","295"
"149085","A","243"
"149087","A","375"
"149089","A","10"
"149094","A","146"
"149095","A","340"
"149096","A","303"
"149100","A","433"
"149109","A","423"
"149112","A","346"
"149114","A","279"
"149115","A","205"
"149116","A","85"
"149121","A","269"
"149127","A","42"
"149133","A","18"
"149138","A","214"
"149144","A","220"
"149145","A","96"
"149147","A","63"
"149150","A","181"
"149152","A","360"
"149158","A","93"
"149161","A","365"
"149165","A","281"
"149167","A","415"
"149170","A","339"
"149171","A","149"
"149173","A","166"
"149178","A","131"
"149179","A","98"
"149182","A","497"
"149184","A","136"
"149186","A","200"
"149190","A","441"
"149205","A","230"
"149210","A","432"
"149212","A","408"
"149213","A","447"
"149218","A","385"
"149219","A","497"
"149233","A","153"
"149236","A","433"
"149243","A","330"
"149248","A","18"
"149253","A","284"
"149259","A","268"
"149265","A","124"
"149268","A","300"
"149271","A","469"
"149274","A","487"
"149276","A","196"
"149283","A","430"
"149284","A","337"
"149285","A","334"
"149289","A","466"
"149299","A","279"
"149300","A","327"
"149304","A","479"
"149313","A","337"
"149337","A","494"
"149342","A","355"
"149345","A","61"
"149349","A","494"
"149361","A","496"
"149363","A","408"
"149368","A","365"
"149381","A","110"
"149382","A","43"
"149388","A","245"
"149394","A","275"
"149395","A","91"
"149396","A","479"
"149401","A","303"
"149402","A","360"
"149405","A","20"
"149406","A","397"
"149409","A","400"
"149412","A","257"
"149416","A","178"
"149422","A","160"
"149424","A","359"
"149425","A","140"
"149426","A","183"
"149433","A","159"
"149437","A","13"
"149447","A","211"
"149453","A","103"
"149456","A","248"
"149459","A","258"
"149463","A","104"
"149464","A","279"
"149471","A","439"
"149472","A","172"
"149474","A","46"
"149476","A","339"
"149479","A","322"
"149481","A","20"
"149492","A","115"
"149493","A","468"
"149496","A","394"
"149499","A","138"
"149500","A","129"
"149501","A","173"
"149502","A","228"
"149506","A","322"
"149513","A","63"
"149520","A","22"
"149529","A","352"
"149531","A","369"
"149541","A","434"
"149542","A","113"
"149545","A","82"
"149552","A","127"
"149554","A","254"
"149557","A","244"
"149561","A","315"
"149564","A","447"
"149566","A","367"
"149567","A","394"
"149571","A","151"
"149573","A","206"
"149579","A","339"
"149589","A","55"
"149596","A","168"
"149605","A","329"
"149606","A","463"
"149618","A","466"
"149620","A","259"
"149624","A","92"
"149632","A","425"
"149635","A","119"
"149636","A","424"
"149643","A","61"
"149648","A","112"
"149652","A","284"
"149654","A","91"
"149657","A","86"
"149661","A","175"
"149669","A","310"
"149671","A","461"
"149674","A","269"
"149677","A","194"
"149683","A","34"
"149685","A","319"
"149689","A","403"
"149690","A","13"
"149693","A","250"
"149694","A","351"
"149705","A","118"
"149708","A","441"
"149713","A","361"
"149723","A","329"
"149729","A","122"
"149730","A","276"
"149733","A","222"
"149734","A","430"
"149737","A","438"
"149741","A","359"
"149742","A","488"
"149743","A","11"
"149745","A","219"
"149749","A","400"
"149753","A","269"
"149755","A","126"
"149763","A","351"
"149766","A","162"
"149768","A","332"
"149769","A","178"
"149771","A","499"
"149774","A","92"
"149776","A","443"
"149779","A","152"
"149781","A","496"
"149785","A","335"
"149789","A","387"
"149794","A","187"
"149795","A","253"
"149800","A","187"
"149801","A","246"
"149802","A","384"
"149803","A","386"
"149805","A","206"
"149808","A","319"
"149810","A","149"
"149817","A","350"
"149823","A","37"
"149830","A","392"
"149832","A","499"
"149834","A","10"
"149841","A","240"
"149849","A","485"
"149850","A","317"
"149851","A","183"
"149853","A","100"
"149854","A","133"
"149855","A","349"
"149861","A","194"
"149867","A","122"
"149873","A","253"
"149876","A","274"
"149881","A","12"
"149882","A","129"
"149883","A","106"
"149888","A","368"
"149889","A","50"
"149890","A","39"
"149891","A","364"
"149893","A","51"
"149898","A","44"
"149900","A","342"
"149908","A","55"
"149909","A","379"
"149913","A","184"
"149916","A","361"
"149924","A","305"
"149925","A","414"
"149930","A","130"
"149932","A","318"
"149934","A","238"
"149936","A","73"
"149937","A","248"
"149947","A","20"
"149948","A","111"
"149950","A","111"
"149951","A","265"
"149956","A","499"
"149960","A","496"
"149963","A","208"
"149978","A","160"
"149986","A","97"
"149987","A","319"
"149990","A","345"
"149991","A","84"
"149996","A","93"
